"Document Title",Authors,"Author Affiliations","Publication Title",Date Added To Xplore,"Publication Year","Volume","Issue","Start Page","End Page","Abstract","ISSN",ISBNs,"DOI",Funding Information,PDF Link,"Author Keywords","IEEE Terms","Mesh_Terms",Article Citation Count,Patent Citation Count,"Reference Count","License",Online Date,Issue Date,"Meeting Date","Publisher",Document Identifier
"Power Distribution System Planning for Mitigating Overheating Risk Inequity","L. Rodriguez-Garcia; M. Heleno; M. Parvania","Department of Electrical and Computer Engineering, University of Utah, Salt Lake City, UT, USA; Lawrence Berkeley National Laboratory, Berkeley, CA, USA; Department of Electrical and Computer Engineering, University of Utah, Salt Lake City, UT, USA",IEEE Transactions on Power Systems,"8 Jan 2025","2025","40","1","920","932","Extreme heat events are increasingly impacting the operation of power distribution systems, causing overloads due to excessive use of air conditioning systems, forcing power utilities to take measures to avoid large-scale blackouts in a bulk transmission system, including rotating outages. However, these power outages expose communities to overheating risk as air conditioning ceases operation, which is inequitably distributed and affects vulnerable communities mainly. This paper proposes a framework to quantify and mitigate the outage-induced overheating risk during a heat wave, which corresponds to the overheating that can be avoided by utility action. The framework features a metric that captures the impact of power outages during heat waves on individual buildings, which is aggregated to derive system-level metrics to assess the resilience of a distribution grid. This metric is integrated into a distribution planning model to drive decisions on distribution grid investments in an equity-informed manner. The framework is evaluated in modified IEEE 33-node and 123-node test systems, where the ability of the framework to capture and equitably allocate distributed resources is validated, paving the way for regulatory frameworks that account for social equity impact in the power sector.","1558-0679","","10.1109/TPWRS.2024.3418651","U.S. Department of Energy(grant numbers:DE-AC02-05CH11231); ","https://ieeexplore.ieee.org/stamp/stamp.jsp?arnumber=10570202","Distributed energy resources;energy justice;power distribution planning;resource adequacy;rotating outages","Heating systems;Buildings;Planning;Power distribution;Measurement;Investment;Energy storage","","12","","43","IEEE","24 Jun 2024","Jan. 2025","","IEEE","IEEE Journals"
"Power distribution system planning with reliability modeling and optimization","Y. Tang","Siemens Power Corporation, Roswell, GA, USA",IEEE Transactions on Power Systems,"6 Aug 2002","1996","11","1","181","189","A new approach for the systemized optimization of power distribution systems is presented in this paper. Distribution system reliability is modelled in the optimization objective function via outage costs and costs of switching devices, along with the nonlinear costs of investment, maintenance and energy losses of both the substations and the feeders. The optimization model established is multi-stage, mixed-integer and nonlinear, which is solved by a network-flow programming algorithm. A multi-stage interlacing strategy and a nonlinearity iteration method are also designed. Supported by an extensive database, the planning software tool has been applied to optimize the power distribution system of a developing city.","1558-0679","","10.1109/59.486711","","https://ieeexplore.ieee.org/stamp/stamp.jsp?arnumber=486711","","Power system reliability;Power distribution;Power system planning;Power system modeling;Cost function;Investments;Maintenance;Energy loss;Substations;Design methodology","","104","1","16","IEEE","6 Aug 2002","Feb. 1996","","IEEE","IEEE Journals"
"Differentiated Reliability-Based Regional Distribution Network Planning With Probability Characteristics of PV and Load","Z. Liu; H. Liu; Z. Xu; R. Li; Y. Guo; Y. Du","School of Electrical and Information Engineering, Tianjin University, Tianjin, China; School of Electrical and Information Engineering, Tianjin University, Tianjin, China; School of Electrical and Information Engineering, Tianjin University, Tianjin, China; Henan Zhongyuan Energy Construction Engineering Company Ltd, Henan, China; State Grid Economic and Technological Research Institute, Beijing, China; State Grid Economic and Technological Research Institute, Beijing, China",IEEE Transactions on Industry Applications,"20 May 2025","2025","61","3","4613","4625","Increasing reliability demand and massive uncertain distributed PV bring new challenges to distribution network development. In this paper, a regional distribution network planning framework is proposed to consider differentiated reliability and probability characteristics of PV and load. Firstly, a robust optimization method for candidate feeder number from substations is introduced by leveraging flexible load rate. Secondly, the rotating center line algorithm is applied in load allocation optimization method. Finally, in view of nonlinear coupling relationship among the number of feeders, reliability cost, and investment, a regional distribution network planning model is formulated. Comparing to the method with fixed feeder number, numerical results demonstrate that the proposed method can divide the power supply range of feeders flexibly, while obtaining planning scheme with the balance of reliability and economy.","1939-9367","","10.1109/TIA.2025.3534163","Tianjin Municipal Science and Technology Program(grant numbers:22JCZDJC00820); ","https://ieeexplore.ieee.org/stamp/stamp.jsp?arnumber=10854892","Balance of reliability and economy;flexible load rate;regional distribution network planning","Reliability;Planning;Costs;Substations;Distribution networks;Investment;Uncertainty;Indexes;Optimization methods;Safety","","6","","23","IEEE","27 Jan 2025","May-June 2025","","IEEE","IEEE Journals"
"Information integration in computerized distribution system planning","E. . -C. Yeh; H. Tram","Automated Distribution Division, ABB Systems Control Company, Inc., Cary, NC, USA; Automated Distribution Division, ABB Systems Control Company, Inc., Cary, NC, USA",IEEE Transactions on Power Systems,"6 Aug 2002","1997","12","2","1008","1013","Electricity distribution planning automation involves a great deal of information, residing in different systems. Information sharing among these systems is essential in improving the efficiency and quality of distribution system planning. This paper presents an integrated solution for computerized distribution planning in a geographic information system (GIS) context, a synergy that magnifies the data accessibility between load forecasting and feeder planning tools, sealing the traditional gap between long-term and short-term distribution system planning. A stochastic cell-based load forecasting algorithm is first developed, followed by an optimal load allocation module, NODESIM, which spatially relates the load growth to the vector-based circuit topology from feeder planning tools. NODESIM enables the multi-year distribution system studies in a GIS context, to best assist utility planners in deciding where and when the customers will grow and how to expand the system facilities to meet the demand growth.","1558-0679","","10.1109/59.589811","","https://ieeexplore.ieee.org/stamp/stamp.jsp?arnumber=589811","","Distributed computing;Load forecasting;Geographic Information Systems;Substations;Demand forecasting;Meeting planning;Costs;Predictive models;Samarium;Automatic control","","20","","9","IEEE","6 Aug 2002","May 1997","","IEEE","IEEE Journals"
"Multi-Lateral Participants Decision-Making: A Distribution System Planning Approach With Incomplete Information Game","Y. Liu; N. Yang; B. Dong; L. Wu; J. Yan; X. Shen; C. Xing; S. Liu; Y. Huang","Hubei Provincial Collaborative Innovation Center for New Energy Microgrid, China Three Gorges University, Yichang, China; Hubei Provincial Collaborative Innovation Center for New Energy Microgrid, China Three Gorges University, Yichang, China; State Grid Huangshi Power Supply Company Maintenance Branch, Huangshi, China; Department of Electrical and Computer Engineering, Stevens Institute of Technology, Hoboken, USA; State Grid Hubei Electric Power Company, Wuhan, China; Department of Mechanical Systems Engineering, Tokyo University of Agriculture and Technology, Tokyo, Japan; 6Electric Power Research Institute, Yunnan Power Grid Company, Kunming, China; Hubei Provincial Collaborative Innovation Center for New Energy Microgrid, China Three Gorges University, Yichang, China; Hubei Provincial Collaborative Innovation Center for New Energy Microgrid, China Three Gorges University, Yichang, China",IEEE Access,"21 May 2020","2020","8","","88933","88950","Competition on distributed generation (DG) investments among multiple stakeholders in a distribution system results in incompleteness of market information, in which each stakeholder does not have full knowledge on investment and operation decisions of other participants. It leads to an incomplete information game among multiple stakeholders. This paper discusses a multi-lateral incomplete information game based approach to study distribution system planning while considering both supply and demand sides competitions. Profit models of three types of stakeholders, including DG investors (i.e., DG units are investor-owned), electricity consumers, and the distribution company, are constructed. The interaction among the stakeholders and their gaming behavior are further studied under the context of multi-lateral incomplete information. Bayesian Nash equilibrium form of the multi-lateral incomplete information game is obtained via Harsanyi transformation. An improved co-evolutionary algorithm is adopted to find the Bayesian Nash equilibrium. Simulation results on a modified IEEE 33-bus test system show that, compared with the complete information game method, the proposed approach presents higher expected profits and more accurate planning schemes. Indeed, the proposed approach reflects the realistic planning process of distribution systems under a deregulated competitive environment, and it ensures fairness of competition among self-interested independent stakeholders while guaranteeing their individual performance.","2169-3536","","10.1109/ACCESS.2020.2991181","National Natural Science Foundation of China(grant numbers:51607104); China Scholarship Council; ","https://ieeexplore.ieee.org/stamp/stamp.jsp?arnumber=9081909","Distribution system planning;multi-lateral incomplete information game;Bayesian Nash equilibrium;Harsanyi transformation;co-evolutionary algorithm","Games;Planning;Stakeholders;Capacity planning;Sociology;Statistics;Investment","","29","","40","CCBY","29 Apr 2020","2020","","IEEE","IEEE Journals"
"Robust Optimization-Based Resilient Distribution Network Planning Against Natural Disasters","W. Yuan; J. Wang; F. Qiu; C. Chen; C. Kang; B. Zeng","Department of Industrial and Management Systems Engineering, University of South Florida, Tampa, FL, USA; Energy Systems Division, Argonne National Laboratory, Lemont, IL, USA; Energy Systems Division, Argonne National Laboratory, Lemont, IL, USA; Energy Systems Division, Argonne National Laboratory, Lemont, IL, USA; State Key Laboratory of Power Systems, Tsinghua University, Beijing, China; Department of Industrial Engineering, University of Pittsburgh, Pittsburgh, PA, USA",IEEE Transactions on Smart Grid,"20 May 2017","2016","7","6","2817","2826","Natural disasters such as Hurricane Sandy can seriously disrupt the power grids. To increase the resilience of an electric distribution system against natural disasters, this paper proposes a resilient distribution network planning problem (RDNP) to coordinate the hardening and distributed generation resource allocation with the objective of minimizing the system damage. The problem is formulated as a two-stage robust optimization model. Hardening and distributed generation resource placement are considered in the distribution network planning. A multi-stage and multi-zone based uncertainty set is designed to capture the spatial and temporal dynamics of an uncertain natural disaster as an extension to the traditional N-K contingency approach. The optimal solution of the RDNP yields a resilient distribution system against natural disasters. Our computational studies on the IEEE distribution test systems validate the effectiveness of the proposed model and reveal that distributed generation is critical in increasing the resilience of a distribution system against natural disasters in the form of microgrids.","1949-3061","","10.1109/TSG.2015.2513048","U.S. Department of Energy Office of Electricity Delivery and Energy Reliability; Open Project Program of State Key Laboratory of Power System, Tsinghua University(grant numbers:SKLD14KZ04); ","https://ieeexplore.ieee.org/stamp/stamp.jsp?arnumber=7381672","Natural disaster;microgrid;robust optimization;distribution network planning;resilience;distributed generation","Planning;Robustness;Optimization;Mathematical model;Resilience;Distributed power generation;Games","","575","","33","IEEE","13 Jan 2016","Nov. 2016","","IEEE","IEEE Journals"
"Distribution Grid Impacts of Smart Electric Vehicle Charging From Different Perspectives","E. Veldman; R. A. Verzijlbergh","Asset Management Department, Enexis B.V., Hertogenbosch, The Netherlands; Energy and Industry Group, Delft University of Technology, Delft, The Netherlands",IEEE Transactions on Smart Grid,"18 Dec 2014","2015","6","1","333","342","As a consequence of the developments in electric transportation and the evolution toward smart grids, large-scale deployment of smart charging strategies for electric vehicles (EVs) becomes feasible. This leads to opportunities for different market parties to use the flexibility of EVs for various objectives that may be conflicting and result in a nonoptimal shifting of peak demands for the distribution grids. In this paper, we assess the financial impact of various EV charging strategies on distribution grids. We compare a strategy that minimizes network peak loads (from a network operators perspective) with a strategy to minimize charging costs (from the perspective of a commercial party). In a scenario with a high wind penetration in the system, the electricity prices are, for a significant part, determined by the instantaneous wind production. Therefore, we additionally study the effect of wind energy on electricity prices and, consequently, on the resulting EV load and network impacts. We obtain the network costs by calculating the impacts expressed in the net present value (NPV) of the investments costs and energy losses. We found that, in the case where EVs are basing their charge schedules on electricity prices, the increase in NPV compared with a no EV scenario was found to be 25% higher than in the case where the extra peak load due to EVs was minimized. The large difference in network impacts between the price based and network based charging strategies was only observed in the case with a high wind penetration. The results strongly suggest that the situation where EVs are controlled with a strategy to minimize charging costs that does not take the distribution grids into account may not lead to an optimal situation when the entire electricity delivery system is regarded.","1949-3061","","10.1109/TSG.2014.2355494","","https://ieeexplore.ieee.org/stamp/stamp.jsp?arnumber=6905855","Electric vehicles (EVs);load management;power distribution system planning;smart grids;Electric vehicles (EVs);load management;power distribution system planning;smart grids","Electricity;Loading;Optimization;Vehicles;Batteries;Smart grids;Energy loss","","325","","20","IEEE","19 Sep 2014","Jan. 2015","","IEEE","IEEE Journals"
"Bibliography of Power Distribution System Planning","",,IEEE Transactions on Power Apparatus and Systems,"26 Feb 2007","1983","PAS-102","6","1778","1787","This paper presents a bibliography of selected references pertaining to electrical power distribution system planning. The references selected are typical and therefore are representative of studies dealing with power distribution system planning.","0018-9510","","10.1109/TPAS.1983.317921","","https://ieeexplore.ieee.org/stamp/stamp.jsp?arnumber=4112142","","","","13","","","IEEE","26 Feb 2007","June 1983","","IEEE","IEEE Journals"
"Strategic Distribution Network Planning With Smart Grid Technologies","S. Mohtashami; D. Pudjianto; G. Strbac","Department of Electrical and Electronic Engineering, Imperial College London, London, U.K.; Department of Electrical and Electronic Engineering, Imperial College London, London, U.K.; Department of Electrical and Electronic Engineering, Imperial College London, London, U.K.",IEEE Transactions on Smart Grid,"19 Oct 2017","2017","8","6","2656","2664","This paper presents a multiyear distribution network planning optimization model for managing the operation and capacity of distribution systems with significant penetration of distributed generation (DG). The model considers investment in both traditional network and smart grid technologies, including dynamic line rating, quadrature-booster, and active network management, while optimizing the settings of network control devices and, if necessary, the curtailment of DG output taking into account its network access arrangement (firm or non-firm). A set of studies on a 33 kV real distribution network in the U.K. has been carried out to test the model. The main objective of the studies is to evaluate and compare the performance of different investment approaches, i.e., incremental and strategic investment. The studies also demonstrate the ability of the model to determine the optimal DG connection points to reduce the overall system cost. The results of the studies are discussed in this paper.","1949-3061","","10.1109/TSG.2016.2533421","","https://ieeexplore.ieee.org/stamp/stamp.jsp?arnumber=7436811","Optimal power flow;distribution network planning;smart grid","Investment;Planning;Static VAr compensators;Load modeling;Smart grids;Capacity planning;Optimization","","63","","26","IEEE","18 Mar 2016","Nov. 2017","","IEEE","IEEE Journals"
"Research on Quantifiable Target Index System of Distribution Network Planning for Energy Internet","F. Wang; B. Zhou; J. Hu; C. Ye","State Grid Hubei Electric Power Company Ltd., Wuhan, China; State Grid Hubei Electric Power Company Ltd., Wuhan, China; State Grid Hubei Electric Power Company Ltd., Wuhan, China; PowerChina Hubei Electric Engineering Company Ltd., Wuhan, China",IEEE Access,"11 Oct 2021","2021","9","","136721","136735","In order to improve the guidance and operability of the planning and construction of the distribution network, ensure the safe, reliable and stable operation of the distribution network, and enhance the sustainable development and comprehensive competitiveness of China’s power system. Taking the distribution network planning target indicators as the research object, combined with the characteristics of “energy internet”, this paper constructs a more objective and comprehensive distribution network planning target indicator system facing energy Internet from multiple dimensions. Firstly, the selection principle and application scope of the index system are determined. Secondly, for enterprises, users, equipment, load, benefits and other factors, a quantifiable distribution network planning target index system for energy Internet covering 50 indicators are constructed from the six dimensions of safety and reliability, clean and low-carbon, efficient interaction, ubiquitous interconnection, intelligent openness and economic benefits Finally, an example is given to verify the effectiveness and operability of the planning target index system.","2169-3536","","10.1109/ACCESS.2021.3117979","","https://ieeexplore.ieee.org/stamp/stamp.jsp?arnumber=9558751","Energy internet;distribution network planning;index system;clean and low carbon;economic performance","Indexes;Distribution networks;Reliability;Planning;Transformers;Voltage","","2","","24","CCBYNCND","4 Oct 2021","2021","","IEEE","IEEE Journals"
"Energy Storage in Distribution System Planning and Operation: Current Status and Outstanding Challenges","M. A. Awadallah; B. Venkatesh","Centre for Urban Energy, Ryerson University, Toronto, ON, Canada; Centre for Urban Energy, Ryerson University, Toronto, ON, Canada",Canadian Journal of Electrical and Computer Engineering,"1 Apr 2019","2019","42","1","10","19","It is no exaggeration to state that power systems presently undergo a paradigm shift. Driven by an urgent desire to mitigate the effects of global warming and a foreseen end to the world’s fossil fuel resources, an increasing tendency toward renewable energies is fostered by the international community. On the other hand, distributed generation and electric vehicle adoption are altering load nature and profile. Therefore, energy storage (ES) becomes a necessity for its ability to bridge the gap between the dynamically changing supply and demand in addition to other ancillary services it can provide. Meanwhile, advances in smart grid technologies enable escalating the incorporation of new technologies with more efficient control schemes and energy management algorithms. This paper presents an overview on the employment of ES technologies in planning and operation of distribution systems through the literature survey. The problem of sizing and siting ES units in distribution systems is first introduced. The state of the art of the technology is summarized, and some outstanding issues to be addressed through future research are highlighted.","0840-8688","","10.1109/CJECE.2018.2878321","","https://ieeexplore.ieee.org/stamp/stamp.jsp?arnumber=8678927","Distribution system operation;distribution system planning;energy storage (ES);optimization","Planning;Power systems;Generators;Energy storage;US Department of Defense;Fossil fuels;Optimization;Global warming","","26","","87","IEEE","1 Apr 2019","winter 2019","","IEEE","IEEE Journals"
"Distribution System Planning Considering Stochastic EV Penetration and V2G Behavior","X. Wang; Y. Nie; K. -W. E. Cheng","Department of Electrical Engineering, The Hong Kong Polytechnic University, Hong Kong; Power Dispatching Center, China Southern Power Grid Co., Ltd., Guangzhou, China; Department of Electrical Engineering, The Hong Kong Polytechnic University, Hong Kong",IEEE Transactions on Intelligent Transportation Systems,"31 Dec 2019","2020","21","1","149","158","The increasing integration of electric vehicles (EVs) is adding higher future potentials for the smart grid because the residual energy stored in EV batteries can be discharged to support the grid when needed. However, the stochasticity of EV user behaviors pose challenges to the regulators of distribution systems. How the regulators decide upon a control strategy for the vehicle to grid and how EV users respond to the strategy will significantly influence the variation of load profiles in the planning horizon. In this paper, a comprehensive cost analysis is performed to obtain the optimal planning scheme, considering the variation in EV penetration, charging preference, and customer damage cost. The economics and stability of the planned distribution system are assessed with real-world travel records and cost statistics to quantitatively show the effectiveness of the optimization algorithm and the importance of user behavior concern.","1558-0016","","10.1109/TITS.2018.2889885","Hong Kong Polytechnic University; ","https://ieeexplore.ieee.org/stamp/stamp.jsp?arnumber=8621612","Distribution system planning;vehicle to grid;stochastic user behavior;customer damage cost","Planning;Reliability;Vehicle-to-grid;Substations;Electric vehicle charging;Batteries;Regulators","","59","","36","IEEE","22 Jan 2019","Jan. 2020","","IEEE","IEEE Journals"
"Distribution Network Planning Towards a Low-Carbon Transition: A Spatial-Temporal Carbon Response Method","Y. Yang; J. Qiu; C. Zhang","School of Electrical and Information Engineering, The University of Sydney, Sydney, NSW, Australia; School of Electrical and Information Engineering, The University of Sydney, Sydney, NSW, Australia; School of Electrical and Information Engineering, The University of Sydney, Sydney, NSW, Australia",IEEE Transactions on Sustainable Energy,"20 Dec 2023","2024","15","1","429","442","Recently, the ambitious targets of emission reduction worldwide have triggered a new trend to focus on low-carbon planning in not only the transmission networks but also the demand-side distribution networks. The existing planning approaches aim to effectively obtain a trade-off solution between emission reduction targets and system economic benefits. In this article, the distribution system planning method with a specific emission reduction target is proposed, in which the emission target is embedded in the objective function via the exterior point method rather than considered as a constraint. Simultaneously, a spatial-temporal carbon response model is proposed, which is based on geographically dispatchable loads (GDLs) incorporating distributed data centers (DDCs) and mobile energy storage systems (MESSs). This model can be extended to further mitigate system emissions without changing the current system framework. The proposed planning method is tested on the modified IEEE 33-bus and 123-bus benchmark systems. According to the simulation results, the impact on system cost and emission results owing to specific emission reduction targets and spatial-temporal carbon response model are analyzed. The results demonstrate that the proposed model and method can achieve a reduction in emissions of more than 30% within 5% of increasing system costs. The effectiveness and scalability of the proposed model have also been verified.","1949-3037","","10.1109/TSTE.2023.3294532","Australian Research Council Research Hub(grant numbers:IH180100020); ARC Training Centre(grant numbers:IC200100023); ARC Linkage(grant numbers:LP200100056); ARC(grant numbers:DP220103881); ","https://ieeexplore.ieee.org/stamp/stamp.jsp?arnumber=10179921","Emission reduction;spatial-temporal carbon response;dispatchable loads;distribution network planning","Carbon dioxide;Costs;Generators;Substations;Load modeling;Renewable energy sources;Carbon emissions;Spatiotemporal phenomena;Distribution networks;Power distribution planning","","42","","31","IEEE","12 Jul 2023","Jan. 2024","","IEEE","IEEE Journals"
"Incorporating DSO’s Situational Awareness in Resilience-Oriented Distribution System Planning","F. Rajaei; M. A. Latify; A. Ebrahimi","Department of Electrical and Computer Engineering, Isfahan University of Technology, Isfahan, Iran; Department of Electrical and Computer Engineering, Isfahan University of Technology, Isfahan, Iran; Department of Electrical and Computer Engineering, Isfahan University of Technology, Isfahan, Iran",IEEE Transactions on Smart Grid,"21 Apr 2023","2023","14","3","1985","1997","One of the key distinctions between extreme weather events and random events in distribution systems is the level of predictability. The distribution system operator (DSO) can anticipate the upcoming extreme weather event and its effects, which is impossible in random events. Thus, the DSO can prepare the system by taking appropriate actions to tackle the upcoming event. This characteristic provides the DSO with operational situational awareness (SA) against extreme weather events. Considering this DSO’s capability in evaluating the system resilience against extreme weather events results in a more realistic resilience estimate. This paper proposes a model for resilience-oriented distribution system planning (RODP) in which the value of the DSO’s SA is considered and modeled (namely, SA-RODP). The proposed two-stage stochastic model is formulated as a mixed-integer linear programming (MILP) problem. In the first stage, hardening sections and installing emergency distributed generations (DGs), battery energy storage systems (BESSs), and automatic switches are modeled. The second stage contains the DSO’s decisions corresponding to operation scenarios. These decisions are made in two successive operation periods, namely, the preventive operation period (before the event to prepare the system) and the emergency operation period (during and after the event to mitigate the effects of the event). The DSO’s decisions in the preventive operation period are made according to each scenario, reflecting the DSO’s SA. The objective function of SA-RODP comprises the investment costs of the first stage and the expected operation cost of the second stage. The model constraints include the investment constraints and power flow and operational requirements constraints in each scenario. The model’s effectiveness is validated by several numerical simulations on the IEEE 33-bus test system. SA-RODP model simultaneously reduces the required investment cost and boosts the system resilience compared to conventional RODP frameworks in which the DSO’s SA is not considered. Further, this model increases the DSO’s capability to confront extreme weather events.","1949-3061","","10.1109/TSG.2022.3210451","","https://ieeexplore.ieee.org/stamp/stamp.jsp?arnumber=9904921","Resilience;distribution system planning;situational awareness;mixed-integer linear programming (MILP)","Meteorology;Investment;Costs;Stochastic processes;Planning;State of charge;Fault tolerance","","19","","41","IEEE","28 Sep 2022","May 2023","","IEEE","IEEE Journals"
"A Practical Urban Distribution Network Planning Method With Geographic Information System","Z. Wang; X. Shen; H. Sun; Q. Wu","Tsinghua Shenzhen International Graduate School, Tsinghua University, Shenzhen, China; Tsinghua Shenzhen International Graduate School, Tsinghua University, Shenzhen, China; Taiyuan University of Technology, Taiyuan, China; Tsinghua Shenzhen International Graduate School, Tsinghua University, Shenzhen, China",IEEE Transactions on Power Systems,"25 Oct 2024","2024","39","6","7038","7049","Urban distribution network planning (UDNP) faces new requirements and restrictions due to rapid urbanization. This paper proposes a framework for UDNP, in which the geographic information system (GIS) and a hybrid optimization model are combined to co-optimize investment and operation decisions. Firstly, we extract the street layout graph from the GIS data and produce the shortest path between distribution transformers/power substations. Then the distance matrix could be formed and used in the following UDNP optimization. The proposed hybrid optimization model utilizes 1) Clark and Wright's Savings (CWS) algorithm to produce a close-loop network topology, and 2) mixed integer linear programming (MILP) to produce the corresponding open-loop operation strategy. Case studies on an urban area in China demonstrate the effectiveness of the proposed method. The CWS algorithm improved the computation efficiency by over 1000 times compared with MILP, while introducing the shortest path for UDNP leads to a 30%+ decrease in investment compared with that of using Euclidean or Manhattan distance.","1558-0679","","10.1109/TPWRS.2024.3384534","National Key R&D Program of China(grant numbers:2020YFB0906000,2020YFB0906005); National Natural Science Foundation of China(grant numbers:52007123); Basic and Applied Basic Research Foundation of Guangdong Province(grant numbers:2022A1515240019,2023A1515240055); ","https://ieeexplore.ieee.org/stamp/stamp.jsp?arnumber=10490260","Mixed integer linear programming;geographic information system;shortest path;urban distribution network planning","Planning;Routing;Geographic information systems;Layout;Urban areas;Substations;Power cables","","10","","37","IEEE","4 Apr 2024","Nov. 2024","","IEEE","IEEE Journals"
"Bibliography of Distribution System Planning","T. Gonen; A. A. Mahmoud; H. W. Calborn","University of Missouri, Rolla, USA; Iowa State University, for System Planning Subcommittee, Power System Engineering Committee; NA",IEEE Power Engineering Review,"23 Jul 2010","1983","PER-3","6","53","53","Describes a bibliography of selected references pertaining to electrical distribution system planning. An extensive, but not necessarily complete, search has been made for the identification of papers and reports published in the open literature which describe the distribution planning methods and techniques. Emphasis is placed on references which illustrate practical as well as theoretical applications of distribution system planning techniques. The listing of the titles is subdivided into three sections, depending upon the general substance of each article. However, a title may be listed in more than one section if the paper covers material in various sections. The entries in each section are listed in alphabetical order. The last name of the first order author determines the alphabetical position. Many of the articles are available in abstract form in Science Abstracts, Section B, of the Engineering Index, and digesting or indexing periodicals, as well as in the original magazines listed. Only the more readily available foreign publications are included.","1558-1705","","10.1109/MPER.1983.5519052","","https://ieeexplore.ieee.org/stamp/stamp.jsp?arnumber=5519052","","","","1","","","IEEE","23 Jul 2010","June 1983","","IEEE","IEEE Magazines"
"A Dynamic Approach for Distribution System Planning Considering Distributed Generation","E. Naderi; H. Seifi; M. S. Sepasian","Faculty of Electrical and Computer Engineering, Tarbiat Moalem University, Tehran, Iran; Faculty of Electrical and Computer Engineering, Tarbiat Moalem University, Tehran, Iran; Power and Water Industry University, Tehran, Iran",IEEE Transactions on Power Delivery,"20 Jun 2012","2012","27","3","1313","1322","Deregulation in the power system industry and invention of new technologies for producing electrical energy have led to innovations in distribution system planning (DSP). Distributed generation (DG) is one of the most attractive technologies that brings different kinds of advantages to a wide range of entities, engaged in power systems. In this paper, a new model for considering DGs in the DSP problem is presented. In this model, an optimal power flow (OPF) is proposed to minimize capital costs for network upgrading, operation and maintenance costs, and the cost of losses for handling the load growth for the planning horizon. The term “dynamic” is used to refer to the planning over a specific period so that dynamic distribution system planning is, in fact, proposed. Besides, a modified genetic algorithm is used to find the optimal topology solution. The effectiveness of this method is demonstrated through examination on a radial distribution network.","1937-4208","","10.1109/TPWRD.2012.2194744","","https://ieeexplore.ieee.org/stamp/stamp.jsp?arnumber=6203389","Distributed generation (DG);distribution system planning (DSP);genetic algorithm (GA);optimal load flow (OPF)","Planning;Substations;Investments;Digital signal processing;Optimization;Load modeling;Power system dynamics","","152","","44","IEEE","21 May 2012","July 2012","","IEEE","IEEE Journals"
"Quantum-accelerated active distribution network planning based on coherent photonic quantum computers","Y. Xin; H. Xie; W. Fu","Department of Electrical Engineering, Xi'an Jiaotong University, Xi'an, China; Department of Electrical Engineering, Xi'an Jiaotong University, Xi'an, China; Department of Electrical Engineering, Xi'an Jiaotong University, Xi'an, China",iEnergy,"19 Jun 2025","2025","4","2","107","120","Active distribution network (ADN) planning is crucial for achieving a cost-effective transition to modern power systems, yet it poses significant challenges as the system scale increases. The advent of quantum computing offers a transformative approach to solve ADN planning. To fully leverage the potential of quantum computing, this paper proposes a photonic quantum acceleration algorithm. First, a quantum-accelerated framework for ADN planning is proposed on the basis of coherent photonic quantum computers. The ADN planning model is then formulated and decomposed into discrete master problems and continuous subproblems to facilitate the quantum optimization process. The photonic quantum-embedded adaptive alternating direction method of multipliers (PQA-ADMM) algorithm is subsequently proposed to equivalently map the discrete master problem onto a quantum-interpretable model, enabling its deployment on a photonic quantum computer. Finally, a comparative analysis with various solvers, including Gurobi, demonstrates that the proposed PQA-ADMM algorithm achieves significant speedup on the modified IEEE 33-node and IEEE 123-node systems, highlighting its effectiveness.","2771-9197","","10.23919/IEN.2025.0009","National Natural Science Foundation of China(grant numbers:52307134); Fundamental Research Funds for the Central Universities(grant numbers:xzy012025022); ","https://ieeexplore.ieee.org/stamp/stamp.jsp?arnumber=11036584","Active distribution network planning;coherent photonic quantum computer;photonic quantum-embedded adaptive ADMM algorithm;quantum computing","Quantum computing;Photonics;Planning;Computers;Optimization;Costs;Qubit;Investment;Optical fiber amplifiers;Laser pulses","","1","","40","","13 Jun 2025","June 2025","","TUP","TUP Journals"
"A Constructive Heuristic Algorithm for Distribution System Planning","M. Lavorato; M. J. Rider; A. V. Garcia; R. Romero","Department of Electrical Energy Systems, State University of Campinas-UNICAMP, Sao Paulo, Brazil; Department of Electrical Energy Systems, State University of Campinas-UNICAMP, Sao Paulo, Brazil; Department of Electrical Energy Systems, State University of Campinas-UNICAMP, Sao Paulo, Brazil; Faculdade de Engenharia de Ilha Solteira, Departamento de Engenharia Elétrica, UNESP-Universidade Estadual Paulista, Sao Paulo, Brazil",IEEE Transactions on Power Systems,"19 Jul 2010","2010","25","3","1734","1742","A constructive heuristic algorithm (CHA) to solve distribution system planning (DSP) problem is presented. The DSP is a very complex mixed binary nonlinear programming problem. A CHA is aimed at obtaining an excellent quality solution for the DSP problem. However, a local improvement phase and a branching technique were implemented in the CHA to improve its solution. In each step of the CHA, a sensitivity index is used to add a circuit or a substation to the distribution system. This sensitivity index is obtained by solving the DSP problem considering the numbers of circuits and substations to be added as continuous variables (relaxed problem). The relaxed problem is a large and complex nonlinear programming and was solved through an efficient nonlinear optimization solver. Results of two tests systems and one real distribution system are presented in this paper in order to show the ability of the proposed algorithm.","1558-0679","","10.1109/TPWRS.2009.2038164","","https://ieeexplore.ieee.org/stamp/stamp.jsp?arnumber=5405021","AMPL;constructive heuristic algorithm;distribution system planning;KNITRO;mixed binary nonlinear programming;power systems optimization","Heuristic algorithms;Substations;Circuits;Costs;Digital signal processing;Reactive power;Power system planning;Load flow;Voltage;Power system reliability","","100","","26","IEEE","2 Feb 2010","Aug. 2010","","IEEE","IEEE Journals"
"Deregulated Distribution System Planning - Incremental Capacity Auction Mechanism With Transactive DERs","A. A. Mohamed; C. Sabillon; A. Golriz; M. Lavorato; M. J. Rider; B. Venkatesh","Cairo University, Cairo, Egypt; University Loyola Andalucia, Seville, Spain; IESO, Toronto, Canada; Pontifical Catholic University of Campinas, Campinas, Brazil; University of Campinas, Campinas, Brazil; Department of Electrical and Computer Engineering, Ryerson University, Toronto, Canada",IEEE Transactions on Power Delivery,"23 Nov 2022","2022","37","6","4515","4526","High penetrations of distributed energy resources (DERs) are driving the transformation of traditional distribution networks into transactive energy distribution systems (TEDS). TEDS depart from conventional distribution system constructs to 1) enable a local distribution operator to maximize social welfare, 2) enable peer-to-peer energy transactions, 3) extract maximum participation and benefits from DERs, 4) usher in competition in the distribution sector to supply electricity via DERs, and 5) hold the potential for a lower asset cost solution, greater customer choice, and higher reliability. The conventional distribution system planning is inadequate for this purpose. Following the new TEDS paradigm, an incremental capacity auction (ICA) is proposed in this paper considering: 1) bids for power capacity from all energy sources (DERs and transmission), 2) bids for network asset upgrades from equipment vendors, and 3) bids from new loads. A holistic auction settlement procedure is developed for the proposed ICA mechanism that can concurrently determine the optimal power capacity to be procured and network asset upgrading, while maximizing social welfare. Further, locational marginal price for power capacity demand is estimated as a by-product of the ICA solution. Benefits are demonstrated via case studies and include increased participation of DERs to supply energy, maximizing the social welfare, and enabling assets deferral considering the available local resources.","1937-4208","","10.1109/TPWRD.2022.3150256","Independent Electricity System Operator; Center for Urban Energy, Ryerson University; ","https://ieeexplore.ieee.org/stamp/stamp.jsp?arnumber=9709661","Distribution system planning;incremental capacity market;transactive energy system","Transactive energy;Costs;Substations;Capacity planning;Peer-to-peer computing;Power distribution planning","","3","","23","IEEE","10 Feb 2022","Dec. 2022","","IEEE","IEEE Journals"
"Multistage Active Distribution Network Planning With Restricted Operation Scenario Selection","L. Zhao; Y. Huang; Q. Dai; L. Yang; F. Chen; L. Wang; K. Sun; J. Huang; Z. Lin","School of Electrical Engineering, Zhejiang University, Hangzhou, China; School of Electrical Engineering, Zhejiang University, Hangzhou, China; School of Electrical Engineering, Zhejiang University, Hangzhou, China; School of Electrical Engineering, Zhejiang University, Hangzhou, China; State Grid Zhejiang Economic Research Institute, Hangzhou, China; State Grid Zhejiang Economic Research Institute, Hangzhou, China; State Grid Zhejiang Electric Power Company Ltd., Hangzhou, China; State Grid Zhejiang Economic Research Institute, Hangzhou, China; School of Electrical Engineering, Zhejiang University, Hangzhou, China",IEEE Access,"5 Sep 2019","2019","7","","121067","121080","With the development of active distribution networks (ADNs), more uncertainties need to be considered in distribution network planning (DNP), which increases the difficulties in scenario selection. Given this background, a multi-stage bi-level DNP model is proposed considering coordinated operation of distributed generation (DG), energy storage system (ESS) and controllable load (CL). In this model, a novel selection strategy for restricted operation scenarios based on the shadow price is proposed to reduce the complexity of scenario selection and ease the computational burden substantially in virtue of the decoupling of ADN operation and planning. A set consisting of restricted operation scenarios is simulated as an information feedback from operators to planners. The active distribution network planning (ADNP) model is aimed to minimize the total cost of feeder investments, ESS investments, and the additional operation costs caused by severely constrained network resources. The decision variables include the location and type selections of feeders, and the siting, power and capacity of ESSs at each stage of a given planning horizon. An extended IEEE 33-node distribution system and an actual 62-node distribution system in Zhejiang, China are serviced to verify the proposed model. The results show that the proposed ADNP model can effectively select out the restricted operation scenarios and achieve an optimal ADNP scheme by balancing non-network solutions and network solutions.","2169-3536","","10.1109/ACCESS.2019.2936936","Science and Technology Foundation of State Grid Corporation of China(grant numbers:5211JY17000L); National Natural Science Foundation of China(grant numbers:51777185); Natural Science Foundation of Zhejiang Province(grant numbers:LY17E070003); ","https://ieeexplore.ieee.org/stamp/stamp.jsp?arnumber=8809769","Active distribution network planning;multistage planning;restricted operation scenarios;shadow price;bi-level programming","Planning;Investment;Uncertainty;Indexes;Load modeling;Optimization;Energy storage","","14","","58","CCBY","22 Aug 2019","2019","","IEEE","IEEE Journals"
"The economic aspect of reliability in distribution system planning","G. Kjolle; L. Rolfseng; E. Dahl","The Norwegian Research Institute of Electricity Supply (EFI), Trondheim, Norway; The Norwegian Research Institute of Electricity Supply (EFI), Trondheim, Norway; Norwegian Water Resources and Electricity Board, Oslo, Norway",IEEE Transactions on Power Delivery,"6 Aug 2002","1990","5","2","1153","1157","A distribution system planning procedure to handle reliability not only as an important type of analysis but as an integrated part of the cost minimization problem is described. The reliability is described as an operating cost by evaluating the cost of nondelivered power (NDP) and nondelivered energy (NDE). Reported case studies show that the economic assessment of reliability is of great importance in distribution system automation and design. The case studies show that the cost of outages tends to dominate the total costs even when the specific costs of outages (NDP/NDE) are quite low. Distribution planning studies also reveal that uncertain outage cost premises may be investigated and compensated by sensitivity analyses, helping the planner to achieve a safer design strategy. In case of costs of outages, the planning approach described makes it possible to establish a level of distribution system reliability that balances private and socio-economic cost/benefit criteria.<>","1937-4208","","10.1109/61.53134","","https://ieeexplore.ieee.org/stamp/stamp.jsp?arnumber=53134","","Costs;Power system reliability;Power system planning;Maintenance;Investments;Propagation losses;Power generation economics;Environmental economics;Meeting planning;Strategic planning","","22","","1","IEEE","6 Aug 2002","April 1990","","IEEE","IEEE Journals"
"New approximate optimization method for distribution system planning","K. Aoki; K. Nara; T. Satoh; M. Kitagawa; K. Yamanaka","Faculty of Engineering, Hiroshima University, Higashihiroshima, Japan; Faculty of Engineering, Hiroshima University, Higashihiroshima, Japan; Faculty of Engineering, Hiroshima University, Higashihiroshima, Japan; Chugoku Electric Power Company, Inc., Hiroshima, Japan; Chugoku Electric Power Company, Inc., Hiroshima, Japan",IEEE Transactions on Power Systems,"6 Aug 2002","1990","5","1","126","132","An algorithm to obtain an approximate optimal solution to the problem of large-scale radial distribution system planning is proposed. The distribution planning problem is formulated as a MIP (mixed integer programming) problem. The set of constraints is reduced to a set of continuous variable linear equations by using the fact that the basis of the simplex tableau consists of the power flow variables of radial branch. This linear problem is solved by pivot operations which correspond to a branch-exchange of the radial network. Numerical examples are presented to demonstrate the validity and effectiveness of the algorithm.<>","1558-0679","","10.1109/59.49096","","https://ieeexplore.ieee.org/stamp/stamp.jsp?arnumber=49096","","Optimization methods;Costs;Power system planning;Linear programming;Large-scale systems;Power system modeling;Chapters;Load flow;Mathematical programming;Voltage","","94","","8","IEEE","6 Aug 2002","Feb. 1990","","IEEE","IEEE Journals"
"An integrated distributed generation optimization model for distribution system planning","W. El-Khattam; Y. G. Hegazy; M. M. A. Salama","Electrical and Computer Engineering Department, University of Waterloo, Waterloo, ONT, Canada; Electrical and Computer Engineering Department, University of Waterloo, Waterloo, ONT, Canada; Electrical and Computer Engineering Department, University of Waterloo, Waterloo, ONT, Canada",IEEE Transactions on Power Systems,"2 May 2005","2005","20","2","1158","1165","This paper proposes a new integrated model for solving the distribution system planning (DSP) problem by implementing distributed generation (DG) as an attractive option in distribution utilities territories. The proposed model integrates a comprehensive optimization model and planner's experience to achieve optimal sizing and siting of distributed generation. This model aims to minimize DG's investment and operating costs, total payments toward compensating for system losses along the planning period, as well as different costs according to the available alternative scenarios. These scenarios vary from expanding of an existing substation and adding new feeders to purchasing power from an existing intertie to meet the load demand growth. Binary decision variables are employed in the proposed optimization model to provide accurate planning decisions. The present worth analysis of different scenarios is carried out to estimate the feasibility of introducing DG as a key element in solving the DSP problem.","1558-0679","","10.1109/TPWRS.2005.846114","","https://ieeexplore.ieee.org/stamp/stamp.jsp?arnumber=1425616","Distributed generation (DG);distribution system planning (DSP);economic analysis","Distributed control;Substations;Costs;Power system planning;Digital signal processing;Power generation economics;Economic forecasting;Investments;Voltage transformers;Environmental economics","","405","","17","IEEE","2 May 2005","May 2005","","IEEE","IEEE Journals"
"Distribution System Planning With Incorporating DG Reactive Capability and System Uncertainties","K. Zou; A. P. Agalgaonkar; K. M. Muttaqi; S. Perera","Endeavour Energy Power Quality and Reliability Centre, School of Electrical, Computer and Telecommunications Engineering, University of Wollongong, Wollongong, NSW, Australia; Endeavour Energy Power Quality and Reliability Centre, School of Electrical, Computer and Telecommunications Engineering, University of Wollongong, Wollongong, NSW, Australia; Endeavour Energy Power Quality and Reliability Centre, School of Electrical, Computer and Telecommunications Engineering, University of Wollongong, Wollongong, NSW, Australia; Endeavour Energy Power Quality and Reliability Centre, School of Electrical, Computer and Telecommunications Engineering, University of Wollongong, Wollongong, NSW, Australia",IEEE Transactions on Sustainable Energy,"15 Dec 2011","2012","3","1","112","123","Distributed generation (DG) systems are considered an integral part in future distribution system planning. The active and reactive power injections from DG units, typically installed close to the load centers, are seen as a cost-effective solution for distribution system voltage support, energy saving, and reliability improvement. This paper proposes a novel distribution system expansion planning strategy encompassing renewable DG systems with schedulable and intermittent power generation patterns. The reactive capability limits of different renewable DG systems covering wind, solar photovoltaic, and biomass-based generation units are included in the planning model and the system uncertainties such as load demand, wind speed, and solar radiation are also accounted using probabilistic models. The problem of distribution system planning with renewable DG is formulated as constrained mixed integer nonlinear programming, wherein the total cost will be minimized with optimal allocation of various renewable DG systems. A solution algorithm integrating TRIBE particle swarm optimization (TRIBE PSO) and ordinal optimization (OO) is developed to effectively obtain optimal and near-optimal solutions for system planners. TRIBE PSO, OO, and the proposed algorithm are applied to a practical test system and results are compared and presented.","1949-3037","","10.1109/TSTE.2011.2166281","","https://ieeexplore.ieee.org/stamp/stamp.jsp?arnumber=6102294","Optimization;power distribution planning;reactive power;solar power generation;wind power generation","Planning;Uncertainty;Solar radiation;Wind speed;Reactive power;Biomass;Load modeling","","319","","34","IEEE","15 Dec 2011","Jan. 2012","","IEEE","IEEE Journals"
"Resilient Distribution Network Planning Against Dynamic Malicious Power Injection Attacks","H. Sasahara; T. Yamada; J. -i. Imura; H. Sandberg","Department of Information Physics and Computing, Graduate School of Information Science and Technology, The University of Tokyo, Tokyo, Japan; Department of Systems and Control Engineering, School of Engineering, Institute of Science Tokyo, Tokyo, Japan; Department of Systems and Control Engineering, School of Engineering, Institute of Science Tokyo, Tokyo, Japan; Division of Decision and Control Systems, KTH Royal Institute of Technology, Stockholm, Sweden",IEEE Transactions on Control of Network Systems,"19 Mar 2026","2026","13","1","449","461","Active distribution networks facilitating bidirectional power exchange with renewable energy resources are susceptible to cyberattacks due to the integration of a diverse array of cyber components. This study introduces a grid-level defense strategy aimed at enhancing attack resiliency based on distribution network planning. Our proposed framework imposes a security requirement into existing planning methodologies, ensuring that voltage deviation from its rated value remains within a tolerable range against dynamically and maliciously injected power at end-user nodes. Unfortunately, the formulated problem in its original form is intractable because it is an infinite-dimensional bilevel optimization problem over a function space. To address this complexity, we develop an equivalent transformation into a tractable form as a mixed-integer linear program leveraging linear dynamical system theory and graph theory. Notably, our investigation reveals that the severity of potential attacks hinges solely on the cumulative reactances over the path from the substation to the targeted node, thereby reducing the problem to a finite-dimensional problem. Further, the bilevel optimization problem is reduced to a single-level optimization problem by using a technique utilized in solving the shortest path problem. Through extensive numerical simulations conducted on a 54-node distribution network benchmark, our proposed methodology exhibits a noteworthy 29.3% enhancement in the resiliency, with a mere 2.1% uptick in the economic cost.","2325-5870","","10.1109/TCNS.2025.3648474","JSPS KAKENHI(grant numbers:JP24K17296); Vetenskapsrådet(grant numbers:2023-04770); Swedish Civil Contingencies Agency(grant numbers:2024-17453); ","https://ieeexplore.ieee.org/stamp/stamp.jsp?arnumber=11316216","Distribution network planning;power injection attack;resilient distribution systems","Planning;Distribution networks;Resilience;Optimization;Computer crime;Inverters;Substations;Power system stability;Network systems;Numerical simulation","","","","62","IEEE","25 Dec 2025","March 2026","","IEEE","IEEE Journals"
"Multi-Period Active Distribution Network Planning Using Multi-Stage Stochastic Programming and Nested Decomposition by SDDIP","T. Ding; M. Qu; C. Huang; Z. Wang; P. Du; M. Shahidehpour","Department of Electrical Engineering, Xi'an Jiaotong University, Xi'an, China; Department of Electrical Engineering, Xi'an Jiaotong University, Xi'an, China; Lawrence Livermore National Laboratory, Livermore, CA, USA; Department of Electrical Engineering, Xi'an Jiaotong University, Xi'an, China; Electric Reliability Council of Texas, Austin, TX, USA; ECE Department, Illinois Institute of Technology, Chicago, IL, USA",IEEE Transactions on Power Systems,"19 Apr 2021","2021","36","3","2281","2292","This paper presents a multi-period active distribution network planning (ADNP) with distributed generation (DG). The objective of the proposed ADNP is to minimize the total planning cost, subject to both investment and operation constraints. The paper proposes a multi-stage stochastic optimization model to address DG uncertainties over several periods, in which the decisions are made sequentially by only using the present-stage information. A nested decomposition method is proposed which applies the stochastic dual dynamic integer programming (SDDIP) method to address computational intractabilities of the proposed ADNP approach. The presented numerical results and discussions on a 33-bus distribution system and a large-scale 906-bus system verify the effectiveness of the proposed ADNP method and its solution method.","1558-0679","","10.1109/TPWRS.2020.3032830","National Key Research and Development Program of China(grant numbers:2016YFB0901900); National Natural Science Foundation of China(grant numbers:51977166); China Postdoctoral Science Foundation(grant numbers:2017T100748); Natural Science Foundation of Shaanxi Province(grant numbers:2020KW-022); U.S. Department of Energy by Lawrence Livermore National Laboratory(grant numbers:DE-AC52-07NA27344,LLNL-JRNL-815905); ","https://ieeexplore.ieee.org/stamp/stamp.jsp?arnumber=9234713","Distribution network planning;uncertainty;distributed energy resources;multi-stage stochastic programming","Planning;Uncertainty;Stochastic processes;Load modeling;Substations;Programming;Investment","","69","","53","IEEE","21 Oct 2020","May 2021","","IEEE","IEEE Journals"
"Bi-level stochastic optimization in distribution network planning: Decision-dependent distributionally robust joint chance constrained for uncertainty handling","J. Yang; Y. Xu; H. Sun","Institute of Data and Information, Shenzhen International Graduate School; Institute of Data and Information, Shenzhen International Graduate School; The State Key Laboratory of Power Systems, Department of Electrical Engineering, Tsinghua University, Beijing 100084, China",CSEE Journal of Power and Energy Systems,"","2026","PP","99","1","12","Heterogeneous distribution energy resources, such as renewable energy sources and electric vehicles (EVs) impose prominent challenges to active distribution network planning. This paper proposes a bi-level stochastic optimization framework that enables the coordinated optimization of renewable generation, flexible loads, grid capacity, and energy storage through an EV integration mechanism with rejection sets. A mixed-integer non-linear programming model is constructed to minimize total planning costs under technical and operational constraints, where upper-level investment decisions are coupled with lower-level operations. For the long-short term uncertainties in EV demand and renewable energy output, a scenario-based decision-dependent distributionally robust joint chance-constrained approach is employed for effective characterization. Finally, the proposed bi-level model is transformed into a single-level optimization problem via linearization, significantly reducing computational complexity. Simulation results on the 25-node system, IEEE 141 and IEEE 300 system demonstrate that the proposed approach significantly reduces the total planning cost and alleviates voltage violations and line congestion, while maintaining computational scalability.","3066-9308","","10.17775/CSEEJPES.2026.01200","","https://ieeexplore.ieee.org/stamp/stamp.jsp?arnumber=11679978","distribution network planning;electric vehicle integration;uncertainties;decision-dependent;distributionally robust joint chance constrained","Costing;Costs;Modeling;Planning;Optimization;Energy;Uncertainty;Renewable Portfolio Standard;Timing;Voltage","","","","","","4 Sep 2026","","","CSEE","CSEE Early Access Articles"
"Optimization Technique Based Distribution Network Planning Incorporating Intermittent Renewable Energy Sources","S. Sannigrahi; P. Acharjee","Department of Electrical Engineering, NIT Durgapur, West Bengal, India; Department of Electrical Engineering, NIT Durgapur, West Bengal, India",Intelligent Renewable Energy Systems: Integrating Artificial Intelligence Techniques and Optimization Algorithms,"","2022","","","199","241","Summary <p>In the circumstances of rapid load growth, the Distribution Company must undertake an appropriate strategy for distribution network planning so that customers can be supplied with an uninterrupted and superior power. Accordingly, a planning strategy is adopted in this chapter for distribution network considering the integration of renewable sources. As renewable sources cause bi‐directional power flows and voltage limits violation, network reconfiguration technology is also utilized in this study to solve the afore‐mentioned issues of the network. The key aim of the network planning is maximizing the potential benefits of Distribution Company by enhancing bus voltage, maximizing economic benefit and reducing emission. To address these technical, economic and environmental issues, different logical indexes such as system voltage enhancement index (SVEI), economic feasibility index (EFI) and emission cost reduction index (ECRI) are formulated. Since the values of these objectives are in different ranges, it will be difficult to choose appropriate values of weighting factor to formulate single–objective problem from multi‐objective problem. To solve the issue, fuzzy logic is utilized in this chapter, which can bring the objective functions between 0 and 1 using the membership functions. In this chapter, instead of the traditional single‐level planning model where all the planning investment are made at the beginning of the planning period, a multi‐stage planning model is developed to divide the planning horizon into several stages so that the planning investments can be made in each planning stage according to the need. Therefore, cost‐effective planning solutions can be obtained. Moreover, the uncertainty of wind turbine system is taken into account and it is modeled using Weibull probability distribution function. In addition, the time‐varying characteristics of different types of loads are also taken to account and unlike the traditional load flow method, a voltage‐dependent load flow technique is applied for a realistic system planning. Furthermore, the discrete version of rooted tree optimization technique (DRTO) is utilized here to solve the planning problem and its effectiveness is proved by comparing with other standard techniques based on convergence characteristic, solution quality, simulation time, failure rate and Wilcoxon signed rank test. Moreover, regarding the distribution network planning, various planning cases are taken into account to find out the most suitable one for practical implementation.</p>","","9781119786290","10.1002/9781119786306.ch8","","https://ieeexplore.ieee.org/xpl/ebooks/bookPdfWithBanner.jsp?fileName=10953624.pdf&bkn=10950299&pdfType=chapter","","Planning;Distribution networks;Renewable energy sources;Investment;Optimization;Load flow;Companies;Load modeling;Voltage;Costs","","","","","","8 Apr 2025","","","Wiley","Wiley AI eBook Chapters"
"A Practical Large-Scale Distribution Network Planning Model Based on Elite Ant-Q","Z. Wang; D. Lin; G. Zeng; T. Yu","School of Electric Power, South China University of Technology, Guangzhou, China; School of Electric Power, South China University of Technology, Guangzhou, China; School of Electric Power, South China University of Technology, Guangzhou, China; School of Electric Power, South China University of Technology, Guangzhou, China",IEEE Access,"6 Apr 2020","2020","8","","58912","58922","In order to effectively apply the detailed geographic and load information provided by digital technology, this paper proposes a practical double-Q planning model for large-scale medium voltage distribution network. Meanwhile, a coding method and an elite Ant-Q algorithm(EAQ) suitable for solving the model in this paper are proposed. Based on the basic characteristics of the medium voltage distribution network, the components in the distribution network are abstracted into nodes and branches in the graph theory. A variety of practical issue, such as cost parameters (investments, maintenance, reliability) and technical constraints (feeder capacity constraints, number constraints of substation feeder), as well as road network constraints and connection mode constraints are taken into consideration. In addition, the storage of road network matrix information, reliability evaluation algorithm and model solving algorithm are suitable for large-scale distribution network. Finally, the proposed model and algorithm are applied to a business area to be planned in Guangzhou, which verifies the effectiveness of the proposed model and algorithm.","2169-3536","","10.1109/ACCESS.2020.2981825","National Natural Science Foundation of China(grant numbers:51777078); Science and Technology Project of China Southern Power Grid Company(grant numbers:GDKJXM20172942); Key Projects of Basic Research and Applied Basic Research of General Colleges and Universities in Guangdong Province(grant numbers:2018KZDXM001); ","https://ieeexplore.ieee.org/stamp/stamp.jsp?arnumber=9040513","Large-scale distribution network planning;double-Q planning;EAQ;sequence coding;shortest path method;closed loop design","Planning;Distribution networks;Roads;Reliability;Substations;Load modeling;Investment","","20","","29","CCBY","18 Mar 2020","2020","","IEEE","IEEE Journals"
"Individual Nonparametric Load Estimation Model for Power Distribution Network Planning","N. Ding; Y. Bésanger; F. Wurtz; G. Antoine","GIE-IDEA, Saint-Martin-d'Heres, France; Laboratory of Electronic and Electrical Engineering in Grenoble, Saint-Martin-d'Heres, France; Laboratory of Electronic and Electrical Engineering in Grenoble, Saint-Martin-d'Heres, France; Research and Development Division, EDF, Clamart, France",IEEE Transactions on Industrial Informatics,"16 Aug 2013","2013","9","3","1578","1587","In this paper, we tackle client load estimation in a smart grid network. For that purpose, we propose an individual model based on nonparametric estimators. The model is designed for power estimations for use in network planning. Completely data-driven, the proposed methodology can be applied to both thermosensitive and nonthermosensitive clients. Real measurements collected in French distribution systems are used to validate our methodology. The proposed approach produces more reliable estimation results than the current model (termed BAGHEERA in this paper) of the French electricity company EDF does on the same data.","1941-0050","","10.1109/TII.2013.2261079","","https://ieeexplore.ieee.org/stamp/stamp.jsp?arnumber=6512037","Distribution network planning;estimation model;individual load;kernel estimator;nonparametric method;smart grid;statistical technique","Load modeling;Estimation;Planning;Kernel;Electricity;Smoothing methods;Temperature distribution","","14","","35","IEEE","1 May 2013","Aug. 2013","","IEEE","IEEE Journals"
"Distribution System Planning","A. A. Sallam; O. P. Malik","Suez Canal University, Egypt; NA",Electric Distribution Systems,"","2019","","","23","39","The main steps of electric distribution system planning can be depicted by the flow chart. The flow chart starts with identifying the system capacity to enable the planner to model the network loading and performance and identify system inadequacies and constraints. The planning process depends mainly on the factors such as demand forecast, planning policy, condition monitoring (CM), and reliability standards. This chapter summarizes the planning objectives of the distribution system. Distribution losses are inevitable consequences of distributing energy between the zone substations and consumers. Losses in distribution networks can be broken down into technical losses and non‐technical losses. The planners should think about the available solutions that can be applied to modify the distribution network installations to meet the load growth in the next 3 to 5 years. The solutions can be classified into two types: network solutions and nonnetwork solutions.","","9781119509301","10.1002/9781119509332.ch3","","https://ieeexplore.ieee.org/xpl/ebooks/bookPdfWithBanner.jsp?fileName=8538847.pdf&bkn=8538803&pdfType=chapter","","Planning;Maintenance engineering;Standards;Reliability;Monitoring;Asset management;Investment","","","","","","19 Nov 2018","","","IEEE","Wiley-IEEE Press eBook Chapters"
"Risk-Based Active Distribution System Planning for Resilience Against Extreme Weather Events","A. Poudyal; S. Poudel; A. Dubey","EECS, Washington State University, Pullman, WA, USA; Pacific Northwest National Laboratory, Richland, WA, USA; EECS, Washington State University, Pullman, WA, USA",IEEE Transactions on Sustainable Energy,"22 Mar 2023","2023","14","2","1178","1192","Enhancing the resilience of power distribution systems to extreme weather events is of critical concern. Upgrading the distribution system infrastructure by system hardening and investing in smart grid technologies effectively enhances grid resilience. Existing distribution system planning methods primarily consider the persistent cost of the expected events (such as faults and outages likely to occur) and aim at improving system reliability. The resilience to extreme weather events requires reducing the impacts of the high impact low probability (HILP) events that are characterized by the tail probability of the event impact distribution. Thus, the resilience-oriented system upgrades solutions need to be driven by the risks imposed by extreme weather events on the power grid infrastructure rather than persistent costs. This paper aims to develop a risk-based approach for the long-term resilience planning of active power distribution systems against extreme weather events. The proposed approach explicitly models (1) the impacts of HILP events using a two-stage risk-averse stochastic optimization framework, thus, explicitly incorporating the risks of HILP events in long-term planning decisions, and (2) the advanced distribution grid operations (in the aftermath of the event) such as intentional islanding into infrastructure planning problem. The inclusion of risk in the planning objective provides additional flexibility to the grid planners to analyze the trade-off between risk-neutral and risk-averse planning strategies.","1949-3037","","10.1109/TSTE.2022.3220561","National Science Foundation(grant numbers:1944142); ","https://ieeexplore.ieee.org/stamp/stamp.jsp?arnumber=9942328","Conditional value-at-risk;long-term planning;power distribution resilience;stochastic optimization","Climate change;Costs;Stochastic processes;Resilience;Optimization;Meteorology;Power distribution","","85","","49","IEEE","8 Nov 2022","April 2023","","IEEE","IEEE Journals"
"Toward Optimal Active Distribution Network Planning: A Critical Review of Conductor Size Selection Methods","L. Waswa; M. J. Chihota; B. Bekker","Department of Electrical Engineering, Stellenbosch University, Stellenbosch, South Africa; Department of Electrical Engineering, Stellenbosch University, Stellenbosch, South Africa; Department of Electrical Engineering, Stellenbosch University, Stellenbosch, South Africa",IEEE Access,"27 Dec 2023","2023","11","","144812","144830","Conductor size selection (CSS) is critical for the optimal design and operation of distribution networks. CSS, like other aspects of network planning, has become increasingly sophisticated as the prevalence of distributed energy resources (DERs) increases. This complexity is linked to DER operational and planning uncertainties, which often exacerbate network issues. Increased uncertainty and uncontrolled DER penetration can result in increased conductor loading and extreme voltage performance concerns (rise, drop, and unbalance) that lower the quality of supply (QoS). Traditional CSS techniques, which were developed for passive systems, do not take DERs into account. Therefore, continued application of these methodologies in CSS for modern networks is untenable. As a result, the shift towards active network design and planning requires new CSS techniques that can enhance the adoption of DERs and facilitate optimal long-term network planning. This paper presents a review of CSS methodologies, focusing on the advances made to accommodate DERs, particularly the adaptation of modeling processes to cater to DER planning and operational uncertainties, and its impacts on other key aspects of CSS. Key CSS processes, including the choice of the CSS objectives, input (loads, generation, and feeder) modeling, load flow assessment, optimization, as well as the incorporation of risk in DER analysis are discussed. Informed by the review, the paper scopes the requirements for a robust CSS methodology for active networks with high DER penetration. The findings of the paper are relevant to future research in the field of active distribution network design with a focus on optimizing the integration and utilization of DERs and the related technical performance of networks.","2169-3536","","10.1109/ACCESS.2023.3344489","Centre for Renewable and Sustainable Energy Studies; ","https://ieeexplore.ieee.org/stamp/stamp.jsp?arnumber=10365167","Conductor size selection;distributed energy resources;network planning","Load modeling;Conductors;Planning;Uncertainty;Computational modeling;Loading;Distribution networks;Distributed power generation;Network resource management","","12","","152","CCBYNCND","18 Dec 2023","2023","","IEEE","IEEE Journals"
"An optimal expansion planning of electric distribution network incorporating health index and non-network solutions","L. Zhou; W. Sheng; W. Liu; Z. Ma","Distribution System Department, China Electric Power Research Institute, Beijing, China; Distribution System Department, China Electric Power Research Institute, Beijing, China; Distribution System Department, China Electric Power Research Institute, Beijing, China; School of Electrical Engineering, Shandong University, Jinan, China",CSEE Journal of Power and Energy Systems,"6 Aug 2020","2020","6","3","681","692","The health status of distribution equipment and networks is not considered directly in existing distribution network planning methods. In order to effectively consider the health status and deal with the risk associated with load and renewable generation uncertainties, this paper presents a new optimal expansion planning approach for distribution network (EPADN) incorporating equipment's health index (HI) and non-network solutions (NNSs). HI and relevant risk are used to help develop the optimal equipment replacement strategy and temporary NNSs are considered as promising options for handling the uncertainties of load growth, reliability requirements of power supply and output of distributed energy resources (DERs) at a lower cost than network alternatives. An EPADN model using network solutions (NSs) and NNSs is proposed. The planning objectives of the proposed model are safety, reliability, economy, and ‘greenness’ that are also the meaning of distribution network HI. A method integrating an improved niche genetic algorithm (INGA) and a spanning tree algorithm (STA) is fitted to solve the model presented here for real sized networks with a manageable computational cost. Simulation results of an actual 22-node distribution network in China, illustrate the effectiveness of the proposed approach.","3066-9308","","10.17775/CSEEJPES.2018.01230","","https://ieeexplore.ieee.org/stamp/stamp.jsp?arnumber=8712465","Demand response;distributed generation;distribution network planning;health index theory;reliability of power supply","Planning;Reliability;Uncertainty;Investment;Power supplies;Artificial neural networks;Aging","","13","","","","13 May 2019","Sept. 2020","","CSEE","CSEE Journals"
"Collaborative Optimization Planning Method for Distribution Network Considering “Hydropower, Photovoltaic, Storage, and Charging”","J. Liao; J. Lin; G. Wu; S. Lai","Economic Technology Research Institute, State Grid Fujian Electric Power Company Ltd., Fuzhou, China; State Grid Fujian Electric Power Company Ltd., Fuzhou, China; Economic Technology Research Institute, State Grid Fujian Electric Power Company Ltd., Fuzhou, China; Economic Technology Research Institute, State Grid Fujian Electric Power Company Ltd., Fuzhou, China",IEEE Access,"22 Nov 2024","2024","12","","172115","172124","The high proportion of distributed photovoltaic and electric vehicle access has a great impact on the distribution network. For hydropower-rich areas, the “hydropower, photovoltaic, storage and charging” collaborative planning method can effectively utilize and tap the flexible adjustment potential of small hydropower and energy storage to solve this problem. First, with the goal of optimizing economic cost, charging distance and system carbon emissions, a “hydropower, photovoltaic, storage and charging” distribution network collaborative optimization planning model is established. Secondly, the trip chain method is used to predict the charging demand of electric vehicles. The power output curve of a typical day is obtained using the K-means clustering algorithm and the hierarchical analysis method. The non-dominated sorting genetic algorithms II (NSGA-II) with elite strategy is used to solve the multi-objective model to obtain the Pareto solution set. The optimal ideal solution is used for screening to obtain the optimal planning scheme under different scenarios. Then, a comprehensive evaluation is carried out on the optimal planning schemes of different scenarios. Finally, a case analysis is carried out using the IEEE 33-bus system as an example. The simulation optimization results show that the proposed method can take into account the multi-dimensional evaluation indicators of the planning scheme, including economy, sociality, low carbon and reliability.","2169-3536","","10.1109/ACCESS.2024.3487996","State Grid Fujian Electric Power Company Ltd; ","https://ieeexplore.ieee.org/stamp/stamp.jsp?arnumber=10738807","“Hydropower;photovoltaic;storage and charging,” distribution network planning;collaborative optimization;improved NSGA-II","Photovoltaic systems;Distribution networks;Hydroelectric power generation;Planning;Costs;Energy storage;Optimization;Carbon dioxide;Charging stations;Linear programming","","8","","16","CCBYNCND","30 Oct 2024","2024","","IEEE","IEEE Journals"
"Many-Criteria Evaluation of Infrastructure Investment Priorities for Distribution Network Planning","Y. Chen; J. Li; K. Sheng; T. Yang; X. Xu; Z. Han; Z. Hu","State Grid Hunan Electric Power Company Limited Economic & Technical Research Institute, Changsha, China; State Grid Hunan Electric Power Company Limited Economic & Technical Research Institute, Changsha, China; State Grid Hunan Electric Power Company Limited, Changsha, China; Hunan Hua Jie Engineering Consulting Co., Ltd., Changsha, China; College of Electrical and Information Engineering, Hunan University, Changsha, China; Hunan Hua Jie Engineering Consulting Co., Ltd., Changsha, China; College of Electrical and Information Engineering, Hunan University, Changsha, China",IEEE Access,"16 Dec 2020","2020","8","","221111","221118","With the liberalization of incremental distribution network investment business, more and more investment projects from various sources and diversified ownership are eligible for construction applications. This article proposes a many-criteria investment priorities evaluation method for incremental distribution network planning based on the hyperplane projection transformation. In the established many-criteria evaluation indicator system, the multi-grade indicators including economic and technical factors are adopted to comprehensively evaluate the distribution network infrastructure projects. Furthermore, the hyperplane projection transformation is applied to project the solutions from the many-objective hypercube to the normalized hyperplane. Then, the comprehensive distance quantifies the quality and balance of the distribution network infrastructure project indicators, and the investment priority rankings can be obtained. Finally, the performance of the proposed method is validated on six distribution network infrastructure projects with eleven evaluation indicators. The results show that the proposed many-criteria evaluation of infrastructure investment priorities is effective to recognize the non-dominance solutions with extremely good or extremely poor indicators.","2169-3536","","10.1109/ACCESS.2020.3043248","","https://ieeexplore.ieee.org/stamp/stamp.jsp?arnumber=9286588","Hyperplane projection transformation;investment priority;incremental distribution network;prosumer infrastructure;many-criteria evaluation","Distribution networks;Investment;Planning;Economics;Safety;Reliability;Security","","14","","21","CCBY","8 Dec 2020","2020","","IEEE","IEEE Journals"
"Optimal Integration of EV Charging Stations Into Distribution Network Planning and Operation","M. Alizadeh; A. M. Amani; L. Meegahapola; M. Jalili; O. Hill","School of Engineering, RMIT University, Melbourne, VIC, Australia; School of Engineering, RMIT University, Melbourne, VIC, Australia; School of Engineering, RMIT University, Melbourne, VIC, Australia; School of Engineering, RMIT University, Melbourne, VIC, Australia; Department of Electrical and Computer Engineering, Curtin University, Perth, WA, Australia",IEEE Transactions on Industrial Informatics,"9 Sep 2025","2025","21","9","7120","7130","This article studies optimal planning and operation of electric vehicle (EV) charging stations within power distribution networks, which is crucial due to the growing penetration of EVs and distributed energy resources. Traditional approaches for planning and operation can be suboptimal and lead to significant grid upgrade costs. To tackle this, we propose an integrated framework that jointly optimizes the location, sizing, and operation of battery energy storage systems and EV charging stations. Our multiobjective optimization model minimizes power losses, operational costs, and environmental impacts while maximizing system reliability. We use genetic algorithms and deep deterministic policy gradients to solve this problem, departing from conventional peak-demand-based designs and leveraging typical demand profiles for battery energy storage system sizing. Real-time controllers are incorporated to adjust charging rates dynamically, responding to real-time variations. The proposed framework, validated on realistic test networks, demonstrates improved efficiency and stability, supporting sustainable and resilient grid operations.","1941-0050","","10.1109/TII.2025.3574435","","https://ieeexplore.ieee.org/stamp/stamp.jsp?arnumber=11039016","Battery energy storage system (BESS);distribution network;electric vehicle charging station (EVCS);multiobjective optimization;optimal planning and operation","Optimization;Costs;Planning;Electric vehicle charging;Power system stability;Real-time systems;Partial discharges;Linear programming;Distribution networks;Reactive power","","28","","22","IEEE","17 Jun 2025","Sept. 2025","","IEEE","IEEE Journals"
"Parallel Computing Based Solution for Reliability-constrained Distribution Network Planning","Y. Sun; W. Wu; Y. Lin; H. Huang; H. Chen","Department of Electrical Engineering, State Key Laboratory of Power Systems, Tsinghua University, Beijing, China; Department of Electrical Engineering, State Key Laboratory of Power Systems, Tsinghua University, Beijing, China; State Grid Fujian Electric Power Co. Ltd., Fuzhou, China; State Grid Fujian Electric Power Co. Ltd., Fuzhou, China; State Grid Fujian Electric Power Co. Ltd., Fuzhou, China",Journal of Modern Power Systems and Clean Energy,"25 Jul 2024","2024","12","4","1147","1158","The main goal of distribution network (DN) expansion planning is essentially to achieve minimal investment constrained by specified reliability requirements. The reliability-constrained distribution network planning (RcDNP) problem can be cast as an instance of mixed-integer linear programming (MILP) which involves ultra-heavy computation burden especially for large-scale DNs. In this paper, we propose a parallel computing based solution method for the RcDNP problem. The RcDNP is decomposed into a backbone grid and several lateral grid problems with coordination. Then, a parallelizable augmented Lagrangian algorithm with acceleration method is developed to solve the coordination planning problems. The lateral grid problems are solved in parallel through coordinating with the backbone grid planning problem. Gauss-Seidel iteration is adopted on the subset of the convex hull of the feasible region constructed by decomposition. Under mild conditions, the optimality and convergence of the proposed method are proven. Numerical tests show that the proposed method can significantly reduce the solution time and make the RcDNP applicable for real-world problems.","2196-5420","","10.35833/MPCE.2023.000760","State Grid Science and Technology Program of China(grant numbers:5100-202121561A-0-5-SF); ","https://ieeexplore.ieee.org/stamp/stamp.jsp?arnumber=10477364","Distribution network;expansion planning;reliability;parallel computing","Planning;Reliability;Power system reliability;Load modeling;Computational modeling;Conductors;Power systems","","5","","42","","20 Mar 2024","July 2024","","SGEPRI","SGEPRI Journals"
"Optimal Distribution System Planning","M. Ponnavaikko; K. S. P. Rao","Department of Electrical Engineering and Centre of Energy Studies, Indian Institute of Technology, India; Department of Electrical Engineering and Centre of Energy Studies, Indian Institute of Technology, India",IEEE Power Engineering Review,"19 Jul 2010","1981","PER-1","6","60","60","","1558-1705","","10.1109/MPER.1981.5511609","","https://ieeexplore.ieee.org/stamp/stamp.jsp?arnumber=5511609","","Substations;Power system planning;Dielectrics and electrical insulation;Gas insulation;Design methodology;Strain measurement","","1","","","IEEE","19 Jul 2010","June 1981","","IEEE","IEEE Magazines"
"Review and prospect of active distribution system planning","J. Liu; H. Gao; Z. Ma; Y. Li","School of Electrical Engineering and Information, Sichuan University, Chengdu, China; School of Electrical Engineering and Information, Sichuan University, Chengdu, China; China Electric Power Research Institute, Haidian District, Beijing, China; Beijing Changping Power Supply Company, Changping District, Beijing, China",Journal of Modern Power Systems and Clean Energy,"24 Dec 2019","2015","3","4","457","467","The approach to planning, design and operation of distribution networks have significantly changed due to the proliferation of distributed energy resources (DERs) together with load growth, energy storage technology advancements and increased consumer expectations. Planning of active distribution systems (ADS) has been a very hot topic in the 21st Century. A large number of studies have been done on ADS planning. This paper reviews the state of the art of current ADS planning. Firstly, the influences of DERs on the ADS planning are addressed. Secondly, the characteristics and objectives of ADS planning are summarized. Then, up to date planning model and some related research are highlighted in different areas such as forecasting load and distributed generation, mathematical model of ADS planning and solution algorithms. Finally, the paper explores some directions of future research on ADS planning including planning collaboratively with all elements combined in ADS, taking into account of joint planning in secondary system, coordinating goals among different layers, integrating detailed operation simulations and regular performance based reviews into planning, and developing advanced planning tools.","2196-5420","","10.1007/s40565-015-0170-7","","https://ieeexplore.ieee.org/stamp/stamp.jsp?arnumber=8940921","Active distribution system (ADS) planning;Distributed energy resources (DERs);Distributed generations (DGs);Demand response (DR);Electric vehicle (EV);Active network management (ANM);Integrated planning","Planning;Distribution networks;Load modeling;Power system reliability;Reliability;Distributed power generation;Uncertainty","","34","","69","","24 Dec 2019","December 2015","","SGEPRI","SGEPRI Journals"
"Experience with optimization software for distribution system planning","M. Blanchard; L. Delorme; C. Simard; Y. Nadeau","Institut de recherche d''Hydro Quebec, Varennes, Canada; Institut de recherche d''Hydro Quebec, Varennes, Canada; Institut de recherche d''Hydro Quebec, Varennes, Canada; Hydro Quebec, Saint-Hyacinthe, Canada",IEEE Transactions on Power Systems,"6 Aug 2002","1996","11","4","1891","1898","This paper presents a computerized optimization tool used to improve the planning of major investments in the distribution system over the coming years. The system allows the planner to identify, from load forecasts, data on the existing distribution system and all future projects, the projects to be carried out, together with the commissioning year, in such a way that the investment and maintenance costs, as well as the cost of losses are minimized over the planning horizon. The system is based on a dynamic model of network planning solved by a heuristic method comprising five phases. At the present time, the two first phases are implemented and the software is used by Hydro-Quebec planners. Substantial savings on investment, maintenance and loss costs have already been realized.","1558-0679","","10.1109/59.544660","","https://ieeexplore.ieee.org/stamp/stamp.jsp?arnumber=544660","","Software systems;Substations;Power system planning;Investments;Costs;Distributed computing;Load forecasting;Constraint optimization;Software quality;Quality of service","","14","","17","IEEE","6 Aug 2002","Nov. 1996","","IEEE","IEEE Journals"
"Distribution System Planning through Optimized Design I-Distribution Transformers and Secondaries","R. F. Lawrence; D. N. Reps; A. D. Patton","Westinghouse Electric Corporation, East Pittsburgh, PA, USA; Westinghouse Electric Corporation, East Pittsburgh, PA, USA; Westinghouse Electric Corporation, East Pittsburgh, PA, USA",Transactions of the American Institute of Electrical Engineers. Part III: Power Apparatus and Systems,"7 May 2008","1960","79","3","199","204","","2379-6766","","10.1109/AIEEPAS.1960.4500731","","https://ieeexplore.ieee.org/stamp/stamp.jsp?arnumber=4500731","","Design optimization;Transformers;Cost function;Power generation economics;Conductors;Circuits;Substations;Associate members;Design engineering;Acceleration","","12","","2","IEEE","7 May 2008","April 1960","","IEEE","IEEE Journals"
"Decision-Dependent Uncertainty-Aware Distribution System Planning Under Wildfire Risk","F. Piancó; A. Moreira; B. Fanzeres; R. Jiang; C. Zhao; M. Heleno","Department of Industrial Engineering, Pontifical Catholic University, Rio de Janeiro, Brazil; Lawrence Berkeley National Laboratory, 1 Cyclotron Rd, Berkeley, CA, USA; Department of Industrial Engineering, Pontifical Catholic University, Rio de Janeiro, Brazil; Industrial & Operations Engineering department at the University of Michigan, Ann Arbor, MI, USA; Industrial & Systems Engineering (ISE) department at the University of Washington, 3900 E Stevens Way NE, Mechanical Engineering Building, Room G6, Seattle, WA, USA; Lawrence Berkeley National Laboratory, 1 Cyclotron Rd, Berkeley, CA, USA",IEEE Transactions on Power Systems,"23 Oct 2025","2025","40","6","4574","4590","The interaction between power systems and wildfires can be dangerous and costly. Distribution grids can be liable for the outbreak of wildfires during extreme weather. In wildfire-prone areas, investment planning should consider the impact of operational actions on wildfire-related uncertainties affecting line failure likelihood. In this case, endogenous-based uncertainty modeling should comprise the backbone of the investment planning model viz-a-viz the inability of standard exogenous-based uncertainty modeling. Therefore, we propose a decision-dependent uncertainty (DDU) aware methodology to optimize investment portfolios for distribution systems, considering that high power-flow levels in high-threat areas can ignite wildfires and increase line failure probability. The methodology identifies the best combination of upgrades (new lines, hardening existing lines, and placing switching devices). Methodologically, we propose a two-stage distributionally robust planning optimization problem with DDU that considers the distribution system's multiperiod operation. The first stage determines optimal switching actions and line investments, and the second stage evaluates the worst-case expected operational cost under a DDU framework designed to account for the endogenous impact of power-flow levels and hardening investment decisions in the line failure probabilities. An iterative method is tailored to handle the problem and numerical experiments demonstrate a more prepared grid to deal with wildfire risk.","1558-0679","","10.1109/TPWRS.2025.3568344","U.S. Department of Energy(grant numbers:DE-AC02-05CH11231); CNPq(grant numbers:309064/2021-0); FAPERJ(grant numbers:E-26/204.553/2024); Coordenação de Aperfeiçoamento de Pessoal de Nível Superior Brasil; U.S. Army STRONG(grant numbers:W911NF2320207); ","https://ieeexplore.ieee.org/stamp/stamp.jsp?arnumber=10994344","Power systems investment planning;wildfire resilience;optimization under uncertainty;decision-dependent uncertainty;topology reconfiguration","Wildfires;Investment;Switches;Costs;Ignition;Reactive power;Uncertainty;Substations;Power system economics;Reconfigurable architectures;Power grids","","11","","65","IEEE","8 May 2025","Nov. 2025","","IEEE","IEEE Journals"
"Event-Informed Identification and Allocation of Distribution Network Planning Candidates With Influence Scores and Binary Linear Programming","J. J. Cuenca; M. Vanin; M. U. Hashmi; A. Koirala; H. Ergun; B. P. Hayes","School of Engineering and Architecture, University College Cork, Cork, Ireland; Department of Electrical Engineering, KU Leuven, Heverlee, Belgium; Department of Electrical Engineering, KU Leuven, Heverlee, Belgium; Reactive Technologies Oy, Oulu, Finland; Department of Electrical Engineering, KU Leuven, Heverlee, Belgium; School of Engineering and Architecture, University College Cork, Cork, Ireland",IEEE Transactions on Power Systems,"8 Jan 2025","2025","40","1","492","504","This article presents a novel numerical approach aimed at finding a distribution network expansion plan that prevents future congestion and voltage issues. Forecasted duration and intensity of thermal and voltage violation events are used to determine a pool of potential candidates for infrastructure (i.e., line/cable) upgrade, voltage regulator, and energy storage system installations. This is complemented with an algorithm to obtain the minimum-cost list of these candidates that solves all constraint violation events using binary linear programming. This approach is validated using the modified IEEE 33-bus network and a real 1171-bus feeder in the West of Ireland through numerous high-resolution quasi-static time series simulations. Three pools of candidates and three cost projections were considered to explore the method's sensitivity to different scenarios. Results show that the proposed methodology is a versatile tool for designers, planners and policymakers. The methodology can ensure that the investment plan solves all forecasted violation events. Nevertheless, we show that accepting a marginal degree of violations may be admissible and would significantly reduce investment costs.","1558-0679","","10.1109/TPWRS.2024.3404115","Department of Business, Enterprise and Innovation(grant numbers:DT 2018 0040-D,12/RC/2302_P2); ","https://ieeexplore.ieee.org/stamp/stamp.jsp?arnumber=10536654","Battery energy systems;distribution network expansion planning;flexibility;power distribution lines;power distribution planning","Distribution networks;Planning;Voltage;Voltage control;Investment;Regulators;Energy storage","","3","","50","CCBY","22 May 2024","Jan. 2025","","IEEE","IEEE Journals"
"Non-Bias Allocation of Export Capacity for Distribution Network Planning With High Distributed Energy Resource Integration","J. J. Cuenca; B. P. Hayes","School of Engineering, and Architecture, University College Cork, Cork, Ireland; School of Engineering, and Architecture, University College Cork, Cork, Ireland",IEEE Transactions on Power Systems,"17 Jun 2022","2022","37","4","3026","3035","A novel distributed energy resources (DER) allocation method focused on grid constraints that avoids topological bias is proposed for distribution networks. A technology-agnostic approach is used, where a non-bias allocation of export capacity (NAEC) not specific to generation type is calculated. Moreover, the proposed NAEC is extended from an export capacity into a hosting capacity (HC) using a statistical approach. The methods are tested using the IEEE 33-bus distribution system, and two typical Irish distribution feeders -one urban, one rural- as case studies. Using a high-resolution year-long quasi-static time series simulation (QSTS) and three different generation profiles, the proposed NAEC method is validated against current practices and state of the art allocation methods in terms of active balancing, security of supply, interactions between users, operational concerns, and fairness. Results show that an equivalent or higher level of DER penetration is achieved using the proposed methodology. There are no additional constraint violations using the NAEC methodology, moreover, time slots with violations are reduced, improving security of supply. Furthermore, results suggest that avoiding topological bias makes the network accessible for more users, and prioritises self-consumption.","1558-0679","","10.1109/TPWRS.2021.3124999","Department of Business, Enterprise, and Innovation(grant numbers:DT 2018 0040-D); ","https://ieeexplore.ieee.org/stamp/stamp.jsp?arnumber=9601309","Energy resources;resource management;power distribution planning;power generation planning;power distribution reliability;search methods","Resource management;Distribution networks;Planning;Transformers;Circuit faults;Security;Reliability","","13","","45","CCBY","4 Nov 2021","July 2022","","IEEE","IEEE Journals"
"Multi-Area-Multi-Stage Based Self-Healing Distribution Network Planning and Operation","Y. Deng; W. Jiang; J. Xu; K. Sun; J. Yu; C. Li; W. Qian","School of Electrical Engineering, Southeast University, Nanjing, China; School of Electrical Engineering, Southeast University, Nanjing, China; College of Automation and Artificial Intelligence, Nanjing University of Posts and Telecommunications, Nanjing, China; State Grid Zhejiang Electric Power Company, Ltd., Hangzhou, China; State Grid Jiaxing Electric Power Company, Ltd., Jiaxing, China; Electric Power Economics and Technology Research Institute, State Grid Jiaxing Electric Power Company, Ltd., Jiaxing, China; State Grid Jiaxing Electric Power Company, Ltd., Jiaxing, China",IEEE Transactions on Sustainable Energy,"21 Mar 2025","2025","16","2","1206","1224","Extreme events such as earthquakes, floods, or wars could cause severe grid faults and large-scale outages in the distribution network. The active islanding technology can be used for self-healing of multiple outage areas with distributed resources, smart distribution facilities, and advanced controlling methods. The facilities related to the self-healing consist of relays, switches, distributed resources, and power electronics based soft open points (SOPs). However, the self-healing effect depends on not only the location, capability, and function of these facilities, but also the recovery process should be comprehensively considered and coordinated since the multi-stage recovery strategies are deeply coupled. These recovery stages usually consist of the relaying process, grid partition with smart switches (SSWs), resupply by distributed resources, and interconnection with SOPs. For the first time, this paper proposes a multi-area-multi-stage (MAMS) self-healing recovery area (RA) planning-operation collaborative approach considering the recovery sequence. First, the multiple self-healing stages of flexible RAs are defined and introduced. Second, the time-variant topological and operational constraints are proposed to represent the coupling relationships at different stages. Finally, the hybrid controllable load deployment strategy is used to compensate for the limited resource capacity in RA restoration. The effectiveness of the proposed collaborative model is verified by illustrative case studies.","1949-3037","","10.1109/TSTE.2024.3509012","National Natural Science Foundation of China(grant numbers:52277172); ","https://ieeexplore.ieee.org/stamp/stamp.jsp?arnumber=10787104","Self-healing;recovery area;multi-area-multi-stage;soft open point;refined controllable load","Load modeling;Control systems;Resource management;Collaboration;Distribution networks;Topology;Reactive power;Process control;Islanding;System recovery;Power system planning","","10","","44","IEEE","9 Dec 2024","April 2025","","IEEE","IEEE Journals"
"Quick Hosting Capacity Evaluation Based on Distributed Dispatching for Smart Distribution Network Planning with Distributed Generation","B. Sun; R. Jing; L. Ge; Y. Zeng; S. Dong; L. Hou","School of Electrical and Information Engineering, Tianjin University, Tianjin, China; School of Electrical and Information Engineering, Tianjin University, Tianjin, China; School of Electrical and Information Engineering, Tianjin University, Tianjin, China; School of Electrical and Information Engineering, Tianjin University, Tianjin, China; State Grid Corporation of China, Beijing, China; School of Computer Science (National Pilot Software Engineering School), Beijing University of Posts and Telecommunications, Beijing, China",Journal of Modern Power Systems and Clean Energy,"26 Jan 2024","2024","12","1","128","140","The smart distribution network (SDN) is integrating increasing distributed generation (DG) and energy storage (ES). Hosting capacity evaluation is important for SDN planning with DG. DG and ES are usually invested by users or a third party, and they may form friendly microgrids (MGs) and operate independently. Traditional centralized dispatching method no longer suits for hosting capacity evaluation of SDN. A quick hosting capacity evaluation method based on distributed optimal dispatching is proposed. Firstly, a multi-objective DG hosting capacity evaluation model is established, and the hosting capacity for DG is determined by the optimal DG planning schemes. The steady-state security region method is applied to speed up the solving process of the DG hosting capacity evaluation model. Then, the optimal dispatching models are established for MG and SDN respectively to realize the operating simulation. Under the distributed dispatching strategy, the dualside optimal operation of SDN-MGs can be realized by several iterations of power exchange requirement. Finally, an SDN with four MGs is conducted considering multiple flexible resources. It shows that the DG hosting capacity of SDN oversteps the sum of the maximum active power demand and the rated branch capacity. Besides, the annual DG electricity oversteps the maximum active power demand value.","2196-5420","","10.35833/MPCE.2022.000604","National Natural Science Foundation of China(grant numbers:52277118); Tianjin Science and Technology Planning Project(grant numbers:22ZLGCGX00050); ","https://ieeexplore.ieee.org/stamp/stamp.jsp?arnumber=10142942","Smart distribution network (SDN);microgrid;hosting capacity;multi-objective optimization;distributed optimal dispatching;flexible resource","Voltage;Costs;Reactive power;Dispatching;Distribution networks;Planning;Investment","","6","","39","","1 Jun 2023","January 2024","","SGEPRI","SGEPRI Journals"
"Linearized MILP Model With Improved Soft Actor-Critic Algorithm for Dynamic and Efficient Active Distribution Network Planning","J. Liao; G. Wu; J. Lin","Economic Technology Research Institute, State Grid Fujian Electric Power Company Ltd., Fuzhou, China; Economic Technology Research Institute, State Grid Fujian Electric Power Company Ltd., Fuzhou, China; State Grid Fujian Electric Power Company Ltd., Fuzhou, China",IEEE Access,"17 Jul 2025","2025","13","","121544","121555","With the rapid development of distributed generations (DGs), the operation scale of distributed networks is getting larger and larger, and the operation modes are becoming more diversified. The traditional AC-based nonlinear planning model has many shortcomings in computational analysis. To this end, an active distributed network planning model based on linear constraints is proposed. Firstly, the basic principle and analysis method of the distributed network model linearization are proposed from two aspects, namely, power flow linearization and distributed network connectivity linearization. Then, by analyzing the distributed network planning objective function and constraints, a mixed integer linear planning (MILP) model for distributed networks is proposed. And an improved Soft Actor-Critic (ISAC) algorithm is proposed to solve the model. Finally, the feasibility and efficiency of the proposed method are verified by comparing the proposed MILP model and the traditional nonlinear planning model for distributed networks through multi-scenario case analysis. The experimental results demonstrate that the proposed MILP model significantly improves computational efficiency while maintaining accuracy. Compared to the traditional AC-based nonlinear model, the MILP model achieves a maximum relative error of only 3.3%, with computation time reduced from over 460 seconds to less than 0.2 seconds. Furthermore, ISAC exhibits outstanding performance in dynamic scenarios, reducing total costs by 20.63% and 15.25% compared to Deep Q-Network (DQN) and Deep Deterministic Policy Gradient (DDPG), respectively.","2169-3536","","10.1109/ACCESS.2025.3581382","Research Project of State Grid Fujian Electric Power Company Ltd.(grant numbers:B6130N24000G); ","https://ieeexplore.ieee.org/stamp/stamp.jsp?arnumber=11044328","Active distributed networks;coordinated planning;mixed integer linear planning model;computational efficiency;improved soft Actor-Critic","Planning;Computational modeling;Mathematical models;Adaptation models;Load flow;Voltage;Load modeling;Heuristic algorithms;Vectors;Genetic algorithms","","2","","27","CCBY","19 Jun 2025","2025","","IEEE","IEEE Journals"
"Use of Computer Graphics in Data Management Systems for Distribution Network Planning in ``Electricite de France'' (E.D.F.)","M. Launay","Electricite de France Etudes et Recherches, Clamart, France",IEEE Power Engineering Review,"23 Jul 2010","1982","PER-2","2","15","15","","1558-1705","","10.1109/MPER.1982.5520255","","https://ieeexplore.ieee.org/stamp/stamp.jsp?arnumber=5520255","","Computer graphics;Computer network management;Energy management;Substations","","","","","IEEE","23 Jul 2010","Feb. 1982","","IEEE","IEEE Magazines"
"Net Electricity Clustering at Different Temporal Resolutions Using a SAX-Based Method for Integrated Distribution System Planning","M. Emmanuel; J. Giraldez","National Renewable Energy Laboratory, Golden, CO, USA; National Renewable Energy Laboratory, Golden, CO, USA",IEEE Access,"12 Sep 2019","2019","7","","123689","123697","This paper addresses a major utility and regulator concern of characterizing customer net electricity consumption profiles to realize integrated distribution system planning. This is pivotal in assessing the capability of the power system to accommodate net load variability and its impacts on the grid such as voltage rise, narrowing peak demand duration, and reducing the cost of energy storage. Although the extant literature has focused on load clustering, this paper uses a symbolic aggregate approximation-based (SAX-based) dimensionality- reduction and k-means techniques to cluster net consumption of smart meter data for more than 3500 residential customers in a month at different temporal resolutions. This study proposes the use of cumulative explained variance in the principal component analysis to determine the optimal number of segments and dimensionality of the transformed space during discretization while retaining the data integrity instead of using intuition, as proposed by the extant literature. Also, this paper describes a screening methodology to determine the distribution of high-voltage customers among the resulting clusters of customers with and without on-site solar photovoltaic generation at different time resolutions.","2169-3536","","10.1109/ACCESS.2019.2938212","National Renewable Energy Laboratory(grant numbers:DE-AC36-08GO28308); National Renewable Energy Laboratory(grant numbers:DE-AC36-08GO28308); National Renewable Energy Laboratory(grant numbers:CRD-16-00630); ","https://ieeexplore.ieee.org/stamp/stamp.jsp?arnumber=8819916","Symbolic aggregate approximation;clustering;net electricity consumption;principal component analysis","Principal component analysis;Planning;Renewable energy sources;Government;Aggregates;Smart meters","","13","","28","CCBY","29 Aug 2019","2019","","IEEE","IEEE Journals"
"Distribution-substation and primary-feeder planning","W. J. Denton; D. N. Reps","Westinghouse Electric Corporation in Des Moines, Iowa, and East Pittsburgh, Pa.; Westinghouse Electric Corporation in Des Moines, Iowa, and East Pittsburgh, Pa.",Electrical Engineering,"12 Feb 2013","1955","74","9","804","809","Useful methods for distribution-substation and primary-feeder planning, based on the concept that actual distribution systems can be represented by a hypothetical system comparatively simple to construct and analyze, are presented. The methods can be used for quickly analyzing the service-quality and economic feasibility of planning alternatives or proposed changes.","2376-7804","","10.1109/EE.1955.6439555","","https://ieeexplore.ieee.org/stamp/stamp.jsp?arnumber=6439555","","Substations;Planning;Equations;Loading;Voltage control;Economics;Feeds","","1","","","IEEE","12 Feb 2013","Sept. 1955","","IEEE","IEEE Journals"
"Minimum cost analysis of feeder routing in distribution system planning","S. Jonnavithula; R. Billinton","Power Systems Research Group, University of Saskatchewan, Saskatoon, Canada; Power Systems Research Group, University of Saskatchewan, Saskatoon, Canada",IEEE Transactions on Power Delivery,"6 Aug 2002","1996","11","4","1935","1940","A new approach for optimal network routing in distribution system planning is presented in this paper. The distribution network routing planning problem is formulated as a nonlinear constrained, nondifferentiable optimization problem. The main objective is to minimize the total cost which is the summation of reliability costs, feeder resistive loss, investment and maintenance costs. Simulated annealing, which is a general purpose combinatorial optimization algorithm, is used to obtain a global optimum solution of the problem.","1937-4208","","10.1109/61.544279","","https://ieeexplore.ieee.org/stamp/stamp.jsp?arnumber=544279","","Routing;Cost function;Power system reliability;Power system planning;Maintenance;Investments;Simulated annealing;Constraint optimization;Meeting planning;Voltage","","53","","33","IEEE","6 Aug 2002","Oct. 1996","","IEEE","IEEE Journals"
"A fast algorithm for manipulation control process of distribution system planning solution","L. Cheng; Y. Wan; L. Tian; F. Zhang","Department of Electrical Engineering, State Key Laboratory of Control and Simulation of Power System and Generation Equipment, Tsinghua University, Beijing, China; Department of Electrical Engineering, State Key Laboratory of Control and Simulation of Power System and Generation Equipment, Tsinghua University, Beijing, China; Department of Electrical Engineering, State Key Laboratory of Control and Simulation of Power System and Generation Equipment, Tsinghua University, Beijing, China; School of Electrical Engineering, Beijing Jiaotong University, Beijing, China",Journal of Modern Power Systems and Clean Energy,"4 Feb 2020","2019","7","6","1547","1558","Better flexibility and controllability have been introduced into distribution system with the development of new loads and resources. As a consequence, the connotations and tools for evaluating the planning solution need to be further enriched. This paper proposes a fast algorithm to quantify steady-state voltages and load profiles in distribution system by simulating the manipulation control process of controllable resources, taking the efficiency and ease of use into account. In this method, a complex distribution system is decoupled into several simple parts according to the ports of the DC interlink. Then, to achieve the qualified voltages and load profiles, the manipulation details of controllable resources are simulated following a certain control sequence in each part. Finally, the analysis results of each part are matched and filtered to obtain a complete evaluation. Five of the most commonly controllable resources are considered in this method. The effectiveness of the proposed method is demonstrated through a case study based on field data from an actual distribution system.","2196-5420","","10.1007/s40565-019-00572-4","","https://ieeexplore.ieee.org/stamp/stamp.jsp?arnumber=8982271","Controllable resources;Distribution system;DC interlink;Planning;Manipulation control process","Planning;Capacitors;Process control;Electric vehicle charging;Sensitivity;Voltage control;Mathematical model","","","","30","","4 Feb 2020","November 2019","","SGEPRI","SGEPRI Journals"
"Optimal feeder routing in distribution system planning using dynamic programming technique and GIS facilities","N. G. Boulaxis; M. P. Papadopoulos","Department of Electrical and Computer Engineering, National Technical University of Athens, Zografou, Athens, Greece; Department of Electrical and Computer Engineering, National Technical University of Athens, Zografou, Athens, Greece",IEEE Transactions on Power Delivery,"7 Aug 2002","2002","17","1","242","247","Optimal feeder routing is an important part of the general optimal distribution network planning. This paper proposes a new algorithm for the optimal feeder routing problem using the dynamic programming technique and geographical information systems (GIS) facilities. All practical issues, such as cost parameters (investments, line losses, reliability) and technical constraints (voltage drop and thermal limits), as well as physical routing constraints (obstacles, high-cost passages, existing line sections) are taken into consideration. The algorithm developed is validated comparing its results for a simplified study case, with those obtained by an established solver. The effectiveness of the algorithm is further illustrated for a ""real-world"" study case.","1937-4208","","10.1109/61.974213","","https://ieeexplore.ieee.org/stamp/stamp.jsp?arnumber=974213","","Routing;Dynamic programming;Geographic Information Systems;Voltage;Substations;Power system planning;Cost function;Information systems;Intelligent networks;Power distribution","","119","1","17","IEEE","7 Aug 2002","Jan. 2002","","IEEE","IEEE Journals"
"Improved distribution system planning using computational evolution","E. . -C. Yeh; S. S. Venkata; Z. Sumic","Automated Distribution Division, ABB Power Transmission and Distribution Company, Inc., Cary, NC, USA; Electric Energy Group, Department of EE, FT-10, University of Washington, Seattle, WA, USA; Electric Energy Group, Department of EE, FT-10, University of Washington, Seattle, WA, USA",IEEE Transactions on Power Systems,"6 Aug 2002","1996","11","2","668","674","This paper presents a new problem solving environment that can utilize different forms of resources to approach better solutions in the distribution network planning domain. To implement this concept, a design optimization framework, named design by expectation (DBE), is developed. DBE exploits the adaptation of genetic algorithms in searching the optimal solution, and releases the strict requirements for objective functions and constraints in conventional optimization techniques. One example, street lighting design, is used to demonstrate the applicability of the proposed approach.","1558-0679","","10.1109/59.496137","","https://ieeexplore.ieee.org/stamp/stamp.jsp?arnumber=496137","","Distributed computing;Problem-solving;Design optimization;Genetic algorithms;Constraint optimization","","38","","12","IEEE","6 Aug 2002","May 1996","","IEEE","IEEE Journals"
"Electrical and Control Engineering & Materials Science and Manufacturing: The Proceedings of Joint Conferences of the 6th (ICECE2015) and the 4th (ICMSM2015)","",,Electrical and Control Engineering & Materials Science and Manufacturing: The Proceedings of Joint Conferences of the 6th (ICECE2015) and the 4th (ICMSM2015),"","2016","","","","","This proceedings brings together eighty seven selected articles presented at the joint conferences of the 6th International Conference on Electrical and Control Engineering (ICECE2015) and the 4th International conference on Materials Science and Manufacturing (ICMSM2015), which was held in Shanghai, China, during August 14–15 2015.ICECE2015 and ICMSM2015 provide an excellent international platform for researchers to share the state-of-art research results and fork collaborations amongst themselves from different part of the world.The proceedings collected the latest research results and applications funded by Chinese government agencies in Electrical Engineering, Control Engineering, Wireless Communication, Computer Networks, Computer Science, Materials Engineering and other related topics. It is a kaleidoscope reflecting the Chinese research and development efforts in the above 6 areas. All submitted papers were subjected to strict peer-reviewing by 2–4 expert referees. The papers have been selected for this volume because of quality and the relevance to the conference.","","9789813100312","","","https://ieeexplore.ieee.org/xpl/ebooks/bookPdfWithBanner.jsp?fileName=11665808.pdf&bkn=11665808&pdfType=book","Electrical;Engineering;Material Science;Manufacturing","","","","","","","1 Sep 2026","","","World Scientific","World Scientific eBooks"
"Information Gap Decision Theory-Based Active Distribution System Planning for Resilience Enhancement","M. Salimi; M. -A. Nasr; S. H. Hosseinian; G. B. Gharehpetian; M. Shahidehpour","Department of Electrical Engineering, Center of Excellence in Power Systems, Amirkabir University of Technology, Tehran, Iran; Department of Electrical Engineering, Center of Excellence in Power Systems, Amirkabir University of Technology, Tehran, Iran; Department of Electrical Engineering, Center of Excellence in Power Systems, Amirkabir University of Technology, Tehran, Iran; Department of Electrical Engineering, Center of Excellence in Power Systems, Amirkabir University of Technology, Tehran, Iran; Electrical and Computer Engineering Department, Illinois Institute of Technology, Chicago, USA",IEEE Transactions on Smart Grid,"20 Aug 2020","2020","11","5","4390","4402","Severe disruptions caused by natural disasters have highlighted the significance of enhancing the distribution system resilience in recent years. However, due to severe uncertain characteristics of natural disasters, there exists an insufficient level of information to evaluate their behavior and consequences. Lack of information such as proper distribution functions for probabilistic methods or known intervals for robust optimization techniques may provide Distribution System Planners (DSPs) with inaccurate designs. This paper presents a new strategy based on Information Gap Decision Theory (IGDT) to facilitate decision making for DSPs in the face of extreme events. Moreover, a detailed analysis is performed to find a trade-off between the DG allocation and the hardening schemes, and to determine the best conservativeness degree in the IGDT approach. The presented resilience model is implemented on 33-bus and 94-bus distribution systems, and numerical case studies are analyzed to demonstrate the merits of the proposed approach. The results indicate that with a limited planning budget, the proposed trade-off analysis can optimally find the best DG allocation and hardening schemes to keep the load shedding level below a desired threshold following a severely uncertain extreme event.","1949-3061","","10.1109/TSG.2020.2992642","","https://ieeexplore.ieee.org/stamp/stamp.jsp?arnumber=9086778","Resilience;extreme events;distribution system planning;risk-averse strategy","Uncertainty;Load modeling;Resilience;Planning;Distribution networks;Optimization;Resource management","","93","","42","IEEE","5 May 2020","Sept. 2020","","IEEE","IEEE Journals"
"Short-Term Distribution System Planning Using a System Reduction Technique","O. D. Melgar-Dominguez; R. W. Salas; J. R. S. Mantovani","Electrical Engineering Department, São Paulo State University (UNESP), Ilha Solteira, São Paulo, Brazil; Electrical Engineering Department, São Paulo State University (UNESP), Ilha Solteira, São Paulo, Brazil; Electrical Engineering Department, São Paulo State University (UNESP), Ilha Solteira, São Paulo, Brazil",IEEE Access,"23 Nov 2021","2021","9","","153586","153598","Given the necessity of developing more efficient electric distribution systems (EDSs) and providing a continuous energy service for active and passive users, distribution system planners are constantly seeking for more robust planning strategies that can address the complexities of large-scale EDSs. In this regard, the proposed work investigates the implementation of a novel strategy that is based on two stages to tackle the short-term planning problem in large-scale EDSs. In the first stage, a system reduction technique is developed to remove all non-desired buses and circuits from the original large-scale EDS, while in the second stage an optimization model is formulated to represent the EDS expansion planning problem. The planning stage is designed using a multi-period formulation, which defines, in the most cost-effective way, actions such as the allocation of voltage regulators (VRs) and capacitor banks (CBs) to improve the EDS operation, considering the demand growth and new requests for distributed generation (DG) connections. The objective function of this optimization model minimizes the expected cost of energy purchased from the market and charges due to carbon emission taxes, while the energy purchased from DG developers is maximized. For simulation purposes, a real 1080-bus EDS is reduced to an equivalent 54-bus system and implementing the developed optimization model, results show that a set of planning actions can be obtained to improve the EDS operation. These obtained planning actions are projected to the 1080-bus EDS and using an optimal power flow tool, the accuracy of the proposed planning strategy is estimated.","2169-3536","","10.1109/ACCESS.2021.3128052","Brazilian institutions The National Council of Scientific and Technological Development-CNPq(grant numbers:304726/2020-6); São Paulo Research Foundation-FAPESP(grant numbers:2018/12422-0,2015/21972-6); Coordenação de Aperfeiçoamento de Pessoal de Nível Superior-CAPES (code finance 001); ","https://ieeexplore.ieee.org/stamp/stamp.jsp?arnumber=9614110","Short-term distribution system planning;stochastic mixed-integer linear programming model;system reduction technique","Planning;Optimization;Resource management;Integrated circuit modeling;Reactive power;Voltage control;Investment","","6","","27","CCBYNCND","12 Nov 2021","2021","","IEEE","IEEE Journals"
"Use of Computer Graphics in Data Management Systems for Distribution Network Planning in ""Electricite de France"" (E.D.F.)","M. Launay","Direction Des Etudes Et Recherches, Electricitd de France, France",IEEE Transactions on Power Apparatus and Systems,"26 Feb 2007","1982","PAS-101","2","276","283","Two data management systems for distribution network planning (L.V. and M.V. systems) are used by many EDF Distribution Centers.","0018-9510","","10.1109/TPAS.1982.317103","","https://ieeexplore.ieee.org/stamp/stamp.jsp?arnumber=4111321","","Computer graphics;Computer network management;Energy management;Low voltage;Medium voltage;Data engineering;Load flow;Substations;Waste management;Production systems","","3","","3","IEEE","26 Feb 2007","Feb. 1982","","IEEE","IEEE Journals"
"A Model for Stochastic Planning of Distribution Network and Autonomous DG Units","M. Jooshaki; H. Farzin; A. Abbaspour; M. Fotuhi-Firuzabad; M. Lehtonen","Department of Electrical Engineering, Sharif University of Technology, Tehran, Iran; Department of Electrical Engineering, Shahid Chamran University of Ahvaz, Ahvaz, Iran; Department of Electrical Engineering, Sharif University of Technology, Tehran, Iran; Department of Electrical Engineering, Sharif University of Technology, Tehran, Iran; Department of Electrical Engineering and Automation, Aalto University, Espoo, Finland",IEEE Transactions on Industrial Informatics,"6 Mar 2020","2020","16","6","3685","3696","This article presents a mixed-integer linear stochastic model for the optimal expansion planning of electricity distribution networks and distributed generation (DG) units. In the proposed framework, autonomous DG units are aggregated and modeled using the well-known energy hub concept. In this model, the uncertainties of heat and electricity demand as well as renewable generation are represented using various scenarios. Although this is a standard technique to capture the uncertainties, it drastically increases the dimensions of this optimization problem and makes it practically intractable. In order to address this issue, a novel iterative method is developed in this article to enhance the efficiency of the optimization model. The proposed framework is further utilized to assess the benefits of the collaborative distribution network and autonomous distributed generation planning through various case studies performed on the 24-node distribution test grid. With 5.93% cost reduction, the obtained results indicate the importance of such collaborations in reaching an efficient network expansion solution. Moreover, the total planning cost for the stochastic model is 1.23% lower than the deterministic case. Various sensitivity analyses are also carried out to investigate the impacts of parameters of the proposed model on the optimal planning solution. The scalability of the model is also assessed by its implementation on the 54-node distribution test network.","1941-0050","","10.1109/TII.2019.2936280","Aalto-Yliopisto; Sharif University of Technology; ","https://ieeexplore.ieee.org/stamp/stamp.jsp?arnumber=8807219","Collaborative planning;distributed generation (DG);electricity distribution system planning;energy hub (EH);stochastic programming","Distrbuted power generation;Load modeling;Collaboration;Stochastic processes;Power system planning","","72","","29","IEEE","20 Aug 2019","June 2020","","IEEE","IEEE Journals"
"Robust Expansion Planning of Electric Vehicle Charging System and Distribution Networks","Y. Xiang; P. Xue; Y. Wang; L. Xu; W. Ma; M. Shafie-khah; J. Li; J. Liu","College of Electrical Engineering, Sichuan University, Chengdu, China; College of Electrical Engineering, Sichuan University, Chengdu, China; College of Electrical Engineering, Sichuan University, Chengdu, China; College of Electrical Engineering, Sichuan University, Chengdu, China; College of Electrical Engineering, Sichuan University, Chengdu, China; School of Technology and Innovations, University of Vaasa, Vaasa, Finland; Department of Electronic and Electrical Engineering, University of Bath, Bath, UK; College of Electrical Engineering, Sichuan University, Chengdu, China",CSEE Journal of Power and Energy Systems,"20 Dec 2024","2024","10","6","2457","2469","Large integration of electric vehicles (EVs) brings uncertainties and challenges for distribution networks. Reliability and allocation of charging systems (charging stations and piles) need strong support from the distribution network, whose expansion planning would be also greatly impacted by the incremental load from the charging system. To address this issue, a collaborative planning scheme of the EV charging system and distribution networks that combines economic and reliability benefits is proposed, which is formulated as a two-stage distributionally robust optimization model considering source-load uncertainties. First, a candidate EVCS planning scheme is obtained using queuing theory. Then, system reliability is quantified by adopting the average energy not supplied index and correlated integrated into the two-stage mixed-integer linear programming model. Finally, it is solved to perform distributionally robust expansion planning by the column and constraint generation algorithm. Effectiveness and scalability of the proposed planning method are illustrated by numerical case studies. Results indicate the planning scheme that considers economic and reliability benefit can perform better than traditional optimization methods.","3066-9308","","10.17775/CSEEJPES.2021.08540","National Natural Science Foundation of China(grant numbers:52111530067); ","https://ieeexplore.ieee.org/stamp/stamp.jsp?arnumber=10026223","Distribution network planning;distributionally robust optimization;electric vehicle;reliability benefit","Planning;Reliability;Distribution networks;Electric vehicle charging;Collaboration;Transportation;Power system reliability","","12","","23","","25 Jan 2023","November 2024","","CSEE","CSEE Journals"
"Demand Estimation for Electric Vehicle Charging Infrastructure: An Extensive Approach Method","J. C. Lopes; T. Sousa; J. D. Melo","Center of Engineering, Modeling and Applied Social Sciences, Federal University of ABC, Santo André, São Paulo, Brazil; Center of Engineering, Modeling and Applied Social Sciences, Federal University of ABC, Santo André, São Paulo, Brazil; Center of Engineering, Modeling and Applied Social Sciences, Federal University of ABC, Santo André, São Paulo, Brazil",IEEE Access,"27 Aug 2024","2024","12","","113215","113234","Urban planning must coordinate expanding public electric vehicle charging infrastructure (EV-CI) with energy distribution companies to satisfy growing demand. To this end, measurements and charger load curves are indispensable to execute appropriate operational studies and expansion planning. However, the necessary databases are small in cities with low EV penetration, and may not adequately characterize future consumption patterns. This article proposes an “Extensive Method for Demand Estimation in Charging Infrastructures” (X-Modeci) to fill this gap, which is especially beneficial for large metropolitan areas. The method employs statistical regressions to model the different phases of EV adoption, using traffic simulations to incorporate new travel dynamics that may arise due to increased charging and new EV battery range values. The proposal result is a spatial database that shows EV-CI load curves for typical urban traffic days in locations that would be more appropriate for installing new chargers. This results class can help energy companies identify the best connection locations and necessary reinforcements in the distribution grid to meet electromobility demand. The method was applied in the most significant capital in the Northeast of Brazil, showing that the estimated load curves tend to reach their maximum point between the end of the afternoon and the beginning of the night, following the high rate of vehicle circulation during this period. The case study clarified that the characterization of EV-CI use provided a 10% gain in the EV-CI usage rate about the national average, respecting regulated levels. In this way, the results of the proposed method can help the agents involved better understand the energy demand within the scope of electromobility plans with high spatial resolution at the location of the main avenues in urban areas.","2169-3536","","10.1109/ACCESS.2024.3444735","Neoenergia Group (In the scope of the project “Green Corridor for Hybrid and Electric Vehicles” under process 23006.001802/2019-09); Brazilian Electricity Regulatory Agency (ANEEL); Federal University of ABC (UFABC); Coordination for the Improvement of Higher Education Personnel (CAPES) under Finance Code 001; Brazilian National Council for Scientific and Technological Development (CNPq)(grant numbers:407244/2023-9); São Paulo Research Foundation (FAPESP)(grant numbers:2021/08832-1); National Institute of Science and Technology of Electric Energy - Brazil (INCT - INERGE); ","https://ieeexplore.ieee.org/stamp/stamp.jsp?arnumber=10637338","Electric vehicle;electromobility;energy consumption;load curves estimation;power distribution system planning;public charging stations","Estimation;Mathematical models;Load modeling;Heuristic algorithms;Electric vehicle charging;Data models;Electric vehicles;Power distribution planning;Public infrastructure","","17","","55","CCBYNCND","16 Aug 2024","2024","","IEEE","IEEE Journals"
"A Flexible Distribution System Expansion Planning Model: A Dynamic Bi-Level Approach","M. Moradijoz; M. Parsa Moghaddam; M. -R. Haghifam","Tarbiat Modares University, Tehran, Iran; Tarbiat Modares University, Tehran, Iran; Tarbiat Modares University, Tehran, Iran",IEEE Transactions on Smart Grid,"18 Oct 2018","2018","9","6","5867","5877","One of the distribution network operators' (DNOs') responsibilities is to design distribution networks in order to reliably and efficiently meet a portfolio of demands with different attributes. The advent of plug-in electric vehicles introduces a number of new network players, such as gridable parking lot owners (GPLOs), which might have conflicting objectives with DNO's ones. This paper presents a dynamic bi-level model for distribution network planning considering different objectives of DNO and GPLO. The power injection capability of gridable parking lots (GPLs) is employed as an alternative supply source to enhance the network flexibility in supplying loads under faulty conditions. Moreover, the proposed planning approach is developed in a way that the economic risk of the plan associated with the stochastic nature of the GPL behavior is controlled. Different test networks are used to validate the effectiveness of the proposed model.","1949-3061","","10.1109/TSG.2017.2697917","","https://ieeexplore.ieee.org/stamp/stamp.jsp?arnumber=7911337","Bi-level modeling;distribution network planning (DNP);gridable parking lot (GPL);reliability;risk","Power system planning;Charging stations;State of charge;Load modeling;Investment;Batteries;Resource management","","61","","28","IEEE","25 Apr 2017","Nov. 2018","","IEEE","IEEE Journals"
"Distribution system planning using branch exchange technique","S. K. Goswami","ELectrical Engineering Department Power System Section, Jadavpur University, Calcutta, India",IEEE Transactions on Power Systems,"6 Aug 2002","1997","12","2","718","723","This paper reports the development of a new algorithm for the planning of radial distribution systems. The algorithm is based on the branch exchange technique. Branch exchange has been applied in two stages-between the elements of the network under each substation, called intrazone branch exchange and between the elements of the networks under adjacent substations, called interzone branch exchange. Intrazone exchange determines the optimum network configuration of each substation and interzone exchange determines the optimum service area of each substation. A complete power flow is required after each successful branch exchange. A new algorithm has also been proposed for the load flow of radial distribution networks. The algorithm is not based on node and branch numbering schemes and can handle multiple number of zones and therefore is particularly suitable for planning environment.","1558-0679","","10.1109/59.589662","","https://ieeexplore.ieee.org/stamp/stamp.jsp?arnumber=589662","","Substations;Joining processes;Costs;Capacity planning;Computational Intelligence Society;Samarium;Power systems;Power engineering and energy;Systems engineering and theory;Power & Energy Society","","50","","12","IEEE","6 Aug 2002","May 1997","","IEEE","IEEE Journals"
"An Approach to Optimal Distribution System Planning Through Conductor Gradation","M. Ponnavaikko; K. S. P. Rao","Department of Electrical Engineering and Centre of Energy Studies, Indian Institute of Technology, New Delhi, India; Department of Electrical Engineering and Centre of Energy Studies, Indian Institute of Technology, New Delhi, India",IEEE Power Engineering Review,"23 Jul 2010","1982","PER-2","6","56","57","","1558-1705","","10.1109/MPER.1982.5521021","","https://ieeexplore.ieee.org/stamp/stamp.jsp?arnumber=5521021","","Conductors;Cost function;Voltage;Power system planning;Energy loss;Investments;Power systems;Dynamic programming;Technology planning;Cables","","2","","","IEEE","23 Jul 2010","June 1982","","IEEE","IEEE Magazines"
"Mathematical Dynamic Model for Long-Term Distribution System Planning","O. M. Mikic","Mihajlo Pupin Institut, Belgrade, Serbia",IEEE Power Engineering Review,"29 Jul 2010","1986","PER-6","2","27","28","","1558-1705","","10.1109/MPER.1986.5528153","","https://ieeexplore.ieee.org/stamp/stamp.jsp?arnumber=5528153","","Mathematical model;Cost function;Power system modeling;Investments;Contracts;Fuels;Power system planning;Circuit faults;Samarium;Load forecasting","","1","","","IEEE","29 Jul 2010","Feb. 1986","","IEEE","IEEE Magazines"
"Distribution system planning for a competitive market in Brasilia","F. Figueiredo; I. Camargo; M. De Oliveira","Brasilia Utility; NA; Department of Electrical Engineering, Brasilia University",IEEE Power Engineering Review,"6 Aug 2002","1999","19","10","13","16","","1558-1705","","10.1109/MPER.1999.795129","","https://ieeexplore.ieee.org/stamp/stamp.jsp?arnumber=795129","","Monopoly;Contracts;Production;Process planning;Mesh generation;US Government;Voltage;Local government;Power generation;Power system modeling","","1","","2","IEEE","6 Aug 2002","Oct. 1999","","IEEE","IEEE Magazines"
"Distribution System Planning Through a Quadratic Mixed Inger Programming Approach","M. Ponnavaikko; K. S. P. Rao; S. S. Venkata","Rural Electrification Corporation Limited, New Delhi, India; Indian Institute of Technology, New Delhi, India; University of Washington, Seattle, WA, USA",IEEE Power Engineering Review,"29 Jul 2010","1987","PER-7","10","55","55","","1558-1705","","10.1109/MPER.1987.5526753","","https://ieeexplore.ieee.org/stamp/stamp.jsp?arnumber=5526753","","Quadratic programming;Substations;Cost function;Linear programming;Power system planning;Technology planning;Uncertainty;Routing;Mathematical model;Nonuniform electric fields","","","","","IEEE","29 Jul 2010","Oct. 1987","","IEEE","IEEE Magazines"
"A New Risk-Managed Planning of Electric Distribution Network Incorporating Customer Engagement and Temporary Solutions","A. Arefi; A. Abeygunawardana; G. Ledwich","School of Engineering and Information Technology, Murdoch University, Perth, WA, Australia; Department of Electrical Engineering and Computer Science, Queensland University of Technology, Brisbane, Qld, Australia; Department of Electrical Engineering and Computer Science, Queensland University of Technology, Brisbane, Qld, Australia",IEEE Transactions on Sustainable Energy,"20 May 2017","2016","7","4","1646","1661","The connection of renewable-based distributed generation (DG) in distribution networks has been increasing over the last few decades, which would result in increased network capacity to handle their uncertainties along with uncertainties associated with demand forecast. Temporary non-network solutions (NNSs) such as demand response (DR) and temporary energy storage system/DG are considered as promising options for handling these uncertainties at a lower cost than network alternatives. In order to manage and treat the risk associated with these uncertainties using NNSs, this paper presents a new risk-managed approach for multi-stage distribution expansion planning (MSDEP) at a lower cost. In this approach, the uncertainty of available DR is also taken into account. The philosophy of the proposed approach is to find the “optimal level of demand” for each year at which the network should be upgraded using network solutions while procuring temporary NNSs to supply the excess demand above this level. A recently developed forward-backward approach is fitted to solve the risk-managed MSDEP model presented here for real sized networks with a manageable computational cost. Simulation results of two case studies, IEEE 13-bus and a realistic 747-bus distribution network, illustrate the effectiveness of the proposed approach.","1949-3037","","10.1109/TSTE.2016.2573290","Queensland Government and Ergon Energy Co. Ltd., Australia through the National and International Research Alliances Program; ","https://ieeexplore.ieee.org/stamp/stamp.jsp?arnumber=7479586","Demand response;energy storage;multi-stage electric network distribution planning;probability of exceedance;risk-managed cost;uncertainty","Uncertainty;Planning;Artificial neural networks;Investment;Load modeling;Reliability;Australia","","56","","52","IEEE","26 May 2016","Oct. 2016","","IEEE","IEEE Journals"
"Practical Automatic Planning for MV Distribution Network Considering Complementation of Load Characteristic and Power Supply Unit Partitioning","W. Liu; H. Liu; F. Wang; C. Wang; L. Zhao; H. Wang","School of Electrical Engineering, Shandong University, Jinan, China; Key Laboratory of Smart Grid, Ministry of Education, Tianjin University, Tianjin, China; State Grid Shandong Electric Power Company, Jinan, China; State Grid Shandong Electric Power Company, Jinan, China; Economic and Technology Research Institute, State Grid Shandong Electric Power Company, Jinan, China; Key Laboratory of Smart Grid, Ministry of Education, Tianjin University, Tianjin, China",IEEE Access,"22 May 2020","2020","8","","91807","91817","A new practical automatic planning method for MV distribution network considering complementation of load characteristic and division of power supply is presented to solve the problems of large network size and low equipment utilization ratio caused by the lack of consideration of complementation of load characteristic in distribution network planning. First, based on the existing research results on load clustering and grid planning, the concepts of MV distribution network feeder block and power supply unit are redefined and the technical framework of MV distribution network planning considering division of power supply is designed. Then, the evaluation indexes of feeder block partitioning and power supply unit partitioning considering complementation of load characteristic are set up, and rotation center line distance weighting alternate location algorithm is proposed to divide the feeder block. Further, the MV distribution network planning model based on power supply unit partitioning is proposed, which takes the minimum value of the sum of interruption cost based on reliability index and line integrated cost of the planning year. Combining ant colony algorithm, automatic planning algorithm is proposed to get the combinatorial solution of trunk line and branch line. Finally, the scientificalness and practicability of the model and method in this paper was verified through the case study.","2169-3536","","10.1109/ACCESS.2020.2966010","National Natural Science Foundation of China(grant numbers:51477116); ","https://ieeexplore.ieee.org/stamp/stamp.jsp?arnumber=8957040","Load characteristics;block partition;power supply unit;automatic planning","Planning;Power supplies;Distribution networks;Substations;Layout;Wiring;Load modeling","","15","","20","CCBY","13 Jan 2020","2020","","IEEE","IEEE Journals"
"An improved branch-exchange algorithm for large-scale distribution network planning","E. Miguez; J. Cidras; E. Diaz-Dorado; J. L. Garcia-Dornelas","Departamento de Enxeñería Eléctrica, Universidade de Vigo, Vigo, Spain; Departamento de Enxeñería Eléctrica, Universidade de Vigo, Vigo, Spain; Departamento de Enxeñería Eléctrica, Universidade de Vigo, Vigo, Spain; NA",IEEE Transactions on Power Systems,"6 Jan 2003","2002","17","4","931","936","Design of optimal layout for medium-voltage power networks is a common issue in electrical distribution planning. Technical constraints (radial structure, voltage drops, and equipment capacity), and reliability limits must be fulfilled. The function for minimizing includes investments, power losses, and quality of supply costs. The authors present in this paper an improved algorithm based on a branch-exchange technique to solve large-scale problems. A heuristic algorithm for solving a Euclidean Steiner problem is used to improve the network by including transshipment nodes.","1558-0679","","10.1109/TPWRS.2002.804998","","https://ieeexplore.ieee.org/stamp/stamp.jsp?arnumber=1137577","","Large-scale systems;Cost function;Substations;Power system planning;Investments;Medium voltage;Heuristic algorithms;Power system reliability;Associate members;Steiner trees","","85","","13","IEEE","6 Jan 2003","Nov. 2002","","IEEE","IEEE Journals"
"Multistage Coordinated Planning of Active Distribution Networks","N. C. Koutsoukis; P. S. Georgilakis; N. D. Hatziargyriou","School of Electrical and Computer Engineering, National Technical University of Athens, Athens, Greece; School of Electrical and Computer Engineering, National Technical University of Athens, Athens, Greece; School of Electrical and Computer Engineering, National Technical University of Athens, Athens, Greece",IEEE Transactions on Power Systems,"20 Dec 2017","2018","33","1","32","44","This paper introduces a multistage coordinated planning method for active distribution networks (ADN). The proposed methodology optimizes, in a coordinated manner, multiple planning alternatives, i.e., reinforcement of the existing substations and distribution lines, network expansion, as well as capacitor and voltage regulator placement in conjunction with the active management of distributed generation (DG). The active management considers the control of the active and reactive power output of the DG units. The proposed multistage coordinated planning methodology aims at minimizing the net present value of the network investment cost. To handle the high complexity of the planning problem, two successive planning procedures are developed. First, the location and capacity of the multiple planning alternatives are computed incorporating the active management of DG. Afterwards, using a heuristic approach, the time period for the commissioning of the computed network investments along the planning period is defined. To validate its effectiveness and performance, the proposed method is applied to a 24-bus distribution test system and a real-world 267-bus distribution system.","1558-0679","","10.1109/TPWRS.2017.2699696","European Commission(grant numbers:FP7-ENERGY-2012.7.1.1-308755); ","https://ieeexplore.ieee.org/stamp/stamp.jsp?arnumber=7915769","Active distribution network;distributed generation;multistage planning;network expansion;power distribution planning","Planning;Substations;Investment;Integrated circuits;Voltage control;Regulators;Reactive power","","136","","36","IEEE","2 May 2017","Jan. 2018","","IEEE","IEEE Journals"
"TSC-Based Method to Enhance Asset Utilization of Interconnected Distribution Systems","J. Xiao; T. Zhang; G. Zu; F. Li; C. Wang","Key Laboratory of Smart Grid of Ministry of Education, Tianjin University, Tianjin, China; China Institute of Atomic Energy, Beijing, China; Key Laboratory of Smart Grid of Ministry of Education, Tianjin University, Tianjin, China; University of Tennessee, Knoxville, TN, USA; Key Laboratory of Smart Grid of Ministry of Education, Tianjin University, Tianjin, China",IEEE Transactions on Smart Grid,"19 Apr 2018","2018","9","3","1718","1727","This paper proposes a new planning method for interconnected smart distribution networks based on total supply capability (TSC), which provides better utilization of existing assets. The specific five steps of the proposed TSC-based planning are: 1) analysis of the power supply problem; 2) calculation of the TSC value; 3) verification and adjustment of TSC and total load; 4) verification between distributed TSC and each feeder load; and 5)  ${N-1}$  simulation. The load allocation problem is solved with a model that is capable of searching optimized load allocation considering  ${N-1}$  security constraints. Two planning cases are presented to illustrate this method and to compare it with traditional substation-network two-step planning. It is shown that the TSC-based planning can exploit existing networks efficiently and save money. The proposed planning approach is suitable for urban smart distribution networks featured by distribution automation and large-scale interconnection.","1949-3061","","10.1109/TSG.2016.2598816","Key Research and Development Program of China(grant numbers:2016YFB0900103); National Natural Science Foundation of China(grant numbers:51477112); Program for New Century Excellent Talents(grant numbers:NCET-10-0624); ","https://ieeexplore.ieee.org/stamp/stamp.jsp?arnumber=7536650","Interconnected distribution system;total supply capability (TSC);asset;planning measure;load allocation;N–1 security","Planning;Substations;Resource management;Load modeling;Security;Power supplies;Computational modeling","","15","","27","IEEE","9 Aug 2016","May 2018","","IEEE","IEEE Journals"
"Research on Multi-Objective Coordinated Planning of Distribution Networks Based on Improved Generative Adversarial Networks","L. Zhu","Gongshu Power Supply Branch, State Grid Hangzhou Power Supply Company, Hangzhou, Zhejiang, China",IEEE Access,"1 Aug 2025","2025","13","","134129","134142","This paper addresses the significant challenges that the uncertainty of renewable energy (RE) outputs, such as wind and solar power, bring to distribution network planning and operation by proposing a multi-objective bi-level distribution network planning model based on an improved generative adversarial network and carbon footprint analysis. Firstly, a Wasserstein Generative Adversarial Network with Gradient Penalty (WGAN-GP) is employed to simulate numerous wind and solar output scenarios, which are then reduced using the K-medoids clustering algorithm. Secondly, carbon footprint coefficients for each generation unit are determined through a life cycle assessment method. Next, a bi-level distribution network planning model considering carbon footprints is established: the upper level minimizes the annual comprehensive cost by optimizing the planning schemes of distributed generation (DG), energy storage systems (ESS), and capacitor banks (CB); the lower level minimizes operating costs, voltage deviations, and carbon emissions by formulating operation strategies under typical scenarios, considering on-load tap changers (OLTC), controllable loads, capacitor banks, energy storage, and distributed generation. Then, the upper and lower levels of the model are coupled and unified into a single-level model. The normalized normal constraint (NNC) method is used to solve the single-level multi-objective model. Finally, simulation analyses are conducted on the IEEE 33-node distribution system to verify the model’s effectiveness.","2169-3536","","10.1109/ACCESS.2025.3592675","","https://ieeexplore.ieee.org/stamp/stamp.jsp?arnumber=11096593","Renewable energy;generative adversarial network;carbon footprint;bi-level planning model;normalized normal constraint","Planning;Distribution networks;Costs;Generative adversarial networks;Carbon dioxide;Carbon footprint;Probability distribution;Investment;Uncertainty;Renewable energy sources","","2","","32","CCBY","25 Jul 2025","2025","","IEEE","IEEE Journals"
"Application of evolutionary algorithms for the planning of urban distribution networks of medium voltage","E. Diaz-Dorado; J. Cidras; E. Miguez","Departamento de Enxeeria Electrica, Universidade de Vigo, Vigo, Spain; Departamento de Enxeeria Electrica, Universidade de Vigo, Vigo, Spain; Departamento de Enxeeria Electrica, Universidade de Vigo, Vigo, Spain",IEEE Transactions on Power Systems,"7 Nov 2002","2002","17","3","879","884","Currently, an important issue in power distribution is the need to optimize medium voltage (MV) networks serving urban areas. This paper shows how an evolutionary algorithm can be used as the basis for the type of efficient algorithm such optimization demands. The search for optimal network solution will be restricted to a graph defined from the urban map, so each graph branch represents a trench. The solution space (networks) is assumed with ""loop feeder circuits"": networks with two electrical paths from the high voltage/medium voltage (HV/MV) substations to the customers. In the optimization process, the investment and loss load costs are considered taking into account the constraints of conductor capacities and voltage drop. The investment costs will take into account that some cables can be lying in the same trench. The process was applied for a Spanish city of 200,000 inhabitants.","1558-0679","","10.1109/TPWRS.2002.800975","","https://ieeexplore.ieee.org/stamp/stamp.jsp?arnumber=1033739","","Evolutionary computation;Urban planning;Medium voltage;Investments;Power distribution;Urban areas;Circuits;Substations;Constraint optimization;Cost function","","95","","11","IEEE","7 Nov 2002","Aug. 2002","","IEEE","IEEE Journals"
"Measuring Influence of Indices in DN Planning","S. Gupta; V. K. Yadav; M. Singh","Department of Electrical Engineering, Delhi Technological University, Delhi, India; Department of Electrical Engineering, Delhi Technological University, Delhi, India; Department of Electrical Engineering, Delhi Technological University, Delhi, India",IEEE Systems Journal,"30 Aug 2023","2023","17","3","4149","4152","The optimal distribution network (DN) setup in the modern framework baffles the DN planner, as various technoeconomic impacts need to be analyzed. The prevailing studies urge multiobjective problem formulation to quantify the wide range of technoeconomic performance indices; however, no adequate method is posited to measure the relative influence coefficient of these indices in DN planning. This article proposes a novel method based on the Shannon entropy formula to determine the relative influence level of indices in multiobjective optimally distributed generation unit(s) placement problems. Numerical results have been presented to validate the efficacy of the proposed approach over the previously published strategies.","1937-9234","","10.1109/JSYST.2023.3250226","","https://ieeexplore.ieee.org/stamp/stamp.jsp?arnumber=10067240","Distribution network (DN);DN planning;Shannon entropy (SE);weighted-sum multiobjective analysis","Indexes;Planning;Reliability;Distribution networks;Voltage;Renewable energy sources;Optimization","","","","19","IEEE","13 Mar 2023","Sept. 2023","","IEEE","IEEE Journals"
"A Holistic Approach for Planning Natural Gas and Electricity Distribution Networks","C. A. Saldarriaga; R. A. Hincapié; H. Salazar","Department of Electrical Engineering, Technological University of Pereira, Pereira, Colombia; Department of Electrical Engineering, Technological University of Pereira, Pereira, Colombia; Department of Electrical Engineering, Technological University of Pereira, Pereira, Colombia",IEEE Transactions on Power Systems,"17 Oct 2013","2013","28","4","4052","4063","This paper presents a new planning expansion model of an electricity and natural gas distribution system that has high penetration of distributed generation based on natural gas. The model entails lower investment costs as compared to traditional planning models that consider both systems (electricity and natural gas) as independent networks. This model is especially convenient for utilities that own both systems, as electricity and natural gas customers can derive benefits (via electricity or natural gas tariffs) if there are significant savings in investment costs. For fast-growing economies, the merging of electricity and natural gas distribution systems is seen as a promising business opportunity in which economies of scope can have lower investment costs, so there is a definite need for this type of approach.","1558-0679","","10.1109/TPWRS.2013.2268859","","https://ieeexplore.ieee.org/stamp/stamp.jsp?arnumber=6557115","Distributed generation;electricity distribution system planning;integration of natural gas and distribution systems;natural gas distribution system planning","Natural gas;Electricity;Planning;Pipelines;Investment;Substations;Mathematical model","","140","","40","IEEE","10 Jul 2013","Nov. 2013","","IEEE","IEEE Journals"
"Distribution System Planning","S. S. Venkata; A. Pahwa","Kansas State University, USA; University of Washington, USA","Electric Power and Energy Distribution Systems: Models, Methods, and Applications","","2023","","","89","122","Summary <p>In a simple sense, distribution system planning means being prepared to meet the electricity needs of the customers in the future. Load factor is a term that relates to changes in load over a period of time with respect to the peak load. In other words, it describes the extent to which the load stays close to the peak load. In addition to minimizing the cost of the equipment needed for a distribution system, the job of a planning engineer is to ensure that the selected equipment, layout, and installation meet the design criteria. Distribution substation is where transmission or sub transmission system ends and distribution system begins. The secondary system is that part of the distribution system which is closest to the customers. It includes the distribution transformers, secondary feeders, and service drops. In general, the distribution systems can be divided into three types based on the load density: urban, semiurban, and rural.</p>","","9781119838265","10.1002/9781394329694.ch5","","https://ieeexplore.ieee.org/xpl/ebooks/bookPdfWithBanner.jsp?fileName=10922849.pdf&bkn=10922800&pdfType=chapter","","Planning;Load forecasting;Substations;Market research;Transformers;Water heating;Surveys;Load modeling;Lighting;Forecasting","","","","","","11 Mar 2025","","","IEEE","Wiley-IEEE Press eBook Chapters"
"Determination of reliability worth for distribution system planning","L. Goel; R. Billinton","School of Electrical and Electronic Engineering, Nanyang Technological University, Singapore; Power Systems Research Group, Department of Electrical Engineering, University of Saskatchewan, Canada",IEEE Transactions on Power Delivery,"6 Aug 2002","1994","9","3","1577","1583","There is an ever growing demand to justify reliability projects on a more quantifiable basis, i.e. investments related to the provision of service reliability needs to be carefully evaluated in regard to their cost and benefit implications. In addition, utilities are recognizing the significant customer and community costs that are incurred when electric supply is abruptly curtailed. Consequently, the utility industry is under pressure to assess their reliability evaluation tools and formulate methods for incorporating the economics of reliability in the decision-making process. This paper is concerned with the evaluation of a reliability worth index that can be used to make decisions in distribution system planning and design. The reliability worth index is termed the interrupted energy assessment rate (IEAR) and is obtained by relating the reliability indices to the customer cost of interruption data. Three fundamentally different approaches for evaluating distribution system reliability worth indices are presented and compared using a small but comprehensive test system. The impact on the worth indices of distribution system operating policies and configurations is also illustrated using the three methods. The worth indices developed can be used to determine the monetary implications of customer supply interruptions thereby incorporating economics in the reliability cost-benefit equation.<>","1937-4208","","10.1109/61.311207","","https://ieeexplore.ieee.org/stamp/stamp.jsp?arnumber=311207","","Power system reliability;Investments;Power generation economics;System testing;Cost function;Power generation;Ear;Technology planning;Reliability engineering;Electricity supply industry","","56","","14","IEEE","6 Aug 2002","July 1994","","IEEE","IEEE Journals"
"Imposing Radiality Constraints in Distribution System Optimization Problems","M. Lavorato; J. F. Franco; M. J. Rider; R. Romero","Faculdade de Engenharia de Ilha Solteira, Departamento de Engenharia Elétrica, UNESP-Universidade Estadual Paulista, Ilha Solteira, Sao Paulo, Brazil; Faculdade de Engenharia de Ilha Solteira, Departamento de Engenharia Elétrica, UNESP-Universidade Estadual Paulista, Ilha Solteira, Sao Paulo, Brazil; Faculdade de Engenharia de Ilha Solteira, Departamento de Engenharia Elétrica, UNESP-Universidade Estadual Paulista, Ilha Solteira, Sao Paulo, Brazil; Faculdade de Engenharia de Ilha Solteira, Departamento de Engenharia Elétrica, UNESP-Universidade Estadual Paulista, Ilha Solteira, Sao Paulo, Brazil",IEEE Transactions on Power Systems,"19 Jan 2012","2012","27","1","172","180","Distribution systems commonly operate with a radial topology, so all models of optimization problems in these distribution systems should consider radiality in their formulation. This work presents a literature review, a critical analysis, and a proposal for incorporating the radiality constraints in mathematical models of optimization problems for radial distribution systems. The objective is to show that the radiality constraints on such optimization problems can be considered in a simple and efficient way. The reconfiguration and expansion planning problems of distribution systems are used to test and verify the proposed radiality constraints. A generalization of radiality constraints is also examined.","1558-0679","","10.1109/TPWRS.2011.2161349","","https://ieeexplore.ieee.org/stamp/stamp.jsp?arnumber=5982115","Distribution system optimization;distribution system planning;distribution system reconfiguration;mixed integer nonlinear programming;radiality constraint of the electrical distribution system","Substations;Digital signal processing;Mathematical model;Topology;Optimization;Planning;Reactive power","","521","","32","IEEE","11 Aug 2011","Feb. 2012","","IEEE","IEEE Journals"
"Cyber-Physical Integrated Planning of Distribution Networks Considering Spatial-Temporal Flexible Resources","S. Wu; Q. Wang; Q. Chen; C. Yu; Y. Tang","NA; School of Electrical Engineering, Southeast University, Nanjing, China; NA; NA; NA",Protection and Control of Modern Power Systems,"7 May 2024","2024","9","3","142","156","The rapid development of cyber technology and the increase of flexible resources have transformed the distribution network into a cyber-physical distribution system, while the accompanying multidimensional uncertainties have brought new planning challenges. In this paper, an innovative approach is proposed to effectively leverage distributed resources while considering the impact of cyber-physical coupling in distribution network planning. A cyber-physical integrated planning model of the distribution network is proposed, considering the effects of spatial-temporal flexible resources and multi-network coupling. Specifically, a three-layer optimization model is established and analyzed by the simulate anneal-particle swarm optimization algorithm. The upper layer achieves the optimization of the location and configuration of energy storage systems and smart terminal units. The middle layer optimizes the data load migration strategy using spatial-temporal flexible resources to solve the voltage exceeding problem caused by high penetration of distributed power access, while the lower layer optimizes the cyber side communication topology, improving the convergence speed and control performance of the distribution network. Then, the optimization model is analyzed iteratively with objective functions including total planning cost, operation excess loss and distributed control performance. Finally, the effectiveness and economy of the proposed planning scheme is verified and compared to traditional methods.","2367-0983","","10.23919/PCMP.2023.000316","National Key R&D Program of China(grant numbers:2019YFE0118000); ","https://ieeexplore.ieee.org/stamp/stamp.jsp?arnumber=10480321","Cyber-physical distribution system;distributed resources;integrated planning model;spatial-temporal migration","Planning;Distribution networks;Communication networks;Optimization;Voltage control;Costs;Reliability","","35","","41","","26 Mar 2024","May 2024","","PSPC","PSPC Journals"
"A Resilience-Oriented Multi-Stage Adaptive Distribution System Planning Considering Multiple Extreme Weather Events","S. Wang; R. Bo","Department of Electrical and Computer Engineering, Missouri University of Science and Technology, Rolla, MO, USA; Department of Electrical and Computer Engineering, Missouri University of Science and Technology, Rolla, MO, USA",IEEE Transactions on Sustainable Energy,"22 Mar 2023","2023","14","2","1193","1204","Climate change may increase the risk of an area being hit by multiple extreme weather events, which brings significant challenges for distribution system planners in an increasing renewable penetration era. There is an urgent need for planning approaches to be more flexible and allow for adaptive adjustments in the future to hedge against high uncertainties in extreme weather event scenarios. In this work, we propose a resilience-oriented distribution system planning approach that considers multiple extreme weather events. A multi-stage hybrid-stochastic-and-robust formulation is developed to model decisions not only for initial investments, but also for adaptive investments and emergent operations in response to particular extreme events, meanwhile considering both long-term and short-term uncertainties. Our model is solved by a novel progressive hedging algorithm that is embedded with a nested column-and-constraint generation method. Case studies demonstrate the benefits of the proposed approach in making flexible and affordable planning decisions to protect distribution systems against multiple extreme weather events.","1949-3037","","10.1109/TSTE.2023.3234916","","https://ieeexplore.ieee.org/stamp/stamp.jsp?arnumber=10012128","Distribution system resilience;mobile energy storage;multiple extreme weather events;multi-stage adaptive optimization;resilience-oriented planning","Planning;Meteorology;Uncertainty;Renewable energy sources;Investment;Adaptation models;Adaptive systems;Climate change;Energy storage;Resilience","","61","","31","IEEE","9 Jan 2023","April 2023","","IEEE","IEEE Journals"
"Multi-Objective Approach for Distribution System Planning Considering Stochastic Customer-Owned Distributed Energy Resources","R. S. F. Ferraz; R. S. F. Ferraz; V. F. S. Júnior; A. C. Rueda-Medina","Department of Electrical Engineering, Federal University of Espírito Santo, Vitória, Brazil; Department of Renewable Energy Technology, Federal University of Piauí, Teresina, Brazil; Department of Engineering and Computing, State University of Santa Cruz, Ilhéus, Brazil; Department of Electrical Engineering, Federal University of Espírito Santo, Vitória, Brazil",IEEE Access,"7 Mar 2025","2025","13","","40561","40576","The installation of distributed energy resources (DERs) by end-customers has increased significantly in recent years. While customer-owned DERs offer various benefits, their integration adds complexity to distribution system planning due to the unpredictability of their quantity, sizes, and locations. Consequently, they are referred to as stochastic customer-owned DERs in this study. In the specialized literature, optimization-based DER allocation is often explored; however, these allocation problems typically assume that the distribution system operator has control over the allocation of DERs within the grid, whereas real-world investments are predominantly driven by end-customers. Therefore, in this article, a multi-objective planning approach is proposed considering stochastic customer-owned DERs. This approach simultaneously addresses dynamic network reconfiguration, capacitors allocation, and dynamic adjustment of on-load tap changer transformer. The main objective is to minimize power loss costs and improve the system’s voltage profile by minimizing a novel voltage consistency indicator (VCI) introduced in this article. The optimization problem is solved using the Multi-objective Cuckoo Search, with the final solution selected through the Fuzzy Decision-making Method. Additionally, the Monte Carlo Method is employed to address uncertainties related to load, DER generation, and the quantity, sizes, and locations of customer-owned DERs. Finally, the results highlighted the importance of conducting a multi-period analysis, as it led to improvements compared to the static analysis. The proposed approach effectively reduced the VCI by 72.41% and minimized the power loss costs by 68.56% compared to the original system.","2169-3536","","10.1109/ACCESS.2025.3547277","Fundação de Amparo à Pesquisa e Inovação do Espírito Santo—Brazil (FAPES)(grant numbers:026/2021); ","https://ieeexplore.ieee.org/stamp/stamp.jsp?arnumber=10908807","Capacitor allocation;distributed energy resources;multi-objective optimization;network reconfiguration;on-load tap changer transformer;voltage consistency indicator","Capacitors;Planning;Optimization;Transformers;Resource management;Uncertainty;Switches;Distributed power generation;Reactive power;Photovoltaic systems","","4","","34","CCBY","3 Mar 2025","2025","","IEEE","IEEE Journals"
"A Practical Feeder Planning Model for Urban Distribution System","M. Wang; M. Yang; Z. Fang; M. Wang; Q. Wu","Key Laboratory of Power System Intelligent Dispatch and Control, Ministry of Education, Shandong University, Jinan, Shandong, China; Key Laboratory of Power System Intelligent Dispatch and Control, Ministry of Education, Shandong University, Jinan, Shandong, China; Key Laboratory of Power System Intelligent Dispatch and Control, Ministry of Education, Shandong University, Jinan, Shandong, China; Key Laboratory of Power System Intelligent Dispatch and Control, Ministry of Education, Shandong University, Jinan, Shandong, China; Department of Electrical Engineering, Technical University of Denmark, Kgs. Lyngby, Denmark",IEEE Transactions on Power Systems,"27 Feb 2023","2023","38","2","1297","1308","There is a significant gap between academic research and practical application for power distribution system planning (PDSP). For most of the existing PDSP models in academic research, cost is used as the objective function, and the most common constraints are power flow equality constraints, bus voltage or voltage drop limits, substation and feeder capacity limits, etc. Although various advanced models and methods have been proposed, they are rarely used in real distribution system companies. This paper proposes a new feeder planning model for the urban distribution network considering various practical requirements. According to field investigation, “supply electricity to loads using nearby power sources” is used as the objective, and it is analytically expressed by load moment. Block loads, practical street layout, meshed network configuration, connection mode of feeders, non-crossing requirement of feeders, power supply radius, etc., are all respected and embedded in the model. The proposed model is recast as a mixed integer linear programming (MILP) problem, and it can be solved by the state-of-art commercial solver. The effectiveness and validity of the proposed model are illustrated on a 9-block test system and a real 22-block district distribution system.","1558-0679","","10.1109/TPWRS.2022.3170933","National Key Research and Development Program of China(grant numbers:2019YFE0118400); ","https://ieeexplore.ieee.org/stamp/stamp.jsp?arnumber=9765343","Block loads;connection mode;mixed integer linear programming;street layout;urban distribution network planning","Planning;Costs;Layout;Load modeling;Junctions;Substations;Distribution networks","","71","","27","IEEE","28 Apr 2022","March 2023","","IEEE","IEEE Journals"
"Optimal Planning of Radial Distribution Networks by Simulated Annealing Technique","J. M. Nahman; D. M. Peric","University of Belgrade, Belgrade, Serbia; NA",IEEE Transactions on Power Systems,"22 Apr 2008","2008","23","2","790","795"," A method for optimal planning of radial distribution networks is presented in detail based upon a combination of the steepest descent and the simulated annealing approaches. The object of investigation is the complete network of available routes and the optimization goal is to find the routes that provide the minimal total annual cost. The minimum capital cost oriented solution created by applying the steepest descent approach is used as the initial solution for the optimization procedure that is further improved by simulated annealing to obtain the minimum total cost solution. The method takes into account the capital recovery, energy loss and undelivered energy costs. ","1558-0679","","10.1109/TPWRS.2008.920047","","https://ieeexplore.ieee.org/stamp/stamp.jsp?arnumber=4480151","Annual costs;optimal routing;radial networks;simulated annealing","Simulated annealing;Cost function;Substations;Voltage;Ant colony optimization;Tree graphs;Energy loss;Routing;Constraint optimization;Investments","","128","","13","IEEE","22 Apr 2008","May 2008","","IEEE","IEEE Journals"
"A Resilience Enhancement Planning Framework Capturing Customers’ Participation in Distribution Systems","A. Alavi-Eshkaftaki; M. Amin Latify; M. Fotuhi-Firuzabad; P. Dehghanian","Department of Electrical and Computer Engineering, Isfahan University of Technology, Isfahan, Iran; Department of Electrical and Computer Engineering, Isfahan University of Technology, Isfahan, Iran; Department of Electrical Engineering, Sharif University of Technology, Tehran, Iran; Department of Electrical and Computer Engineering, The George Washington University, Washington, DC, USA",IEEE Transactions on Smart Grid,"20 Feb 2025","2025","16","2","957","972","This paper presents a novel planning framework to enhance the resilience of energy supply to customers in power distribution systems. The framework involves three key stakeholders: the regulator as the governing entity that enforces regulatory mechanisms to oversee the performance of the distribution system operator (DSO); the DSO that reinforces the infrastructure by placing emergency distributed generations and hardening sections, implements necessary operational decisions, and facilitates customers’ participation by introducing appropriate incentives; and customers who may (i) gain the desired resilience through investing in self-generation, (ii) rely on the resilience provided by the DSO along with paying the agreed-upon insurance premiums, or (iii) opt for a mix of both approaches. The proposed framework is designed through a four-step process. First, the regulatory mechanisms are established by setting a standard resilience index for the penalty and reward model as well as a revenue cap for the DSO under a revenue-cap regulation using customized optimization problems aimed at optimizing DSO’s costs without customers’ participation. Next, an integrated resilience enhancement optimization problem that coordinates the strategies of the DSO and customers is formulated as a mixed-integer linear programming model, focusing on the global objective functions of the DSO and customers. Finally, the economic benefits are distributed between the DSO and customers who are justified for investment in self-generation using a suggested method based on Monte-Carlo estimation, in which the Fisher-Yates shuffle technique and a designated optimization problem are employed. Applied to the IEEE 33-bus test system for two case studies, the proposed framework is proven to be effective in enhancing resilience, achieving regulatory objectives, and providing economic benefits for both the DSO and customers, creating a mutually beneficial scenario for all parties involved.","1949-3061","","10.1109/TSG.2024.3471783","Iran National Science Foundation (INSF); National Science Foundation(grant numbers:ECCS-2114100); ","https://ieeexplore.ieee.org/stamp/stamp.jsp?arnumber=10701013","Customers;disruptive events;distribution system operator (DSO);mixed-integer linear programming (MILP);regulator;resilience","Resilience;Reactive power;Planning;Costs;Investment;Indexes;Linear programming;Fault tolerance;Substations;Mixed integer linear programming","","10","","31","IEEE","1 Oct 2024","March 2025","","IEEE","IEEE Journals"
"A Customer-Focused Resilience Enhancement Planning Framework in Distribution Systems Through a Leader-Follower Approach","A. Alavi-Eshkaftaki; M. A. Latify; M. Fotuhi-Firuzabad; P. Dehghanian; M. S. Ghazizadeh","Department of Electrical and Computer Engineering, Isfahan University of Technology, Isfahan, Iran; Department of Electrical and Computer Engineering, Isfahan University of Technology, Isfahan, Iran; Department of Electrical Engineering, Sharif University of Technology, Tehran, Iran; Department of Electrical & Computer Engineering, The George Washington University, Washington, DC, USA; Faculty of Electrical Engineering, Shahid Beheshti University, Tehran, Iran",IEEE Transactions on Power Systems,"20 Apr 2026","2026","41","3","2357","2372","This paper proposes a customer-focused resilience enhancement planning framework in power distribution systems considering a leader-follower approach under appropriate regulatory mechanisms. The regulator, distribution system operator (DSO), and customers are the key players in this framework, implemented through a three-step process. Firstly, the regulator establishes a penalty-reward model (PRM). Subsequently, the revenue-cap regulation is applied, and finally, customers’ participation is incorporated through a leader-follower approach, modeled using a bi-level optimization problem. This approach considers the individual objectives of the DSO (as the leader) and interested customers to invest in self-generation (as followers), reflecting the accuracy, realism, and practicality of this framework since each entity looks for optimizing its own objective. Furthermore, the incentives provided by the DSO for customers’ participation are directly modeled into the objectives of both the leader and followers. The proposed stochastic bi-level optimization problem, which takes the form of a mixed-integer linear programming (MILP) model, is solved using a reformulation and decomposition technique based on the column-and-constraint generation. Deploying the IEEE 33-bus test system exposed to a hurricane, the capability of the proposed framework is validated in enhancing the energy supply resilience under the regulatory objectives while achieving economic benefits for all involved entities.","1558-0679","","10.1109/TPWRS.2025.3647810","Iran National Science Foundation; National Science Foundation(grant numbers:ECCS-2114100); ","https://ieeexplore.ieee.org/stamp/stamp.jsp?arnumber=11314760","Customers’ participation;distribution system operator (DSO);leader-follower approach;mixed-integer linear programming (MILP);regulator;resilience","Resilience;Reactive power;Planning;Costs;Investment;Linear programming;Companies;Hurricanes;Voltage;Substations","","1","","33","IEEE","24 Dec 2025","May 2026","","IEEE","IEEE Journals"
"Possibilistic model based on fuzzy sets for the multiobjective optimal planning of electric power distribution networks","I. J. Ramirez-Rosado; J. A. Dominguez-Navarro","Department of Electrical Engineering, University of La Rioja, Logrono, Spain; Department of Electrical Engineering, University of Zaragoza, Zaragoza, Spain",IEEE Transactions on Power Systems,"1 Nov 2004","2004","19","4","1801","1810","This paper presents a new possibilistic (fuzzy) model for the multiobjective optimal planning of power distribution networks that finds out the nondominated multiobjective solutions corresponding to the simultaneous optimization of the fuzzy economic cost, level of fuzzy reliability, and exposure (optimization of robustness) of such networks, using an original and powerful meta-heuristic algorithm based on Tabu Search. This model determines the optimal location and size of the future feeders and substations in distribution networks with dimensions significantly larger than the ones usually presented in papers on the matter. The model also allows to determine the optimal reserve feeders (location and size) that provide the best distribution network reliability at the lowest cost for a given level of robustness (exposure). The model and the algorithm have been intensively tested in real distribution networks, which proves their practical application to large power distribution systems.","1558-0679","","10.1109/TPWRS.2004.835678","","https://ieeexplore.ieee.org/stamp/stamp.jsp?arnumber=1350817","Fuzzy sets;multiobjective optimization;planning;power distribution systems;Tabu search","Fuzzy sets;Cost function;Robustness;Power systems;Power generation economics;Substations;Power system reliability;Power system modeling;System testing;Power distribution","","105","","24","IEEE","1 Nov 2004","Nov. 2004","","IEEE","IEEE Journals"
"Spatial Optimization for the Planning of Sparse Power Distribution Networks","J. R. E. Fletcher; T. Fernando; H. H. -C. Iu; M. Reynolds; S. Fani","University of Western Australia, Crawley, WA, Australia; University of Western Australia, Crawley, WA, Australia; University of Western Australia, Crawley, WA, Australia; University of Western Australia, Crawley, WA, Australia; Western Power, Perth, WA, Australia",IEEE Transactions on Power Systems,"18 Oct 2018","2018","33","6","6686","6695","This paper presents a novel method to determine the optimal routing of medium voltage distribution networks in sparse rural areas. The objective is evaluated through minimizing the net present cost of the network over a selected time period. A problem specific genetic algorithm is proposed to address the optimal network routing problem and compute the optimized topology throughout a geographically constrained region. The proposed method simultaneously considers nonfixed candidate lines to overcome search space restrictions through a variable length encoding structure and the use of Steiner points, and a shortest path algorithm to traverse between point-to-point connections in the constrained region. Geographical restrictions on network routing are considered through the formation of a rasterized map. The network is modeled at the branch level and considers both greenfield and expansion planning to highlight the effects of accessibility restrictions. The optimization model is applied to a real rural distribution network in the South-West of Western Australia. Alternative network topologies are found to provide significant improvements over the existing network and traditional reconfiguration based methods for evaluating the minimum cost sparse rural distribution network.","1558-0679","","10.1109/TPWRS.2018.2846407","Western Power; ","https://ieeexplore.ieee.org/stamp/stamp.jsp?arnumber=8379446","Genetic algorithm (GA);geographic information systems (GIS);power distribution planning (PDP);Steiner trees","Optimization;Network topology;Geographic information systems;Genetic algorithms;Power system planning;Power distribution;Steiner trees","","33","","29","IEEE","11 Jun 2018","Nov. 2018","","IEEE","IEEE Journals"
"Measured Effect of Wind Generation on the Fuel Consumption of an Isolated Diesel Power System","P. H. Stiller; G. W. Scott; R. K. Shaltens","Advanced Systems Technology, Westinghouse Electric Corporation, Pittsburgh, PA; Advanced Systems Technology, Westinghouse Electric Corporation, Pittsburgh, PA; NASA Lewis Research Center, Clevelend, OH",IEEE Power Engineering Review,"23 Jul 2010","1983","PER-3","6","53","54","The Block Island Power Company (BIPCO), on Block Island, Rhode Island, operates an isolated electric power system consisting of diesel generation and an experimental wind turbine. The 150-kW wind turbine, designated MOD-OA by the U.S. Department of Energy is typically operated in parallel with two diesel generators to serve an average winter load of 350 kW. Wind generation serves up to 60% of the system demand depending on wind speed and total system load. Results of diesel fuel consumption measurements are given for the diesel units operated in parallel with the wind turbine and again without the wind turbine. The fuel consumption data are used to calculate the amount of fuel displaced by wind energy. Results indicate that the wind turbine displaced 25,700 lbs. of the diesel fuel during the test period, representing a calculated reduction in fuel consumption of 6.7% while generating 11% of the total electrical energy. The amount of displaced fuel depends on operating conditions and system load. It is also shown that diesel engine throttle activity resulting from wind gusts which rapidly change the wind turbine output do not significantly influence fuel consumption.","1558-1705","","10.1109/MPER.1983.5519053","","https://ieeexplore.ieee.org/stamp/stamp.jsp?arnumber=5519053","","Power measurement;Wind power generation;Power generation;Wind energy generation;Fuels;Power system measurements;Wind turbines;Wind speed;Wind energy;Testing","","1","","","IEEE","23 Jul 2010","June 1983","","IEEE","IEEE Magazines"
"Symposium on Higher Distribution Voltage for Metropolitan Areas; A New Approach to the Problem of Higher Distribution Voltages [includes discussion]","A. M. deBellis; S. B. Griscom","Consolidated Edison Company of NY, Inc., New York, NY, USA; Westinghouse Electric Corporation, East Pittsburgh, PA, USA",Transactions of the American Institute of Electrical Engineers. Part III: Power Apparatus and Systems,"7 May 2008","1954","73","2","1508","1511","","2379-6766","","10.1109/AIEEPAS.1954.4498997","","https://ieeexplore.ieee.org/stamp/stamp.jsp?arnumber=4498997","","Buildings;Lighting;Companies;Loading;Layout;Integrated circuit reliability;Air conditioning;indium;operations research;beryllium;astatine;installation;iodine","","","","8","IEEE","7 May 2008","Jan. 1954","","IEEE","IEEE Journals"
"A comprehensive long-term power distribution system expansion planning model","H. K. Temraz; M. M. A. Salama","Electrical Power and Machines Engineering Dept., Ain-Shams University, Abassia. Cairo. Egypt; Dept. of Electrical and Computer Engineering, University of Waterloo, Waterloo, Ontario N2L 3G1",Canadian Journal of Electrical and Computer Engineering,"5 May 2015","1998","23","4","147","153","A new long-term power distribution system expansion planning model is developed. The model includes accurate representation of the different nonlinear planning cost functions. The cost of expanding an existing substation by adding transformer units is also included in the planning cost formulation. Moreover, power-conservation, voltage-drop and equipment-capacity constraints are explicitly included in the planning problem formulation. The developed model is illustrated using a numerical example and is tested for both efficiency and accuracy.","0840-8688","","10.1109/CJECE.1998.7101949","","https://ieeexplore.ieee.org/stamp/stamp.jsp?arnumber=7101949","","Planning;Substations;Cost function;Mathematical model;Numerical models;Voltage transformers;Load flow","","","","","IEEE","5 May 2015","Oct. 1998","","IEEE","IEEE Journals"
"Discussion","",,Transactions of the American Institute of Electrical Engineers. Part III: Power Apparatus and Systems,"7 May 2008","1958","77","3","1485","1486","","2379-6766","","10.1109/AIEEPAS.1958.4500187","","https://ieeexplore.ieee.org/stamp/stamp.jsp?arnumber=4500187","","Planning;Conductors;Regulators;Substations;Economics;Construction industry;Standardization;indium;arsenic;beryllium;paper;operations research","","","","2","IEEE","7 May 2008","April 1958","","IEEE","IEEE Journals"
"Dynamic VAR Resource Planning for Voltage Stability Enhancement","Y. Xu; Y. Chi; H. Yuan",NA; NA; NA,Stability-Constrained Optimization for Modern Power System Operation and Planning,"","2023","","","285","291","This chapter introduces the framework for a multi‐stage and multi‐objective power system VAR resource planning approach. The framework consists of the planning and operation stages, which are coordinately optimized. In this chapter, mathematical models of conventional single‐objective planning, single‐stage multi‐objective planning, and multi‐stage multi‐objective planning are described. Finally, this chapter introduces the engineering practices of electric utilities.","","9781119848875","10.1002/9781119848899.ch13","","https://ieeexplore.ieee.org/xpl/ebooks/bookPdfWithBanner.jsp?fileName=10138157.pdf&bkn=10138093&pdfType=chapter","","Planning;Power system stability;Reactive power;Costs;Mathematical models;Stability analysis;Voltage measurement","","","","","","29 May 2023","","","IEEE","Wiley-IEEE Press eBook Chapters"
"Chapter 15 Nontechnical Considerations","A. J. Pansini",NA,Electrical Distribution Engineering,"","2007","","","423","429","Newly revised and edited, this comprehensive volume provides up-to-date information on the latest developments which impact planning and design of electrical distribution systems. Addressing topics such as mechanical designs, materials improvements, total quality control, computer, and electronic circuitry, this book answers questions on everything from the basics of electrical and mechanical design to the selection of optimum materials and equipment. Beginning with initial planning consideration, this book gives a step-by-step guide through each stage of mechanical design of the principal facilities, including substation installation. Also included is data-backed assessment of the latest advance in materials, conductors, insulators, transformers, regulators, capacitators, switches, and substation equipment. Also covered is key non-technical and operation considerations such as safety, quality of service, load shedding, brownouts, demand controls and more. New material in the third edition includes data on polymer insulators, expansion of coverage of cogeneration, distributed generation and underground systems.","","9788770223379","","","https://ieeexplore.ieee.org/xpl/ebooks/bookPdfWithBanner.jsp?fileName=9538581.pdf&bkn=9536780&pdfType=chapter","","","","","","","","15 Sep 2021","","","River Publishers","River eBook Chapters"
"Adaptive Integrated Planning of Electricity Networks and Fast Charging Stations Under Electric Vehicle Diffusion","Y. Tao; J. Qiu; S. Lai; X. Sun; J. Zhao","School of Electrical and Information Engineering, The University of Sydney, Sydney, NSW, Australia; School of Electrical and Information Engineering, The University of Sydney, Sydney, NSW, Australia; School of Electrical and Information Engineering, The University of Sydney, Sydney, NSW, Australia; School of Electrical and Information Engineering, The University of Sydney, Sydney, NSW, Australia; School of Science and Engineering, The Chinese University of Hong Kong, Shenzhen, China",IEEE Transactions on Power Systems,"23 Dec 2022","2023","38","1","499","513","The proliferation of electric vehicles (EVs) is an inevitable trend to realize transportation electrification. However, the increasing charging demand of EVs also brings challenges to future smart grids. To cope with the EV diffusion, this paper presents an adaptive fast charging station (FCS) strategy that considers the integrated network planning and quality of service (QoS) guarantee. First, based on the EV diffusion model and the proposed EV-integrated traffic assignment model, the charging demands at different regions and stages are forecasted. Based on the predicted spatial and temporal EV charging demand, a multistage stochastic distribution expansion planning model is presented, where the distribution network assets and FCSs are jointly considered. To guarantee the quality of the fast-charging services under EV diffusion, a QoS assessment is conducted based on the average waiting time and the average number of dissatisfied leaves. Finally, the proposed planning model allows several alternatives at both the distribution and transmission levels. The cost of electricity network expansion planning is considered as the adaptive cost arisen from the EV diffusion and the increase of the other electrical loads. We aim to find a planning strategy that can adapt to different penetration levels of EVs. The proposed framework and methodology are verified on the IEEE 24-bus power system encompassing 6 IEEE 33-bus distribution networks. It is found out that the proposed strategy shows superiority in both QoS and total costs.","1558-0679","","10.1109/TPWRS.2022.3167666","ARC Research Hub(grant numbers:IH180100020); ARC Training Centre(grant numbers:IC200100023); ARC Linkage(grant numbers:LP200100056); ARC(grant numbers:DP220103881); Shenzhen Institute of Artificial Intelligence and Robotics for Society; National Natural Science Foundation of China(grant numbers:71931003,72061147004); National Natural Science Foundation of China(grant numbers:72171206); ","https://ieeexplore.ieee.org/stamp/stamp.jsp?arnumber=9760012","Fast charging station planning;electric vehicle diffusion;quality of service assessment;adaptive planning","Planning;Costs;Roads;Quality of service;Transportation;Substations;Electric vehicle charging","","72","","35","IEEE","19 Apr 2022","Jan. 2023","","IEEE","IEEE Journals"
"Data-Driven Planning for Renewable Distributed Generation Integration","A. M. Fathabad; J. Cheng; K. Pan; F. Qiu","Department of Systems and Industrial Engineering, University of Arizona, Tucosn, AZ, USA; Department of Systems and Industrial Engineering, University of Arizona, Tucosn, AZ, USA; Department of Logistics and Maritime Studies, Hong Kong Polytechnic University, Kowloon, Hong Kong; Energy Systems Division, Argonne National Laboratory, Lemont, IL, USA",IEEE Transactions on Power Systems,"26 Oct 2020","2020","35","6","4357","4368","As significant amounts of renewable distributed generation (RDG) are installed in the power grid, it becomes increasingly important to plan RDG integration to maximize the utilization of renewable energy and mitigate unintended consequences, such as phase unbalance. One of the biggest challenges in RDG integration planning is the lack of sufficient information to characterize uncertainty (e.g., load and renewable output). In this paper, we propose a two-stage data-driven distributionally robust optimization model (O-DDSP) for the optimal placement of RDG resources, with both load and generation uncertainties described by a data-driven ambiguity set that both enables more flexibility than stochastic optimization (SO) and allows less conservative solutions than robust optimization (RO). The objective is to minimize the total cost of RDG installation plus the total operational cost on the planning horizon. Furthermore, we introduce a tight approximation of O-DDSP based on principal component analysis (leading to a model called P-DDSP), which reduces the original problem size by keeping the most valuable data in the ambiguity set. The performance of O-DDSP and P-DDSP is compared with SO and RO on the IEEE 33-bus radial network with a real data set, where we show that P-DDSP significantly speeds up the solution procedure, especially when the problem size increases. Indeed, as compared to SO and RO, which become computationally impractical for solving problems with large sample sizes, our proposed P-DDSP can use large samples to increase solution accuracy without increasing the solution time. Finally, extensive numerical experiments demonstrate that optimal RDG planning decisions lead to significant savings as well as increased renewable penetration.","1558-0679","","10.1109/TPWRS.2020.3001235","Bisgrove Scholars program (sponsored by Science Foundation Arizona); Hong Kong Polytechnic University; Research Grants Council of Hong Kong; U.S. Department of Energy(grant numbers:DE-OE0000875); ","https://ieeexplore.ieee.org/stamp/stamp.jsp?arnumber=9112707","Distributionally robust optimization;renewable distributed generation;principal component analysis;semidefinite programming;delayed constraint generation algorithm","Power system planning;Uncertainty;Optimization;Renewable energy sources;Reactive power;Principal component analysis;Distributed power generation","","55","","36","IEEE","9 Jun 2020","Nov. 2020","","IEEE","IEEE Journals"
"Ant colony system algorithm for the planning of primary distribution circuits","J. F. Gomez; H. M. Khodr; P. M. De Oliveira; L. Ocque; J. M. Yusta; R. Villasana; A. J. Urdaneta","Universidad Simón Bolívar, Caracas, Venezuela; Universidad Simón Bolívar, Caracas, Venezuela; Universidad Simón Bolívar, Caracas, Venezuela; Universidad Simón Bolívar, Caracas, Venezuela; Universidad Complutense, Zaragoza, Spain; Universidad Simón Bolívar, Caracas, Venezuela; Universidad Simón Bolívar, Caracas, Venezuela",IEEE Transactions on Power Systems,"4 May 2004","2004","19","2","996","1004","The planning problem of electrical power distribution networks, stated as a mixed nonlinear integer optimization problem, is solved using the ant colony system algorithm (ACS). The behavior of real ants has inspired the development of the ACS algorithm, an improved version of the ant system (AS) algorithm, which reproduces the technique used by ants to construct their food recollection routes from their nest, and where a set of artificial ants cooperate to find the best solution through the interchange of the information contained in the pheromone deposits of the different trajectories. This metaheuristic approach has proven to be very robust when applied to global optimization problems of a combinatorial nature, such as the traveling salesman and the quadratic assignment problem, and is favorably compared to other solution approaches such as genetic algorithms (GAs) and simulated annealing techniques. In this work, the ACS methodology is coupled with a conventional distribution system load-flow algorithm and adapted to solve the primary distribution system planning problem. The application of the proposed methodology to two real cases is presented: a 34.5-kV system with 23 nodes from the oil industry and a more complex 10-kV electrical distribution system with 201 nodes that feeds an urban area. The performance of the proposed approach outstands positively when compared to GAs, obtaining improved results with significant reductions in the solution time. The technique is shown as a flexible and powerful tool for the distribution system planning engineers.","1558-0679","","10.1109/TPWRS.2004.825867","","https://ieeexplore.ieee.org/stamp/stamp.jsp?arnumber=1295010","","Circuits;Power system planning;Power systems;Ant colony optimization;Robustness;Traveling salesman problems;Genetic algorithms;Simulated annealing;Petroleum industry;Feeds","","194","","21","IEEE","4 May 2004","May 2004","","IEEE","IEEE Journals"
"Novel statistical processing methods for wireless field strength prediction","A. Bo; Z. Zhang-dui; Z. Gang; L. Jian-ping","State Key Laboratory of Rail Traffic Control and Safety, Beijing Jiaotong University, Beijing, China; State Key Laboratory of Rail Traffic Control and Safety, Beijing Jiaotong University, Beijing, China; State Key Laboratory of Rail Traffic Control and Safety, Beijing Jiaotong University, Beijing, China; Department of Telecommunications Engineering, Engineering College of Armed Police Force, Xi'an, China",IEEE Transactions on Consumer Electronics,"12 Jan 2010","2009","55","4","1805","1809","This paper mainly deals with the statistical processing methods in wireless filed strength prediction process after sampling data are collected. The conventional standard for data collection and statistical processing in the prediction of wireless filed strength is Lee’s criteria. It utilizes linear averaging to process sampling data, as many other related papers discussed. However, the accuracy of such first order moment estimation is low, especially under serious Rayleigh fading channels. As regards to the defects of the method, we propose four novel statistical processing methods to process the collected data for wireless field strength. Computer simulations and corresponding analysis verify its much better prediction results with small estimation variances1.","1558-4127","","10.1109/TCE.2009.5373735","","https://ieeexplore.ieee.org/stamp/stamp.jsp?arnumber=5373735","Wireless field strength prediction;Statistical processing methods;Wireless mobile network planning;Lee's criteria","Sampling methods;Base stations;Railway safety;Process planning;Rail transportation;Fading;Wireless communication;Traffic control;Railway engineering;Data engineering","","4","","12","IEEE","12 Jan 2010","November 2009","","IEEE","IEEE Journals"
"Distribution to supply increasing load densities","Crawford","Seattle, Washington",Journal of the A.I.E.E.,"24 Jun 2013","1926","45","2","184","186","C. A. Heinze: Mr. Crawford assumes as an ultimate load density in his residential areas approximately 6250 kw. per sq. mi. He has used some figures that apply apparently to Seattle, which possibly may not apply to other cities. The number of houses per block, and the number of blocks per square mile-those are local conditions. The ratio of apartment houses and flats to single residences determines the load density for residential consumers. Studies of the conditions as they exist in Los Angeles show that it is reasonable to expect future load densities of 2500 kw. per sq. mi. for single residences, 6000 kw. per sq. mi. for flats and 19,000 kw. per sq. mi. for apartment houses. The actual load density in any square mile will be determined by the ratio between the different classes.","2376-5976","","10.1109/JAIEE.1926.6534744","","https://ieeexplore.ieee.org/stamp/stamp.jsp?arnumber=6534744","","Voltage;Wires;Transformers;Water heating;Urban areas;Electrodes;Companies","","","","","IEEE","24 Jun 2013","Feb. 1926","","IEEE","IEEE Journals"
"Introduction to the GLOBECOM 2023 Optical Networks and Systems Symposium Special Issue","N. Andriolli; J. Domzal; E. Wong","University of Pisa, Italy; AGH University of Krakow, Poland; University of Melbourne, Australia",Journal of Optical Communications and Networking,"21 Aug 2024","2024","16","9","ONS1","ONS2","This Special Issue contains a collection of invitation-only extensions based on papers presented at the Optical Networks and Systems Symposium at IEEE GLOBECOM held 4–8 December 2023 in Kuala Lumpur, Malaysia. We present a brief introduction followed by an overview of each of the papers.","1943-0639","","10.1364/JOCN.539472","","https://ieeexplore.ieee.org/stamp/stamp.jsp?arnumber=10643137","","Special issues and sections;Optical fiber networks;Meetings;Optical fiber communication","","","","","","21 Aug 2024","September 2024","","IEEE","IEEE Journals"
"Distribution System Planning With Reliability","R. C. Lotero; J. Contreras","Department of Electrical Engineering, State University of Western Parana, Foz do Iguacu, Brazil; E.T.S. de Ingenieros Industriales, Universidad de Castilla-La Mancha, Ciudad Real, Spain",IEEE Transactions on Power Delivery,"10 Oct 2011","2011","26","4","2552","2562","This paper presents a model for solving the multistage planning problem of a distribution network. The objective function to be minimized is the net present value of the investment cost to add, reinforce or replace feeders and substations, losses cost, and operation and maintenance cost. The model considers three levels of load in each node and two investment alternatives for each resource to be added, reinforced or replaced. The nonlinear objective function is approximated by a piecewise linear function, resulting in a mixed integer linear model that is solved using standard mathematical programming. The model allows us to find multiple solutions in addition to the optimal one, helping the decision maker to analyze and choose from a pool of solutions. In addition to the optimization problem, reliability indexes and associated costs are computed for each solution, based on the regulation model used in Brazil. Numerical results and discussion are presented for an illustrative 27-node test network.","1937-4208","","10.1109/TPWRD.2011.2167990","","https://ieeexplore.ieee.org/stamp/stamp.jsp?arnumber=6029806","Customer interruption cost;economic analysis;power distribution planning;regulation;reliability","Power system reliability;Economics;Mixed integer linear programming;Power distribution;Power system planning;Power system economics","","157","","33","IEEE","10 Oct 2011","Oct. 2011","","IEEE","IEEE Journals"
"A Distributionally Robust Chance-Constrained MILP Model for Multistage Distribution System Planning With Uncertain Renewables and Loads","A. Zare; C. Y. Chung; J. Zhan; S. O. Faried","Department of Electrical and Computer Engineering, University of Saskatchewan, Saskatoon, SK, Canada; Department of Electrical and Computer Engineering, University of Saskatchewan, Saskatoon, SK, Canada; Department of Electrical and Computer Engineering, University of Saskatchewan, Saskatoon, SK, Canada; Department of Electrical and Computer Engineering, University of Saskatchewan, Saskatoon, SK, Canada",IEEE Transactions on Power Systems,"22 Aug 2018","2018","33","5","5248","5262","Successful transition to active distribution networks (ADNs) requires a planning methodology that includes an accurate network model and accounts for the major sources of uncertainty. Considering these two essential features, this paper proposes a novel model for the multistage distribution expansion planning (MDEP) problem, which is able to jointly expand both the network assets (feeders and substations) and renewable/conventional distributed generators. With respect to network characteristics, the proposed planning model employs a convex conic quadratic format of ac power flow equations that is linearized using a highly accurate polyhedral-based linearization method. Furthermore, a chance-constrained programming approach is utilized to deal with the uncertain renewables and loads. In this regard, as the probability distribution functions of uncertain parameters are not perfectly known, a distributionally robust (DR) reformulation is proposed for the chance constraints that guarantees the robustness of the expansion plans against all uncertainty distributions defined within a moment-based ambiguity set. Effective linearization techniques are also devised to eliminate the nonlinearities of the proposed DR reformulation, which yields a distributionally robust chance-constrained mixed-integer linear programming model for the MDEP problem of ADNs. Finally, the 24-node and 138-node test systems are used to demonstrate the effectiveness of the proposed planning methodology.","1558-0679","","10.1109/TPWRS.2018.2792938","Natural Sciences and Engineering Research Council of Canada; Saskatchewan Power Corporation (SaskPower); ","https://ieeexplore.ieee.org/stamp/stamp.jsp?arnumber=8255677","Chance-constrained programming;distributionally robust optimization;mixed-integer linear programming (MILP);multistage distribution expansion planning (MDEP)","Optimization;Robustness;Load modeling;Mixed integer linear programming;Uncertainty;Load flow;Reactive power","","155","","46","IEEE","12 Jan 2018","Sept. 2018","","IEEE","IEEE Journals"
"Distribution System Planning through a Quadratic Mixed Integer Programming Approach","N. Ponnavaikko; K. S. P. Rao; S. S. Venkata","Consultancy Division, Rural Electrification Corporation Limited, New Delhi, India; Department of Electrical Engineering, Indian Institute of Technology, New Delhi, India; Department of Electrical Engineering, University of Washington, Seattle, USA",IEEE Transactions on Power Delivery,"12 Nov 2007","1987","2","4","1157","1163","This Paper presents a new approach for the optimal sizing and siting of substations and network routing problem. The solution approach proposed is a nolinear programming approach. The problem has been formulated as a Quadratic Mixed Integer programming (QMIP) problem in terms of the fixed costs of the substations and lines and the present worth of the energy loss costs of the line segments. The solution to this QMIP problem is obtained in two stages. In the first stage the quadratic programming problem is solved following the procedure developed by Wolfe using simplex method and treating all the variables as continuous variables. In the second stage, a procedure has been suggested to integerize the values of the integer variables. The proposed method is validated using a numerical example.","1937-4208","","10.1109/TPWRD.1987.4308237","","https://ieeexplore.ieee.org/stamp/stamp.jsp?arnumber=4308237","","Linear programming;Substations;Cost function;Uncertainty;Routing;Transportation;Timing;Energy loss;Building materials;Guidelines","","64","","18","IEEE","12 Nov 2007","Oct. 1987","","IEEE","IEEE Journals"
"An Approach to Optimal Distribution System Planning Through Conductor Gradation","M. Ponnavaikko; K. s. P. Rao","Department of Electrical Engineering and Centre of Energy Studies, Indian Institute of Technology, New Delhi, India; Department of Electrical Engineering and Centre of Energy Studies, Indian Institute of Technology, New Delhi, India",IEEE Transactions on Power Apparatus and Systems,"26 Feb 2007","1982","PAS-101","6","1735","1742","An optimal conductor gradation procedure for radial distribution feeders is proposed in this paper. Models to represent feeder cost, energy loss cost and voltage regulation as a function of conductor cross-section and an objective function for optimizing the conductor cross-section have been formulated. The problem has been posed as a multistage decision dynamic programming problem, and the optimal conductor cross- sections for the fender segments are obtained by solving the same. The proposed method takes into account the non-uniform distribution of loads along the length of the feeders and also the maximum permissible voltage drop along a feeder. Further, the method takes into account the load growth in future years of the plan period. The results of the design of a typical radial feeder using thp proposed method are presented and discussed.","0018-9510","","10.1109/TPAS.1982.317227","","https://ieeexplore.ieee.org/stamp/stamp.jsp?arnumber=4111514","","Conductors;Cost function;Energy loss;Investments;Mathematical model;Dynamic programming;Power systems;Voltage control;Low voltage;Power & Energy Society","","49","","8","IEEE","26 Feb 2007","June 1982","","IEEE","IEEE Journals"
"Optimal Distribution System Planning","M. Ponnavaikko; K. S. Prakasa Rao","Department of Electrical Engineering and Center for Energy Studies, Indian Institute of Technology, New Delhi, India; Department of Electrical Engineering and Center for Energy Studies, Indian Institute of Technology, New Delhi, India",IEEE Transactions on Power Apparatus and Systems,"26 Feb 2007","1981","PAS-100","6","2969","2977","Models to represent substation feed area, feeder voltage drop, feeder load distribution, cost of losses in the feeders and transformers are formuleted in terms of the variable system parameters. Based on these models, objective functions are defined which are employed in arriving at optimal substation size, feeder loading limits and conductor sizes. The technique suggested greatly reduces the computational time and effort compared to the methods presently in vogue. The optimal splutions, obtained for typical Secondary and primary distribution systems using the proposed technique are presented. To bring out toe efficiency of the proposed technique, the computational requirements for the proposed method along with the simulation techniques are discussed. The proposed method is highly promising, since it is very fast, simple and easy to program.","0018-9510","","10.1109/TPAS.1981.316370","","https://ieeexplore.ieee.org/stamp/stamp.jsp?arnumber=4110963","","Substations;Cost function;Reactive power;Circuits;Investments;Feeds;Voltage control;Equations;Energy loss;Mathematical model","","28","","15","IEEE","26 Feb 2007","June 1981","","IEEE","IEEE Journals"
"Mathematical Dynamic Model for Long-Term Distribution System Planning","O. M. Mikic","Mihajlo Pupin Institut, Belgrade, Serbia",IEEE Transactions on Power Systems,"12 Nov 2007","1986","1","1","34","40","The presented model gives optimal values of all distribution system design parameters for a consumption area without existing network, in which uniform load density increases with time. The model belongs to a class of nonlinear mixed integer programming tasks, subject to nonlinear constraints. Transformation of dynamic problem into nondynamic form is performed using a defined planning strategy. Objective function of the model is the present value of system investment, maintenance and energy loss costs within a planning period. The constraints, among others (thermal, integer), are the permitted voltage drops in lines. The solution algorithm is described and results of model application for a rural area are given.","1558-0679","","10.1109/TPWRS.1986.4334841","","https://ieeexplore.ieee.org/stamp/stamp.jsp?arnumber=4334841","","Mathematical model;Cost function;Power system modeling;Voltage;Investments;Strategic planning;Energy loss;Load modeling;Power system planning;Linear programming","","19","","5","IEEE","12 Nov 2007","Feb. 1986","","IEEE","IEEE Journals"
"Forecasting electric demand of distribution system planning in rural and sparsely populated regions","H. L. Willis; L. A. Finley; M. J. Buri","ABB Autom. Distribution Div., Raleigh, NC, USA; NA; NA",IEEE Transactions on Power Systems,"6 Aug 2002","1995","10","4","2008","2013","Modern computerized distribution load forecasting methods, although accurate when applied to urban areas, give somewhat less satisfactory results when forecasting load growth in sparsely populated rural areas. This paper examines the differences between rural and urban load growth histories, identifying a major difference in the observed behavior of load growth. This difference is exploited in a new simulation forecasting algorithm. Tests show the new method is as accurate in forecasting rural load growth and as useful for analyzing DSM impacts than past methods, while requiring considerably lower computer resources and data than other simulation methods of comparable accuracy.","1558-0679","","10.1109/59.477100","","https://ieeexplore.ieee.org/stamp/stamp.jsp?arnumber=477100","","Computational modeling;Power system simulation;Predictive models;Economic forecasting;Load forecasting;Power generation economics;Calculators;Cities and towns;Capacity planning;Power engineering and energy","","18","","11","IEEE","6 Aug 2002","Nov. 1995","","IEEE","IEEE Journals"
"Robust Coordinated Distribution System Planning Considering Transactive DSO's Market","Y. Kabiri-Renani; M. Fotuhi-Firuzabad; M. Shahidehpour","Department of Electrical Engineering, Faculty of Engineering, University of Isfahan, Isfahan, Iran; Department of Electrical Engineering, Sharif University of Technology, Tehran, Iran; Robert W. Galvin Center for Electricity Innovation, Illinois Institute of Technology, Chicago, IL, USA",IEEE Transactions on Power Systems,"27 Feb 2023","2023","38","2","1896","1907","In this paper, a robust distribution system expansion planning (DSP) approach is presented to supply the load growth locally and move toward nearly zero energy local distribution areas (LDAs). In the proposed approach, a distribution system operator (DSO) is responsible for secure and optimum operation of LDAs. Therefore, investors on distribution system upgrades use this approach to maximize the profit on investments by determining the installation year of new distribution feeders and energy resources, distributed energy resource (DER) placements and sizes considered by corresponding DSOs. The accurate AC power flow solution is used and mathematical methods are developed to model the DSP as a quadratically constrained programming (QCP) problem. The Benders decomposition is applied to investigate the reliability and the optimality of the proposed plan and correspondingly modify the investment plan as required. The uncertainty of renewable DER forecast errors, locational marginal price (LMP) of an LDA at a transmission bus, and transactive power associated with a load bus is modeled using robust optimization. The proposed transactive DSP (TDSP) approach is implemented on the IEEE 33-bus distribution test system and the results are analyzed and validated. The proposed numerical results show the optimality and the robustness of the proposed approach.","1558-0679","","10.1109/TPWRS.2022.3191695","Iran's National Elites Foundation; Iran National Science Foundation; ","https://ieeexplore.ieee.org/stamp/stamp.jsp?arnumber=9832785","Distribution system expansion planning;distribution system operator;near to zero local distribution area","Planning;Reliability;Indexes;Renewable energy sources;Power system reliability;Costs;Investment","","13","","28","IEEE","18 Jul 2022","March 2023","","IEEE","IEEE Journals"
"Short-range load forecasting for distribution system planning-an improved method for extrapolating feeder load growth","H. L. Willis; H. N. Tram; G. B. Rackliffe","ABB Advanced Systems Technology, Pittsburgh, PA, USA; ABB Advanced Systems Technology, Pittsburgh, PA, USA; ABB Advanced Systems Technology, Pittsburgh, PA, USA",IEEE Transactions on Power Systems,"6 Aug 2002","1992","7","3","1306","1312","A method of extrapolating feeder peak load histories to produce estimates of future feeder loads is described. The method, an improvement on past multiple regression curve fit methods, uses an assumed geometry based on substation locations and a classification by recent growth rates to group feeders to six classes, each extrapolated in a slightly different manner. The method is simple enough to be applied in situations where computing resources are limited. A series of tests showed that the method outperformed other distribution load extrapolation methods, and that for short range forecasts, it matches the accuracy of simulation forecasting methods, which require considerably more data and computer resources.<>","1558-0679","","10.1109/59.207349","","https://ieeexplore.ieee.org/stamp/stamp.jsp?arnumber=207349","","Load forecasting;History;Geometry;Substations;Testing;Extrapolation;Computational modeling;Predictive models;Computer simulation;Distributed computing","","12","","13","IEEE","6 Aug 2002","Aug. 1992","","IEEE","IEEE Journals"
"Distribution System Planning through Optimized Design II-Comparative Economics of System Voltages","R. F. Lawrence; D. N. Reps; A. D. Patton","Westinghouse Electric Corporation, East Pittsburgh, PA, USA; Westinghouse Electric Corporation, East Pittsburgh, PA, USA; Westinghouse Electric Corporation, East Pittsburgh, PA, USA",Transactions of the American Institute of Electrical Engineers. Part III: Power Apparatus and Systems,"7 May 2008","1960","79","3","204","213","","2379-6766","","10.1109/AIEEPAS.1960.4500732","","https://ieeexplore.ieee.org/stamp/stamp.jsp?arnumber=4500732","","Design optimization;Voltage fluctuations;Steady-state;Voltage control;Cost function;Nominations and elections;Distributed computing;Pattern analysis;Books;Associate members","","9","","4","IEEE","7 May 2008","April 1960","","IEEE","IEEE Journals"
"A Feeder Investment Model for Distribution System Planning Including Battery Energy Storage","K. Masteri; B. Venkatesh; W. Freitas","Centre for Urban Energy, Ryerson University, Toronto, ON, Canada; Centre for Urban Energy, Ryerson University, Toronto, ON, Canada; Department of Systems and Energy, University of Campinas, Campinas, Brazil",Canadian Journal of Electrical and Computer Engineering,"19 Dec 2018","2018","41","4","162","171","The distribution system asset (DSA) planning process for a new or existing subdivision, which entails new loads and/or distributed generation, involves a comparison of a variety of plans followed by the selection of the least costly one. The costs comprise the cost of new assets (feeders and transformers), their replacements, operation and maintenance costs, as well as customer interruption costs. For a fair comparison, all costs reflect the current year and are annualized over a specific study period. The optimal plan must be capable of addressing the connection of new loads and/or generation while satisfying performance standards at the lowest annualized cost. Current DSA planning algorithms, however, fail to take battery energy storage systems (BESSs) into account, hence impeding their inclusion as a solution in DSA plans. This paper proposes a new DSA planning algorithm that includes the installation and optimal sizing of BESS units in addition to traditional assets, such as feeders and transformers. It incorporates plan and asset lifetimes as a means of establishing the minimum total annualized costs of new and replacement assets, operation and maintenance, and customer interruptions. The algorithm is successfully validated on a 3-bus system and a 33-bus distribution system.","0840-8688","","10.1109/CJECE.2018.2865176","NSERC; PowerStream Inc; ","https://ieeexplore.ieee.org/stamp/stamp.jsp?arnumber=8581553","Battery energy storage system (BESS);distribution system asset (DSA);feeder investment model (FIM);power distribution planning","Planning;Batteries;Maintenance engineering;Indexes;Economics;Investment","","8","","24","IEEE","19 Dec 2018","Fall 2018","","IEEE","IEEE Journals"
"Useful Methods for Determining Primary Feed Points in Future Distribution System Planning [includes discussion]","D. L. Hopkins; D. R. Samson","General Electric Company Limited, Schenectady, NY, USA; General Electric Company Limited, Schenectady, NY, USA",Transactions of the American Institute of Electrical Engineers. Part III: Power Apparatus and Systems,"7 May 2008","1954","73","2","856","863","","2379-6766","","10.1109/AIEEPAS.1954.4498900","","https://ieeexplore.ieee.org/stamp/stamp.jsp?arnumber=4498900","","Feeds;Temperature;Coils;Voltage;Physics;Associate members;Economic forecasting;Probes;Photography;Solids","","6","","2","IEEE","7 May 2008","Jan. 1954","","IEEE","IEEE Journals"
"A Decision-Support System for Sustainable Water Distribution System Planning","A. Freund; N. Y. Aydin; D. Zeckzer; H. Hagen",University of Kaiserslautern; University of Kaiserslautern; Leipzig University; University of Kaiserslautern,IEEE Computer Graphics and Applications,"16 Jan 2017","2017","37","1","44","55","An interactive decision-support system (DSS) can help experts prepare water resource management plans for decision makers and stakeholders. The design of the proposed prototype incorporates visualization techniques such as circle views, grid layout, small multiple maps, and node simplification to improve the data readability of water distribution systems. A case study with three urban water management and sanitary engineering experts revealed that the proposed DSS is satisfactory, efficient, and effective.","1558-1756","","10.1109/MCG.2015.120","","https://ieeexplore.ieee.org/stamp/stamp.jsp?arnumber=7325188","computer graphics;multiattribute visualization;network graphs;time-dependent attributes;decision-support system;water resource management","Decision support systems;Water resources;Data visualization;Indexes;Image color analysis;Visualization;Resource management","","5","","32","IEEE","11 Nov 2015","Jan.-Feb. 2017","","IEEE","IEEE Magazines"
"Automated Distribution System Planning","R. F. Lawrence; F. E. Montmeat; A. D. Patton; D. Wappler","Westinghouse Electric Corporation, East Pittsburgh, PA, USA; Public Service Electric and Gas Company, Newark, NY, USA; Westinghouse Electric Corporation, East Pittsburgh, PA, USA; Public Service Electric and Gas Company, Newark, NY, USA",IEEE Transactions on Power Apparatus and Systems,"27 Jan 2009","1964","83","4","311","316","","0018-9510","","10.1109/TPAS.1964.4766005","","https://ieeexplore.ieee.org/stamp/stamp.jsp?arnumber=4766005","","Voltage;Power system reliability;Power industry;Manufacturing industries;Standardization;Substations;Mathematical model;Operations research;Electrical equipment industry;Environmental economics","","4","","9","IEEE","27 Jan 2009","April 1964","","IEEE","IEEE Journals"
"Digital Computer Applied to Electrical Distribution System Planning","E. A. Strausser","Patterson and Dewar Engineers, Inc., Decatur, GA, USA",Transactions of the American Institute of Electrical Engineers. Part III: Power Apparatus and Systems,"7 May 2008","1958","77","3","1244","1250","","2379-6766","","10.1109/AIEEPAS.1958.4500131","","https://ieeexplore.ieee.org/stamp/stamp.jsp?arnumber=4500131","","Distributed computing;Circuits;Substations;Costs;Magnetic analysis;Associate members;Capacity planning;Voltage;Collaboration;Magnetic separation","","1","","3","IEEE","7 May 2008","April 1958","","IEEE","IEEE Journals"
"Three-Phase-Two-Wire Rural Distribution System Planning: Load Phase Distribution for Minimum Voltage Unbalance","R. M. Martins; G. Cardoso; G. Marchesan","Postgraduate Program in Electrical Engineering, Federal University of Santa Maria, Santa Maria, Rio Grande do Sul, Brazil; Postgraduate Program in Electrical Engineering, Federal University of Santa Maria, Santa Maria, Rio Grande do Sul, Brazil; Postgraduate Program in Electrical Engineering, Federal University of Santa Maria, Santa Maria, Rio Grande do Sul, Brazil",IEEE Transactions on Power Delivery,"24 Jul 2025","2025","40","4","2131","2141","The Three-Phase-Two-Wire (TPTW) system is an emerging technology designed to enhance electricity supply in rural areas. A prototype of this system was recently installed in Rio Grande do Sul, Brazil. A major challenge in TPTW is the inherent voltage unbalance. In conventional three-phase systems, loads are evenly distributed among the phases, but in TPTW, this leads to voltage unbalance. As a non-conventional system, TPTW requires a specialized method for load distribution. This paper proposes an optimization approach using Particle Swarm Optimization (PSO) to minimize voltage unbalance in rural TPTW networks. Additionally, a standardized phase distribution strategy is introduced to reduce computational effort. The methods were validated through statistical analysis, ensuring the representation of real-world system characteristics. The results show that the optimized method always provides the best solution, while the standardized method also provides satisfactory results, maintaining the voltage unbalance within the regulatory limits in most cases.","1937-4208","","10.1109/TPWRD.2025.3568700","","https://ieeexplore.ieee.org/stamp/stamp.jsp?arnumber=10994547","Three-phase-two-wire;repower;voltage unbalance factor;optimal phase distribution","Conductors;Resistance;Mathematical models;Wire;Transformers;Costs;Earth;Voltage control;Capacitance;Particle swarm optimization","","1","","18","CCBY","9 May 2025","Aug. 2025","","IEEE","IEEE Journals"
"Distribution System Planning","S. Palanisamy; S. Chenniappan; S. Padmanaban","Vysus Consulting India Pvt Ltd, India; Anna University, Chennai, India; University of South-Eastern Norway, Norway",Fast-Charging Infrastructure for Electric and Hybrid Electric Vehicles: Methods for Large-Scale Penetration into Electric Distribution Networks,"","2023","","","59","82","Electric vehicles (EVs) are alternative to conventional vehicles and they use the energy stored in the battery for their operation. Whenever the EVs are running on the road, the energy stored in the battery is used to run the vehicles. After running on the road for some length (km), the energy stored in the battery is reduced. Recharging of the battery is required to extend the range of the vehicle. The electric vehicle supply equipment (EVSE) is used to recharge the EVs whenever and wherever required. Large numbers of EVs are expected to run on the road in this decade due to the rapid depletion of fossil fuels, lower operating costs, they are environmental friendly, and will not produce carbon emissions. These EVs are expected to connect and charge across the distribution system. The rapid increase of EV charging will increase the power and energy demand requirements of the distribution system to cater the entire EV loads. Also, the physical distribution system shall be equipped to power these EV charging requirements across the distribution system. Hence, proper planning of the distribution system is required in terms of power and energy demand requirements as well as physical infrastructure to cater the entire EV loads. This chapter discusses the planning of the distribution system to meet the future EV charging loads across the distribution.","","9781119987758","10.1002/9781119987772.ch5","","https://ieeexplore.ieee.org/xpl/ebooks/bookPdfWithBanner.jsp?fileName=10174748.pdf&bkn=10174737&pdfType=chapter","","Transformers;Electric vehicle charging;Charging stations;Medium voltage;Low voltage;Switches;Power transmission lines","","","","","","6 Jul 2023","","","IEEE","Wiley-IEEE Press eBook Chapters"
"Uncertainty Tracing of Distributed Generations via Complex Affine Arithmetic Based Unbalanced Three-Phase Power Flow","S. Wang; L. Han; L. Wu","Ministry of Education, Key Laboratory of Smart Grid, Tianjin, China; Ministry of Education, Key Laboratory of Smart Grid, Tianjin, China; Electrical and Computer Engineering Department, Clarkson University, Potsdam, NY, USA",IEEE Transactions on Power Systems,"3 Aug 2015","2015","30","6","3053","3062","Variations of load demands and generations bring multiple uncertainties to power system operation. Under this situation, power flows become increasingly uncertain, especially when significant distributed generations (DGs), such as wind and solar, are integrated into power systems. In this paper, a Complex Affine arithmetic based unbalanced Three-phase Forward-Backward Sweep power flow model (CATFBS) is proposed to study the impacts of uncertainties in unbalanced three-phase distribution systems. An index of Relative Influence of Uncertain Variables on Outcomes (RIUVO) is proposed for quantifying the impacts of individual uncertain factors on power flows and bus voltages. The CATFBS method is tested on the modified IEEE 13-bus system and a modified 292-bus system. Numerical results show that the proposed method outperforms the Monte Carlo method for exploring the impacts of uncertainties on the operation of distribution systems. The proposed CATFBS method can be used by power system operators and planners to effectively monitor and control unbalanced distribution systems under various uncertainties.","1558-0679","","10.1109/TPWRS.2014.2377042","","https://ieeexplore.ieee.org/stamp/stamp.jsp?arnumber=6987366","Affine arithmetic;forward-backward sweep;unbalance power flow;uncertainty","Uncertainty;Wind speed;Solar radiation;Load flow analysis","","86","","34","OAPA","18 Dec 2014","Nov. 2015","","IEEE","IEEE Journals"
"An Incentive-Based Multistage Expansion Planning Model for Smart Distribution Systems","M. A. Alotaibi; M. M. A. Salama","Department of Electrical Engineering, King Saud University, Riyadh, Saudi Arabia; Department of Electrical and Computer Engineering, University of Waterloo, Waterloo, ON, Canada",IEEE Transactions on Power Systems,"22 Aug 2018","2018","33","5","5469","5485","The deployment of smart grids has facilitated the integration of a variety of investor assets into power distribution systems, giving rise to the consequent necessity for positive and active interaction between those investors and local distribution companies (LDCs). This paper proposes a novel incentive-based distribution system expansion planning model that enables an LDC and distributed generation (DG) investors to work in a collaborative way for their mutual benefit. Using the proposed model, the LDC would establish a bus-wise incentive program based on long-term contracts, which would encourage DG investors to integrate their projects at specific system buses that would benefit both parties. The model guarantees that the LDC will incur minimum expansion and operation costs while concurrently ensuring the feasibility of DG investors' projects. To derive appropriate incentives for each project, the model enforces several economic metrics including internal rate of return, profit investment ratio, and discounted payback period. All investment plans committed to by the LDC and the DG investors for the full extent of the planning period are then coordinated accordingly. Several linearization approaches are applied to convert the proposed model into an MILP model. The intermittent nature of both system demand and wind- and PV-based DG output power is handled probabilistically, and a number of DG technologies are taken into account. Case study results have demonstrated the value of the proposed model.","1558-0679","","10.1109/TPWRS.2018.2805322","King Saud University; ","https://ieeexplore.ieee.org/stamp/stamp.jsp?arnumber=8290678","Distributed generation planning;distribution system expansion planning;DG uncertainty modeling;incentives","Power system planning;Substations;Distributed power generation;Uncertainty;Reactive power;Load flow;Mixed integer linear programming","","83","","48","IEEE","12 Feb 2018","Sept. 2018","","IEEE","IEEE Journals"
"AWR: Anticipate, Withstand, and Recover Resilience Metric for Operational and Planning Decision Support in Electric Distribution System","G. Kandaperumal; S. Pandey; A. Srivastava","School of Electrical Engineering and Computer Science, Washington State University, Pullman, WA, USA; School of Electrical Engineering and Computer Science, Washington State University, Pullman, WA, USA; School of Electrical Engineering and Computer Science, Washington State University, Pullman, WA, USA",IEEE Transactions on Smart Grid,"23 Dec 2021","2022","13","1","179","190","With the increasing number of catastrophic weather events and resulting disruption in the energy supply to essential loads, the distribution grid operators’ focus has shifted from reliability to resiliency against high impact, low-frequency events. Given the enhanced automation to enable the smarter grid, there are several assets/resources at the disposal of electric utilities to enhances resiliency. However, with a lack of comprehensive resilience tools for informed operational decisions and planning, utilities face a challenge in investing and prioritizing operational control actions for resiliency. The distribution system resilience is also highly dependent on system attributes, including network, control, generating resources, location of loads and resources, as well as the progression of an extreme event. In this work, we present a novel multi-stage resilience measure called the Anticipate-Withstand-Recover (AWR) metrics. The AWR metrics are based on integrating relevant ‘system characteristics based factors’, before, during, and after the extreme event. The developed methodology utilizes a pragmatic and flexible approach by adopting concepts from the national emergency preparedness paradigm, proactive and reactive controls of grid assets, graph theory with system and component constraints, and multi-criteria decision-making process. The proposed metrics are applied to provide decision support for a) the operational resilience and b) planning investments, and validated for a real system in Alaska during the entirety of the event progression.","1949-3061","","10.1109/TSG.2021.3119508","U.S. DOE RADIANCE Project; UI-ASSIST DE-IA0000025 Project; ","https://ieeexplore.ieee.org/stamp/stamp.jsp?arnumber=9569736","Distribution system;graph theory;resilience metrics;resilience planning","Resilience;Measurement;Planning;Analytical models;Predictive models;Investment;Data models","","53","","40","IEEE","13 Oct 2021","Jan. 2022","","IEEE","IEEE Journals"
"Soft Open Point Planning in Renewable-dominated Distribution Grids with Building Thermal Storage","T. Zhang; J. Wang; H. Zhong; G. Li; M. Zhou; D. Zhao","School of Electrical and Electronic Engineering, North China Electric Power University, Beijing, China; School of Electrical and Electronic Engineering, North China Electric Power University, Beijing, China; Dept. of Electrical Engineering, Tsinghua University, Beijing, China; School of Electrical and Electronic Engineering, North China Electric Power University, Beijing, China; School of Electrical and Electronic Engineering, North China Electric Power University, Beijing, China; School of Electrical and Electronic Engineering, North China Electric Power University, Beijing, China",CSEE Journal of Power and Energy Systems,"10 Feb 2023","2023","9","1","244","253","With an increasing integration of intermittent distributed energy resources (DERs), the consequent voltage excursion and thermal overloading issues limit the self-sufficiency of distribution networks (DNs). The concept of soft open point (SOP) has been proposed as a promising solution to improve the hosting capacity of DNs. In this paper, considering the ability of building thermal storage (BTS) to increase the penetration of renewable energy in DNs, we provide an optimal planning framework for SOP and DER. The optimal planning model is aimed at minimizing the investment and operational costs while respecting various constraints, including the self-sufficiency requirement of the DN, SOP, building thermal storage capacity and DER operations, etc. A steady-state SOP model is formulated and linearized to be incorporated into the planning framework. To make full use of the BTS flexibility provided by ubiquitous buildings, a differential equation model for building thermal dynamics is formulated. A hybrid stochastic/robust optimization approach is adopted to depict the uncertainties in renewable energy and market prices. IEEE 33-bus feeder and a realistic DN in the metropolitan area of Caracas are tested to validate the effectiveness of the proposed framework and method. Case studies show that SOP/BTS plays a complementary and coordinated coupling role in the thermo-electric system, thereby effectively improving the hosting capacity and self-sufficiency of DNs.","3066-9308","","10.17775/CSEEJPES.2020.03660","National Science Foundation of China; State Grid Corporation of China(grant numbers:U1966204); National Natural Science Foundation of China(grant numbers:51907064); ","https://ieeexplore.ieee.org/stamp/stamp.jsp?arnumber=9299493","Building thermal storage;distributed generation planning;soft open point;thermos-electric system","Buildings;Planning;Renewable energy sources;Manganese;Distribution networks;Uncertainty;Optimization","","28","","32","","21 Dec 2020","January 2023","","CSEE","CSEE Journals"
"Expansion Planning of Active Distribution Networks With Centralized and Distributed Energy Storage Systems","X. Shen; M. Shahidehpour; Y. Han; S. Zhu; J. Zheng","Robert W. Galvin Center for Electricity Innovation, Illinois Institute of Technology, Chicago, IL, USA; Robert W. Galvin Center for Electricity Innovation, Illinois Institute of Technology, Chicago, IL, USA; Chinese Academy of Engineering, Beijing, China; Department of Electrical Engineering, Tsinghua University, Beijing, China; Department of Electrical Engineering, Tsinghua University, Beijing, China",IEEE Transactions on Sustainable Energy,"20 May 2017","2017","8","1","126","134","A multistage active distribution network (ADN) planning model that is integrated with the application of energy storage system (ESS) is presented in this paper. Both the long-term investment cost and short-term operation conditions of ADN are considered in the proposed model. The power supply reliability improvement brought by ESS is also analyzed. At each planning stage, the operation conditions are divided into several typical day scenarios and an extreme condition scenario which are based on the load forecast data. The long-term expansion planning decisions including those for replacing and adding circuits, introducing ESS, and considering ADN short-term operation strategies for the ESS charging and discharging are optimized together in the proposed model. The ESS benefits pertaining to peak load shaving and power reliability enhancement are demonstrated using numerical cases, in which the centralized and the distributed ESS are considered as options for the ADN implementation. The effectiveness of the proposed model is demonstrated through various discussions in the paper.","1949-3037","","10.1109/TSTE.2016.2586027","National High-Tech R&D (863) Program of China(grant numbers:2014AA051902); ","https://ieeexplore.ieee.org/stamp/stamp.jsp?arnumber=7501863","Active distribution network;centralized and distributed;multi-stage expansion planning;power reliability","Planning;Investment;Substations;Load modeling;Reliability;Indexes;Optimization","","192","","36","IEEE","29 Jun 2016","Jan. 2017","","IEEE","IEEE Journals"
"Statistical Machine Learning Model for Stochastic Optimal Planning of Distribution Networks Considering a Dynamic Correlation and Dimension Reduction","X. Fu; Q. Guo; H. Sun","College of Information and Electrical Engineering, China Agricultural University, Beijing, China; Department of Electrical Engineering, State Key Laboratory of Power Systems, Tsinghua University, Beijing, China; Department of Electrical Engineering, State Key Laboratory of Power Systems, Tsinghua University, Beijing, China",IEEE Transactions on Smart Grid,"19 Jun 2020","2020","11","4","2904","2917","Distributed generation and reactive power resource allocation will affect the economy and security of distribution networks. Deterministic scenario planning cannot solve the problem of network uncertainties, which are introduced by intermittent renewable generators and a variable demand for electricity. However, stochastic programming becomes a problem of great complexity when there is a large number of scenarios to be analyzed and when the computational burden has an adverse effect on the programming solution. In this paper, statistical machine learning theories are proposed to quickly solve the optimal planning for capacitors. Various technologies are used: Markov chains and copula functions are formulated to capture the variability and correlation of weather; consumption behavior probability is involved in the weather-sensitive load model; nearest neighbor theory and nonnegative matrix decomposition are combined to reduce the dimensions and scenario scale of stochastic variables; the stochastic response surface is used to calculate the probabilistic power flow; and probabilistic inequality theory is introduced to directly estimate the objective and constraint functions of the stochastic programming model. The effectiveness and efficiency of the proposed method are verified by comparing the method with the scenario reduction algorithm and the Monte Carlo method in a 33-bus distribution system.","1949-3061","","10.1109/TSG.2020.2974021","","https://ieeexplore.ieee.org/stamp/stamp.jsp?arnumber=8999581","Photovoltaic;capacitor;power grid planning;probabilistic power flow;statistical machine learning","Planning;Stochastic processes;Correlation;Meteorology;Load modeling;Machine learning;Uncertainty","","144","","35","IEEE","14 Feb 2020","July 2020","","IEEE","IEEE Journals"
"Expansion Planning of Active Distribution Networks With Multiple Distributed Energy Resources and EV Sharing System","S. Wang; Z. Y. Dong; C. Chen; H. Fan; F. Luo","School of Electrical and Information Engineering, University of New South Wales, Sydney, Australia; School of Electrical and Information Engineering, University of New South Wales, Sydney, Australia; School of Public Health and Community Medicine, University of New South Wales, Sydney, Australia; School of Electrical and Information Engineering, University of New South Wales, Sydney, Australia; School of Civil Engineering, University of Sydney, Sydney, Australia",IEEE Transactions on Smart Grid,"24 Dec 2019","2020","11","1","602","611","The ever-increasing energy demand and high penetration rate of distributed renewable generation brings new challenges to the planning of power distribution networks. This paper proposes an expansion planning model for distribution networks by considering multiple types of energy resources in distribution side, including shared electric vehicle (SEV) charging stations, solar-based distributed generation sources, and battery energy storage systems. The operational characteristics of SEV are considered and modeled. The proposed planning model aims to minimize the weighted sum of network investment cost, energy losses, and queue waiting time of SEVs. A stochastic scenario generation method is introduced to address the stochastic feature of SEVs' driving behaviors. Numerical studies are tested on the systems with 54-node distribution network and 25-node traffic network.","1949-3061","","10.1109/TSG.2019.2926572","Australian Research Council(grant numbers:DP170103427); ARC Research Hub for Integrated Energy Storage Solutions(grant numbers:ARC IH180100020); UNSW Digital Grid Futures Institute Cross-Disciplinary Research Funding for Smart Campus(grant numbers:Paper no. TSG-00105-2019); ","https://ieeexplore.ieee.org/stamp/stamp.jsp?arnumber=8755339","Active distribution network;shared electric vehicles;distributed energy resources;traffic network","Planning;Energy resources;Investment;Load modeling;Batteries;Stochastic processes","","112","","28","IEEE","3 Jul 2019","Jan. 2020","","IEEE","IEEE Journals"
"Integrated Planning of Distribution Networks Considering Utility Planning Concepts","N. N. Mansor; V. Levi","School of Electrical and Electronic Engineering, Faculty of Science and Engineering, University of Manchester, Manchester, U.K.; School of Electrical and Electronic Engineering, Faculty of Science and Engineering, University of Manchester, Manchester, U.K.",IEEE Transactions on Power Systems,"18 Oct 2017","2017","32","6","4656","4672","This paper presents a methodology for integrated planning of real-life medium-voltage networks based on the utility planning concepts. The research is motivated by the need to develop a methodology that would line-up with utility day-to-day businesses and could be applied in real-life. Its core is a two-stage optimization process, where the first stage solves the static investment optimization and the second stage considers operational problem. A probabilistic decision tree approach is proposed for the solution of the entire problem to consider uncertainties in the planning period. The overall formulation is given first, which is followed by details of the investment model and outlines of the proposed operation planning. The novelty of the investment problem, which determines optimal network reinforcements, is explicit modeling of network security constraints of radially operated networks, whilst considering different operating regimes. Additional novel features include modeling of real-life supply restoration rules through network reconfiguration and optimal placement of new switching devices, as well as consideration of “customer flows” on the network. Connection of new distributed generation and demand centers and construction of circuits on new corridors are also included. Two investment models are formulated as mixed-integer nonlinear optimization problems, tested on several MV networks and compared with established methods. The proposed operational problem is solved in two stages, quality-of-supply and operation cost optimization. Computational aspects are also presented.","1558-0679","","10.1109/TPWRS.2017.2687099","","https://ieeexplore.ieee.org/stamp/stamp.jsp?arnumber=7886314","Distribution investment planning;medium-voltage networks;mixed-integer nonlinear optimization;optimal reconfiguration;security standard","Planning;Investment;Optimization;Switchgear;Switches;Integrated circuit modeling;Quality of service","","36","","67","IEEE","24 Mar 2017","Nov. 2017","","IEEE","IEEE Journals"
"Multi-Stage Planning of Distribution Network With High Penetration Renewable Energy Considering Reliability Index","J. Liu; K. Sun; Z. Ding; K. -J. Li; Y. Sun","School of Electrical Engineering, Shandong University, Jinan, China; School of Electrical Engineering, Shandong University, Jinan, China; School of Electrical & Electronic Engineering, North China Electric Power University, Beijing, China; School of Electrical Engineering, Shandong University, Jinan, China; School of Electrical Engineering, Shandong University, Jinan, China",IEEE Transactions on Industry Applications,"20 Mar 2024","2024","60","2","2344","2356","In this study, a multi-stage planning model of the distribution network with high photovoltaic (PV) penetration considering operational reliability is presented. The operation reliability cost consisting of three modified reliability indices is imposed in the objective function in the proposed distribution systems planning model. Additionally, the distribution network reconfiguration including microgrid is considered at the operation level to improve system operation reliability. Nonlinear expressions of modified reliability indices aggravate the complexity of the proposed planning model. To address the computational burden, the planning model is simplified as a mixed integer linear programming (MILP) model, which have an efficient computational behavior with exiting MILP solvers. The benefits of imposing operation reliability cost in the objective function and network reconfiguration including microgrid as operation strategies, are discussed. The effectiveness of the proposed model is tested by numerical results.","1939-9367","","10.1109/TIA.2023.3305403","National Natural Science Foundation of China(grant numbers:52207119); Shandong Provincial Natural Science Foundation, China(grant numbers:ZR2022QE117); ","https://ieeexplore.ieee.org/stamp/stamp.jsp?arnumber=10219053","Distribution network;multi-stage planning;reliability index;photovoltaic;mixed integer linear programming","Planning;Costs;Distribution networks;Power system reliability;Reliability engineering;Indexes;Investment","","23","","30","IEEE","15 Aug 2023","March-April 2024","","IEEE","IEEE Journals"
"Operational Planning of Distribution Networks Based on Utility Planning Concepts","N. N. Mansor; V. Levi","School of Electrical and Electronic Engineering, Faculty of Science and Engineering, University of Manchester, Manchester, U.K.; School of Electrical and Electronic Engineering, Faculty of Science and Engineering, University of Manchester, Manchester, U.K.",IEEE Transactions on Power Systems,"19 Apr 2019","2019","34","3","2114","2127","The paper presents the operational planning of medium voltage (11 kV; 6.6 kV) distribution networks that is an integral part of the previously developed integrated planning approach based on utility planning concepts. The operational planning problem is decoupled from the investment planning stage and it is further divided into two phases, the quality of supply (QoS) planning and the minimization of operational costs. The QoS planning maximizes the benefits of the regulatory incentive regime by installing and automating switchgear, as well as finding optimal normally open points. It is solved in two ways, by applying genetic algorithm optimization and then the approach based on engineering rules. Operational cost minimization considers costs of O&M, switching, losses, and reliability. It includes security constraints for radially operated networks and allows that the locations of new switchgear from the QoS stage are changed. The simplified version of the model is also intended to be used as a real-time network reconfiguration tool. The entire methodology is tested on the 69-bus test system.","1558-0679","","10.1109/TPWRS.2018.2885275","","https://ieeexplore.ieee.org/stamp/stamp.jsp?arnumber=8561213","Distribution operations planning;quality of supply;operations cost minimization;mixed-integer nonlinear optimization;optimal reconfiguration","Planning;Quality of service;Optimization;Switchgear;Investment;Reliability;Substations","","23","","84","IEEE","5 Dec 2018","May 2019","","IEEE","IEEE Journals"
"Bi-level Coordinated Planning of Active Distribution Network Considering Demand Response Resources and Severely Restricted Scenarios","Y. Huang; Z. Lin; X. Liu; L. Yang; Y. Dan; Y. Zhu; Y. Ding; Q. Wang","College of Electrical Engineering, Zhejiang University, Hangzhou, China; College of Electrical Engineering, Zhejiang University, Hangzhou, China; College of Electrical Engineering, Zhejiang University, Hangzhou, China; College of Electrical Engineering, Zhejiang University, Hangzhou, China; State Grid Zhejiang Economic Research Institute, Hangzhou, China; State Grid Ningbo Power Supply Company, Hangzhou, China; College of Electrical Engineering, Zhejiang University, Hangzhou, China; Electric Power Research Institute, Palo Alto, USA",Journal of Modern Power Systems and Clean Energy,"24 Sep 2021","2021","9","5","1088","1100","Due to the uncertainty and fluctuation of distributed generation (DG) and load, the operation of active distribution network (ADN) is affected by multi-dimension factors which are described by massive operation scenarios. Efficient and accurate screening of severely restricted scenarios (SRSs) has become a new challenge in ADN planning. In this paper, a novel bi-level coordinated planning model which combines the short-time-scale operation problem with the long-time-scale planning problem is proposed. At the upper level, the demand response (DR) resource, an effective non-component planning resource characterized by low capacity price, high energy price, and short contract term, is co-optimized with the configuration of lines and energy storage systems (ESSs) to achieve the economic trade-off between the investment cost and the operation cost under SRSs. At the lower level, with the planning scheme obtained from the upper level, massive operation problems are optimized to minimize the daily operation cost; and the SRSs are provided to the upper level through a shadow-price-based scenario screening method, which simulates the planning information (i.e., the restricted degrees of operation scenarios) feedback process from ADN operators to ADN planners. Case studies on a 62-node distribution system in Jianshan New District, Zhejiang Province, China, illustrate the effectiveness of the proposed bi-level coordinated planning model considering DR resources and SRSs.","2196-5420","","10.35833/MPCE.2020.000335","National Key R&D Program of China(grant numbers:2016YFB0900100); National Natural Science Foundation of China(grant numbers:51777185); ","https://ieeexplore.ieee.org/stamp/stamp.jsp?arnumber=9374115","Active distribution network;demand response resource;bi-level coordinated planning;severely restricted scenario screening;shadow price","Planning;Load modeling;Capacity planning;Investment;Distribution networks;Indexes;Uncertainty","","18","","53","","9 Mar 2021","September 2021","","SGEPRI","SGEPRI Journals"
"Joint Planning of Active Distribution Network and EV Charging Stations Considering Vehicle-to-Grid Functionality and Reactive Power Support","Y. Wang; X. Shen; Y. Xu","Institute for Tsinghua Shenzhen International Graduate School, Tsinghua University, Shenzhen, China; Institute for Tsinghua Shenzhen International Graduate School, Tsinghua University, Shenzhen, China; School of Electrical and Electronic Engineering, Nanyang Technological University, Singapore",CSEE Journal of Power and Energy Systems,"7 Oct 2024","2024","10","5","2100","2113","This paper proposes a collaborative planning model for active distribution network (ADN) and electric vehicle (EV) charging stations that fully considers vehicle-to-grid (V2G) function and reactive power support of EVs in different regions. This paper employs a sequential decomposition method based on physical characteristics of the problem, breaking down the holistic problem into two sub-problems for solution. Subproblem I optimizes the charging and discharging behavior of autopilot electric vehicles (AEVs) using a mixed-integer linear programming (MILP) model. Subproblem II uses a mixed-integer second-order cone programming (MISOCP) model to plan ADN and retrofit or construct V2G charging stations (V2GCS), as well as multiple distributed generation resources (DGRs). The paper also analyzes the impact of bi-directional active-reactive power interaction of V2GCS on ADN planning. The presented model is tested in the 47-node ADN in Longgang District, Shenzhen, China, and the IEEE 33-node ADN, demonstrating that decomposition can significantly improve the speed of solving large-scale problems while maintaining accuracy with low AEV penetration.","3066-9308","","10.17775/CSEEJPES.2023.03930","National Natural Science Foundation of China(grant numbers:52007123); ","https://ieeexplore.ieee.org/stamp/stamp.jsp?arnumber=10376012","Active distribution network;large-scale problem;reactive power support;sequential decomposition;V2G charging station","Vehicle-to-grid;Planning;Reactive power;Costs;Behavioral sciences;Static VAr compensators;Distribution networks","","15","","34","","28 Dec 2023","September 2024","","CSEE","CSEE Journals"
"Multiperiod Planning of Distribution Networks Under Competitive Electricity Market With Penetration of Several Microgrids Part II: Case Study and Numerical Analysis","M. H. S. Boloukat; A. A. Foroud","Electrical and Computer Engineering, Semnan University, Semnan, Iran; Electrical and Computer Engineering, Semnan University, Semnan, Iran",IEEE Transactions on Industrial Informatics,"4 Apr 2019","2019","15","4","2023","2031","This paper aims at investigating the effectiveness of the proposed model in Part I. For this, an IEEE 33-bus distribution system is selected, and the proposed algorithm is performed on it. Simulation results obtained from this system show that placing microgrids (MGs) in the distribution network has benefits for all participants; because the proposed model, in addition to considering the objectives of distribution system operator (DSO), finds the potential places to form MGs such that the obtained benefits of MGs are also provided for investments on establishing MGs at these places. The obtained results of this model are applicable for both DSO and MG investors.","1941-0050","","10.1109/TII.2018.2858928","","https://ieeexplore.ieee.org/stamp/stamp.jsp?arnumber=8418821","Distribution system expansion planning;microgrid (MG) allocation;mixed-integer nonlinear bilevel programming;multimicrogrid planning;multiperiod planning;retail electricity market","Planning;Microgrids;Investment;Springs;Electricity supply industry;Indexes;Computational modeling","","14","","12","IEEE","24 Jul 2018","April 2019","","IEEE","IEEE Journals"
"Bi-level Multi-objective Joint Planning of Distribution Networks Considering Uncertainties","S. Wang; Y. Dong; Q. Zhao; X. Zhang","Key Laboratory of Smart Grid of Ministry of Education, Tianjin University, Tianjin, China; Key Laboratory of Smart Grid of Ministry of Education, Tianjin University, Tianjin, China; Key Laboratory of Smart Grid of Ministry of Education, Tianjin University, Tianjin, China; State Grid Tianjin Electric Power Company, Tianjin, China",Journal of Modern Power Systems and Clean Energy,"21 Nov 2022","2022","10","6","1599","1613","With the increasing penetration of photovoltaics in distribution networks, the adaptability of distribution network under uncertainties needs to be considered in the planning of distribution systems. In this paper, the interval arithmetic and affine arithmetic are applied to deal with uncertainties, and an affine arithmetic based bi-level multi-objective joint planning model is built, which can obtain the planning schemes with low constraint-violation risk, high reliability and strong adaptability. On this basis, a bi-level multi-objective solution methodology using affine arithmetic based non-dominated sorting genetic algorithm II is proposed, and the planning schemes that simulta-neously meet economy and adaptability goals under uncertainties can be obtained. To further eliminate bad solutions and improve the solution qualities, an affine arithmetic based dominance relation weakening criterion and a deviation distance based modification method are proposed. A 24-bus test system and a 10 kV distribution system of China are used for case studies. Different uncertainty levels are compared, and a sensitivity analysis of key parameters is conducted to explore their impacts on the final planning schemes. The simulation results verify the advantages of the proposed affine arithmetic based planning method.","2196-5420","","10.35833/MPCE.2020.000930","National Natural Science Foundation of China(grant numbers:52077149); ","https://ieeexplore.ieee.org/stamp/stamp.jsp?arnumber=9524569","Affine arithmetic;adaptability;multi-objective joint planning;Pareto optimal front;uncertainty","Planning;Uncertainty;Adaptation models;Substations;Static VAr compensators;Load modeling;Probabilistic logic","","4","","27","","27 Aug 2021","November 2022","","SGEPRI","SGEPRI Journals"
"Active Network Management Integration in Expansion Planning of Active Distribution Networks: A Comprehensive Review","I. Laamanen; S. Repo; T. Stetz","Unit of Electrical Engineering, Tampere University, Tampere, Finland; Unit of Electrical Engineering, Tampere University, Tampere, Finland; Department of Electrical Engineering and Information Technology, THM University of Applied Sciences Mittelhessen, Giessen, Germany",IEEE Access,"13 Jan 2026","2026","14","","4520","4549","This paper presents a comprehensive review of the recent advancements in active distribution network expansion planning, focusing on the integration of active network management technologies and services. The transition from passive to active distribution networks is driven by the proliferation of distributed energy resources such as renewable and non-renewable distributed generation, energy storage systems, and demand response, which necessitate new planning and operational paradigms. The active distribution network expansion planning models must account for the stochastic and dynamic nature of distributed energy resources, requiring multi-objective, multi-stage, and hierarchical optimization approaches. The paper analyzes over 50 articles published since 2014, categorizing them based on planning horizons, distributed energy resources integration, solution methods, uncertainty handling techniques, and reliability metrics. Active network management technologies such as dynamic thermal rating, reactive power control, and coordinated voltage control are explored in depth. The review highlights how these technologies enable more flexible and cost-effective grid expansion by accommodating more distributed energy resources and reducing infrastructure investment needs but also reveals recurring gaps related to multi-actor coordination, service-based flexibility procurement, and the omission of active network management implementation costs. This work serves as a vital resource for researchers and utility planners in selecting appropriate active network management strategies and optimization techniques for active distribution networks.","2169-3536","","10.1109/ACCESS.2025.3650636","Fortum and Neste Foundation(grant numbers:20230016); Business Finland under the Project Energy Community as a Driver of Electrified City (ECADEC); ","https://ieeexplore.ieee.org/stamp/stamp.jsp?arnumber=11328050","Active distribution networks;active network management;distributed energy resources;distribution network expansion planning","Planning;Distributed power generation;Active distribution networks;Distribution networks;Reliability;Uncertainty;Renewable energy sources;Power system dynamics;Optimization;Voltage control","","4","","133","CCBY","5 Jan 2026","2026","","IEEE","IEEE Journals"
"Integrated Planning for Transition to Low-Carbon Distribution System With Renewable Energy Generation and Demand Response","B. Zeng; J. Zhang; X. Yang; J. Wang; J. Dong; Y. Zhang","State Key Laboratory for Alternate Electrical Power System with Renewable Energy Sources, North China Electric Power University, Beijing, China; State Key Laboratory for Alternate Electrical Power System with Renewable Energy Sources, North China Electric Power University, Beijing, China; State Key Laboratory for Alternate Electrical Power System with Renewable Energy Sources, North China Electric Power University, Beijing, China; Argonne National Laboratory, Lemont, IL, USA; School of Economics and Management, North China Electric Power University, Beijing, China; State Key Laboratory for Alternate Electrical Power System with Renewable Energy Sources, North China Electric Power University, Beijing, China",IEEE Transactions on Power Systems,"16 Apr 2014","2014","29","3","1153","1165","This study presents an integrated methodology that considers renewable distributed generation (RDG) and demand responses (DR) as options for planning distribution systems in a transition towards low-carbon sustainability. It is assumed that demand responsiveness is enabled by real-time pricing (RTP), and the problem has been formulated as a dynamic two-stage model. It co-optimizes the allocation of renewables [including wind and solar photovoltaic (PV)], non-renewable DG units (gas turbines) and smart metering (SM) simultaneously with network reinforcement for minimizing the total economic and carbon-emission costs over planning horizons. The behavior compliance to RTP is described through a nodal-based DR model, in which the fading effect attended during the load recovery is highlighted. Besides, uncertainties associated with renewable energy generation and price-responsiveness of customers are also taken into account and represented by multiple probabilistic scenarios. The proposed methodology is implemented by employing an efficient hybrid algorithm and applied to a typical distribution test system. The results demonstrate the effectiveness in improving the efficiency of RDG operations and mitigating CO$_{2}$ footprint of distribution systems, when compared with the conventional planning paradigms.","1558-0679","","10.1109/TPWRS.2013.2291553","","https://ieeexplore.ieee.org/stamp/stamp.jsp?arnumber=6680752","Distribution system planning;low-carbon characteristics;real-time pricing (RTP);renewable distributed generation (RDG);smart metering (SM);uncertainty","Planning;Load modeling;Fading;Electricity;Wind turbines;Economics;Uncertainty","","351","","36","IEEE","11 Dec 2013","May 2014","","IEEE","IEEE Journals"
"Genetic algorithms in optimal multistage distribution network planning","V. Miranda; J. V. Ranito; L. M. Proenca","INESC-Institute de Engenharia de Sistemas e Computadores and FEUP/DEEC,Faculdade de Engenharia, Universidade do Porto L. Mompilher, Porto, Portugal; INESC-Institute de Engenharia de Sistemas e Computadores and FEUP/DEEC,Faculdade de Engenharia, Universidade do Porto L. Mompilher, Porto, Portugal; INESC-Institute de Engenharia de Sistemas e Computadores and FEUP/DEEC,Faculdade de Engenharia, Universidade do Porto L. Mompilher, Porto, Portugal",IEEE Transactions on Power Systems,"6 Aug 2002","1994","9","4","1927","1933","This paper describes a genetic algorithm approach to the optimal multistage planning of distribution networks. The authors describe a mathematical and algorithmic model that they have developed and experimented with successfully. The paper also presents application examples, with real size systems. The advantages of adopting this new approach are discussed in the planning context, namely in conjunction with the adoption of multicriteria decision making methods.<>","1558-0679","","10.1109/59.331452","","https://ieeexplore.ieee.org/stamp/stamp.jsp?arnumber=331452","","Genetic algorithms;Intelligent networks;Power system planning;Computer networks;Mathematical model;Decision making;Proposals;Power engineering and energy;Substations;Genetic mutations","","349","","24","IEEE","6 Aug 2002","Nov. 1994","","IEEE","IEEE Journals"
"Probabilistic Planning of Distribution Networks With Optimal DG Placement Under Uncertainties","S. Das; O. B. Fosso; G. Marafioti","Department of Solar Power Systems, Institute for Energy Technology, Kjeller, Norway; Department of Electric Power Engineering, Norwegian University of Science and Technology, Trondheim, Norway; Department of Mathematics and Cybernetics, SINTEF Digital, Trondheim, Norway",IEEE Transactions on Industry Applications,"19 May 2023","2023","59","3","2731","2741","This research paper presents an efficient methodology for distribution network planning under an uncertain environment. As an extension of our previous work presented at the ECCE Asia 2021 conference, here optimal placement and sizing of Renewable Energy Sources (RES)-based Distributed Generations (DGs) are determined considering the generation and load uncertainties. In addition, the optimal tap settings of off-load tap changing transformers present in a network are also determined. Probabilistic non-linear optimization is solved with a sensitivity-based technique to minimize the distribution network losses and improve its voltage stability. The proposed methodology is implemented on standard test systems like the IEEE 69 bus and the Indian 85 bus networks. Further, to determine its real-world functionality, the methodology is tested on a practical radial distribution network of 88 buses present in a remote Froan island of Norway. When compared with existing techniques, the proposed methodology provides much more efficient network planning solutions with lesser power losses. Developed on free and open-source software platforms, it also provides a reliable and cost-effective alternative to network operators to determine their network robustness.","1939-9367","","10.1109/TIA.2023.3234233","Norges Forskningsråd(grant numbers:280797); ","https://ieeexplore.ieee.org/stamp/stamp.jsp?arnumber=10005824","Distributed generation;distribution network planning;network uncertainties;open-source software;optimal DG placement and sizing;probabilistic planning;sensitivity-based approach;wind generation","Voltage;Uncertainty;Planning;Stability criteria;Probabilistic logic;Distribution networks;Transformers","","23","","34","IEEE","4 Jan 2023","May-June 2023","","IEEE","IEEE Journals"
"Distribution Network Planning Enhancement via Network Reconfiguration and DG Integration Using Dataset Approach and Water Cycle Algorithm","M. A. Muhammad; H. Mokhlis; K. Naidu; A. Amin; J. F. Franco; M. Othman","Department of Electrical Engineering, Faculty of Engineering, University of Malaya, Kuala Lumpur, Malaysia; Department of Electrical Engineering, Faculty of Engineering, University of Malaya, Kuala Lumpur, Malaysia; Electrical Technology Section, Universiti Kuala Lumpur, British Malaysian Institute, Gombak, Selangor Darul Ehsan, Malaysia; Department of Electrical Engineering, Faculty of Engineering, University of Malaya, Kuala Lumpur, Malaysia; São Paulo State University, Brazil; Department of Electrical Engineering, Faculty of Engineering, University of Malaya, Kuala Lumpur, Malaysia",Journal of Modern Power Systems and Clean Energy,"4 Feb 2020","2020","8","1","86","93","The integration of network reconfiguration and distributed generation (DG) can enhance the performances of overall networks. Thus, proper sizing and siting of DG need to be determined, otherwise it will cause degradation in system performance. However, determining proper sizing and siting of DG together with network reconfiguration is a complex problem due to huge solution search space. This search space mostly contains non-radial network configurations. Eliminating these non-radial combinations during optimization process increases computational overhead and may end up at local optimal solution. To reduce the searching complexity, this paper considers the discretized network reconfiguration via dataset approach. Water cycle algorithm (WCA) is used to obtain the near optimal solution of network reconfiguration, and sizing and sitting of DG. In addition, the power factor of DG is also optimized to reduce the power loss. The proposed method is tested on an IEEE 33-bus network and an IEEE 69-bus network considering different scenarios to show the effectiveness of simultaneous approach considering variable power factor. The results show that the discretization of reconfiguration search space avoids that WCA to get trapped in local optima. The proposed method outperforms other technique such as harmony search algorithm (HSA), fireworks algorithm (FWA), Cuckoo search algorithm (CSA) and uniform voltage distribution based constructive algorithm (UVDA) and improves the solution quality of IEEE 33-bus network and 69-bus network by 29.20% and 27.88%, respectively.","2196-5420","","10.35833/MPCE.2018.000503","","https://ieeexplore.ieee.org/stamp/stamp.jsp?arnumber=8891057","Reactive power injection;sizing and siting of distributed generation (DG);dataset approach;active distribution network;power system","Reactive power;Optimization;Sociology;Statistics;Reliability;Minimization;Load flow","","17","","25","","4 Nov 2019","January 2020","","SGEPRI","SGEPRI Journals"
"Integrated Transportation–Distribution Network Planning for Electric Vehicle Fast Charging Stations With Queueing-Based Sizing and Renewable Support","D. S. Govind; A. A. Téllez; M. Fozdar; N. Krishnan","Department of Electrical Engineering, Malaviya National Institute of Technology, Jaipur, Rajasthan, India; Department of Electrical Engineering, Universidad Politécnica Salesiana, Quito, Pichincha, Ecuador; Department of Electrical Engineering, Malaviya National Institute of Technology, Jaipur, Rajasthan, India; Department of Electrical and Electronics Engineering, SASTRA Deemed to be University, Thanjavur, Tamil Nadu, India",IEEE Access,"10 Jun 2026","2026","14","","85194","85213","The increasing penetration of electric vehicles (EVs) and the deployment of fast charging stations (FCSs) create strong interactions between transportation networks and power distribution systems, potentially leading to traffic congestion, voltage degradation, and increased feeder losses. This paper presents an integrated transportation–power network framework to assess the operational impacts of EV fast charging and to support optimal planning of FCSs, solar photovoltaic (SPV) systems, and battery energy storage systems (BESSs). EV mobility is modelled using the Sioux Falls transportation network, where distance-weighted shortest routes are identified for all origin–destination pairs using the Floyd–Warshall algorithm. Traffic flow and normalized temporal arrival patterns are used to derive station-specific EV arrival rates. The resulting charging demand is mapped to the IEEE 69-bus radial distribution system through coupled nodes on the transportation model. The queueing-theory formulation is applied in the sizing of charging ports at each FCS, ensuring queue stability and a maximum allowable waiting time. EV penetration scenarios are investigated to evaluate the scalability of the fast-charging station and the distribution system. A time-coupled load flow analysis is conducted to examine voltage profiles, the voltage deviation index, and active power losses. Results show that uncoordinated FCS integration causes noticeable voltage drops and increased losses, particularly at higher EVs penetration levels. Coordinated integration and sizing of SPV and BESS at FCS locations significantly improves voltage regulation and reduces system losses while maintaining acceptable charging service performance. The proposed framework provides a practical, scalable approach for planning EV fast-charging infrastructure to support increased EV adoption.","2169-3536","","10.1109/ACCESS.2026.3700404","","https://ieeexplore.ieee.org/stamp/stamp.jsp?arnumber=11551562","Fast charging station (FCS);renewable energy sources (RES);solar energy;battery energy storage system (BESS);electric vehicle (EV);transportation network (TN)","Timing;System-on-chip;Modeling;Loading;Transportation;Voltage;Planning;Electric vehicles;Charging stations;Heart rate","","","","40","CCBY","4 Jun 2026","2026","","IEEE","IEEE Journals"
"Optimal planning of unbalanced networks using dynamic programming optimization","E. Diaz-Dorado; J. C. Pidre","Departamento de Enxeñeria Electrica, Universidade de Vigo, Vigo, Spain; Departamento de Enxeñeria Electrica, Universidade de Vigo, Vigo, Spain",IEEE Transactions on Power Systems,"1 Nov 2004","2004","19","4","2077","2085","This paper presents a method based on dynamic programming optimization to design distribution and industrial networks with unbalanced customers. Low-voltage and medium-voltage network customers can be three-phase (i.e., industrial and commercial) and single-phase (e.g,. residential and rural areas). Moreover, American medium-voltage distribution networks have single-phase lines (rural areas) and three-phase lines (urban and primary feeders). Optimization of an unbalanced network implies optimal assignation of single-phase customers to each phase. This works considers different conductor types, tapering, power losses in lines, capacity and voltage drop constraints and deterministic loads, all employing single-phase and three-phase lines. The necessary modifications to apply it by single-wire earth return systems is presented.","1558-0679","","10.1109/TPWRS.2004.836187","","https://ieeexplore.ieee.org/stamp/stamp.jsp?arnumber=1350850","Distribution network planning;dynamic programming;industrial network;network design;single-phase customers;single-wire earth return system (SWER);three-phase","Dynamic programming;Substations;Conductors;Heuristic algorithms;Design optimization;Earth;Algorithm design and analysis;Optimization methods;Medium voltage;Power system planning","","29","","21","IEEE","1 Nov 2004","Nov. 2004","","IEEE","IEEE Journals"
"Reliability assessment in active distribution networks with detailed effects of PV systems","Z. Esau; D. Jayaweera","Department of Electrical and Computer Engineering, Curtin University, Perth, WA, Australia; Department of Electrical and Computer Engineering, Curtin University, Perth, WA, Australia",Journal of Modern Power Systems and Clean Energy,"28 Feb 2020","2014","2","1","59","68","With the increased integration of photovoltaic (PV) power generation into active distribution networks, the operational challenges and their complexities are increased. Such networks need detailed characterization PV systems under multiple operating conditions to understand true impacts. This paper presents a new mathematical model for a PV system to capture detailed effects of PV systems. The proposed model incorporates state transitions of components in a PV system and captures effects of insolation variations. The paper performs a reliability assessment incorporating PV systems at resource locations. The results suggest that the reliability performance of an active distribution network at stressed operating conditions might be influenced by the high penetration of PV system. Reliability performance of distribution networks that are high penetrated with PV systems can be affected by cloudy effects resulting from insolation variations. The proposed model can be used to quantify the level of reduction in reliability, resulting with cloudy effects.","2196-5420","","10.1007/s40565-014-0046-2","","https://ieeexplore.ieee.org/stamp/stamp.jsp?arnumber=9018411","Distribution network planning;Insolation variation;Mathematical model;Strategic integration","Reliability;Stochastic processes;Mathematical model;Batteries;Inverters;Maintenance engineering;Switches","","15","","21","","28 Feb 2020","March 2014","","SGEPRI","SGEPRI Journals"
"An Explicit Formula Based Estimation Method for Distribution Network Reliability","Y. Xiang; Y. Su; Y. Wang; J. Liu; X. Zhang","College of Electrical Engineering, Sichuan University, Chengdu, China; Planning and Evaluation Center, State Grid Sichuan Economic Research Institute, Chengdu, China; College of Electrical Engineering, Sichuan University, Chengdu, China; College of Electrical Engineering, Sichuan University, Chengdu, China; Energy and Power Theme, School of Water, Energy and Environment, Cranfield University, Cranfield, U.K.",IEEE Transactions on Power Delivery,"23 Jul 2020","2020","35","4","2109","2112","An improved explicit estimation algorithm is proposed for reliability estimation of the distribution network. Firstly, hierarchical clustering is used to identify and cluster typical feeders based on the topology structure. Secondly, the explicit formula of reliability index under each typical feeder topology is derived by regression analysis, to establish the model for network reliability estimation. Numerical simulations show the suitability of the proposed method in obtaining accurate reliability index for diversified network topology.","1937-4208","","10.1109/TPWRD.2019.2949887","National Natural Science Foundation of China(grant numbers:51807127); Sichuan Science and Technology Program(grant numbers:2019YFH0171); Young Elite Scientists Sponsorship Program; Chinese Society of Electrical Engineering(grant numbers:CSEE-YESS-2018006); International Visiting Program for Excellent Young Scholars of Sichuan University; ","https://ieeexplore.ieee.org/stamp/stamp.jsp?arnumber=8889401","Reliability evaluation;explicit estimation;hierarchical clustering;distribution network planning","Reliability;Network topology;Topology;Power system reliability;Estimation;Indexes;Clustering algorithms","","6","","6","IEEE","31 Oct 2019","Aug. 2020","","IEEE","IEEE Journals"
"Power Distribution Network Expansion Planning Considering Distribution Automation","S. Heidari; M. Fotuhi-Firuzabad; S. Kazemi","Department of Electrical Engineering, Center of Excellence in Power System Management and Control, Tehran, Iran; Department of Electrical Engineering, Center of Excellence in Power System Management and Control, Tehran, Iran; Department of Electrical Engineering, Razi University, Kermanshah, Iran",IEEE Transactions on Power Systems,"16 Apr 2015","2015","30","3","1261","1269","This paper presents a novel profit-based model for multistage distribution network expansion planning. In the proposed model, some capabilities of the distribution automation system are considered to achieve a plan that is more compatible with the strategic plan towards a smart distribution grid. Moreover, a method for reliability evaluation of a distribution network in the planning studies is proposed. The objective function of the planning problem is the net present value of the company's profit. The problem is solved by employing the genetic algorithm approach as a promising technique in solving the mixed-integer nonlinear programming problem. The proposed method is evaluated on an illustrative test network and the obtained results are presented and discussed.","1558-0679","","10.1109/TPWRS.2014.2339301","","https://ieeexplore.ieee.org/stamp/stamp.jsp?arnumber=6870673","Distribution automation (DA);distribution system planning (DSP);distribution system reliability;genetic algorithm (GA);smart grid","Substations;Planning;Digital signal processing;Reliability;Mathematical model;Investment;Equations","","84","","22","IEEE","4 Aug 2014","May 2015","","IEEE","IEEE Journals"
"Planning to Equip the Power Distribution Networks with Automation System","S. Heidari; M. Fotuhi-Firuzabad; M. Lehtonen","Center of Excellence in Power System Management and Control, Sharif University of Technology, Tehran, Iran; Center of Excellence in Power System Management and Control, Sharif University of Technology, Tehran, Iran; Department of Electrical Engineering, Aalto University, Espoo, Finland",IEEE Transactions on Power Systems,"17 Aug 2017","2017","32","5","3451","3460","Implementing automation system in distribution networks needs a huge investment that usually cannot be funded entirely in a short period of time. So distribution companies (DISCOs) should develop long-term plans to equip their network with automation technologies as far as economically justifiable. Aiming to provide a methodology for development such plans, this paper presents a novel multistage planning model for implementing distribution automation system considering all main hardware and software infrastructures. The proposed method optimally determines the type, location, and time in which an equipment or infrastructure must be added to network considering the network capacity expansion plan. The objective function of the planning problem is to maximize the net present value of the DISCO's profit in the planning time horizon. In this method, the optimization problem is solved using the genetic algorithm approach as a promising technique in solving the mixed integer nonlinear programming problems. The proposed method is evaluated on an illustrative test network and the obtained results are presented and discussed.","1558-0679","","10.1109/TPWRS.2017.2650210","INSF; ","https://ieeexplore.ieee.org/stamp/stamp.jsp?arnumber=7811219","Distribution automation system (DAS);distribution company (DISCO);distribution system planning (DSP);distribution system reliability;genetic algorithm","Planning;Automation;Switches;Investment;Maintenance engineering;Reliability","","38","","26","IEEE","9 Jan 2017","Sept. 2017","","IEEE","IEEE Journals"
"Joint Planning of Distribution Systems and EV Charging Infrastructure Using a GIS-Based Spatial Analysis Framework","M. A. Mejia; L. H. Macedo; G. Muñoz-Delgado; J. Contreras; J. F. Franco","Department of Electrical Engineering, School of Engineering, São Paulo State University (UNESP), Sao Paulo, Brazil; Department of Engineering, School of Engineering and Sciences, São Paulo State University (UNESP), Sao Paulo, Brazil; Escuela Técnica Superior de Ingenieria Industrial de Ciudad Real, Universidad de Castilla-La Mancha, Ciudad Real, Spain; Escuela Técnica Superior de Ingenieria Industrial de Ciudad Real, Universidad de Castilla-La Mancha, Ciudad Real, Spain; Department of Electrical Engineering, School of Engineering, São Paulo State University (UNESP), Sao Paulo, Brazil",IEEE Transactions on Industry Applications,"4 Feb 2026","2026","62","2","2013","2025","The availability of public charging infrastructure is essential for accelerating the widespread adoption of electric vehicles (EVs). However, because EVs consume significant amounts of electricity, it is essential to coordinate the installation of this infrastructure with distribution system planning to prevent network failures. This article introduces an innovative spatial analysis framework based on Geographic Information Systems (GIS) designed to enable the integrated planning of distribution systems and public electric vehicle charging infrastructure (EVCI). The proposed framework consists of three modules. The first module estimates the spatial locations of potential EV users based on socioeconomic data and calculates the charging demand profiles for these vehicles. The second module examines the spatial relationships between distribution system nodes, road infrastructure, popular venues, and urban land use restrictions to determine which nodes are best suited for EVCI installation. The third module optimizes the location and size of the EVCI by integrating the results of the previous two modules with the distribution system’s physical, operational, and topological characteristics. Additionally, the third module determines which assets need to be installed in the distribution system to support the increased load. The framework’s performance was tested using geospatial data from a Brazilian city. The findings suggest that planning EVCI without considering the spatial features of the study area can lead to impractical or unfeasible solutions.","1939-9367","","10.1109/TIA.2025.3600209","Coordination for the Improvement of Higher Education Personnel(grant numbers:88887.898680/2023-00); Brazilian National Council for Scientific and Technological Development(grant numbers:409062/2023-5); São Paulo Research Foundation, Brasil; EU Horizon Europe Programme(grant numbers:101160614); Marie Skłodowska-Curie Action GA; Spanish Ministry of Science and Innovation(grant numbers:PID2021-122579OBI00,MCIN/AEI/10.13039/501100011033); ERDF A Way of Making Europe; Junta de Comunidades de Castilla-La Mancha(grant numbers:SBPLY/21/180501/000154); Spanish Ministry of Finance and Civil Service; European Union Funds; ERDF; Universidad de Castilla-La Mancha(grant numbers:2023-GRIN-34074); European Commission; MICIU/AEI/10.13039/501100011033/ERDF, EU(grant numbers:PID2024-159031OB-I00); ","https://ieeexplore.ieee.org/stamp/stamp.jsp?arnumber=11129152","Active distribution system planning;electric vehicle charging infrastructure (EVCI);geographic information systems (GIS);scenario-based stochastic programming;spatial analysis","Planning;Roads;Electric vehicle charging;Costs;Load modeling;Genetic algorithms;Europe;Optimization models;Batteries;Urban areas","","2","","44","IEEE","19 Aug 2025","March-April 2026","","IEEE","IEEE Journals"
"Expansion Planning of Photovoltaic-Storage for Distribution Networks Based on Distributionally Robust Optimization","S. Liu; Y. Xie; Z. Jiang; R. Chu; J. Liu; Y. Li; C. Li","Economic & Technical Research Institute, State Grid Hunan Electric Power Co., Ltd., Changsha, China; Economic & Technical Research Institute, State Grid Hunan Electric Power Co., Ltd., Changsha, China; Economic & Technical Research Institute, State Grid Hunan Electric Power Co., Ltd., Changsha, China; College of Electrical and Information Engineering, Hunan University, Changsha, China; College of Electrical and Information Engineering, Hunan University, Changsha, China; College of Electrical and Information Engineering, Hunan University, Changsha, China; College of Electrical and Information Engineering, Hunan University, Changsha, China",Chinese Journal of Electrical Engineering,"8 Jan 2026","2025","11","4","163","175","A large proportion of distributed photovoltaic (DPV) and energy storage equipment is gradually being integrated into distribution networks, which increases the complexity of distribution network planning. To achieve flexible and efficient utilization of energy storage and DPV, a distributionally robust optimization expansion planning method for distribution networks based on Kullback-Leibler (KL) divergence is proposed. First, considering the power-flow, radial network, and energy storage constraints, a stochastic optimization planning model is established to minimize the cost of distribution network planning. Subsequently, the fuzzy sets of the DPV output based on KL divergence are embedded into the stochastic optimization planning model. This transforms it into a min-max-min three-level two-stage distributionally robust optimization model that can better balance economy and stability. Finally, the model is solved using the column-and-constraint generation (C&CG) method. The effectiveness and feasibility of the proposed model and algorithm are validated using an improved IEEE 33-node system.","2836-4619","","10.23919/CJEE.2025.000113","National Key Research and Development Program(grant numbers:2022YFB2405600); National Natural Science Foundation of China(grant numbers:U22B200134); ","https://ieeexplore.ieee.org/stamp/stamp.jsp?arnumber=11338765","Distribution network planning;distributed photovoltaic;distributionally robust optimization;Kullback-Leibler (KL) divergence;column-and-constraint generation (C&CG) method","Photovoltaic systems;Stochastic processes;Distribution networks;Power system stability;Stability analysis;Data models;Planning;Optimization;Thermal stability;Energy storage","","2","","30","","8 Jan 2026","December 2025","","CMP","CMP Journals"
"Assessment of the Impact of Plug-in Electric Vehicles on Distribution Networks","L. Pieltain Fernández; T. Gomez San Roman; R. Cossent; C. Mateo Domingo; P. Frías","ENAGAS S.A., Madrid, Spain; Instituto de Investigaciàn Tecnolàgica of Universidad Pontificia Comillas, Madrid, Spain; Instituto de Investigaciàn Tecnolàgica of Universidad Pontificia Comillas, Madrid, Spain; Instituto de Investigaciàn Tecnolàgica of Universidad Pontificia Comillas, Madrid, Spain; Instituto de Investigaciàn Tecnolàgica of Universidad Pontificia Comillas, Madrid, Spain",IEEE Transactions on Power Systems,"20 Jan 2011","2011","26","1","206","213","Plug-in electric vehicles (PEVs) present environmental and energy security advantages versus conventional gasoline vehicles. In the near future, the number of plug-in electric vehicles will likely grow significantly in the world. Despite the aforementioned advantages, the connection of PEV to the power grid poses a series of new challenges for electric utilities. This paper proposes a comprehensive approach for evaluating the impact of different levels of PEV penetration on distribution network investment and incremental energy losses. The proposed approach is based on the use of a large-scale distribution planning model which is used to analyze two real distribution areas. Obtained results show that depending on the charging strategies, investment costs can increase up to 15% of total actual distribution network investment costs, and energy losses can increase up to 40% in off-peak hours for a scenario with 60% of total vehicles being PEV.","1558-0679","","10.1109/TPWRS.2010.2049133","","https://ieeexplore.ieee.org/stamp/stamp.jsp?arnumber=5471115","Distribution investment;distribution network planning;electricity distribution;network energy losses;plug-in electric vehicles","Electric vehicles;Hybrid electric vehicles;Investments;Petroleum;Energy loss;Costs;Battery powered vehicles;Power generation;Distributed control;Power grids","","1076","1","27","IEEE","24 May 2010","Feb. 2011","","IEEE","IEEE Journals"
"A Framework for Optimal Planning in Large Distribution Networks","S. Najafi; S. H. Hosseinian; M. Abedi; A. Vahidnia; S. Abachezadeh","Electrical Engineering Department, Amirkabir University of Technology슠, Tehran, Iran; Electrical Engineering Department, Amirkabir University of Technology슠, Tehran, Iran; Electrical Engineering Department, Amirkabir University of Technology슠, Tehran, Iran; Electrical Engineering Department, Shahrood University of Technology, Shahrood, Iran; Institute of Energy and Hydro Technology, Tabriz, Iran",IEEE Transactions on Power Systems,"21 Apr 2009","2009","24","2","1019","1028","Large scale distribution system planning is a relatively complex and reasonably difficult problem. This paper proposes the application of improved genetic algorithm (GA) for the optimal design of large scale distribution systems in order to provide optimal sizing and locating of the high and medium voltage (HV and MV) substations, as well as medium voltage (MV) feeders routing, using their corresponding fixed and variable costs associated with operational and optimization constraints. The novel approach presented in the paper solves hard satisfactory optimization problems with different constraints in large scale distribution networks. This paper presents a new concept based on loss characteristic matrix introduced for optimal locating of MV substations, followed by new methodology based on graph theory and GA for optimal locating of the HV substations and MV feeders routing in a real size distribution network. Minimum spanning tree algorithm is employed to generate set of feasible initial population. In the present article to reduce computational burden and avoid huge search space leading to infeasible solutions, special coding methods are generated for GA operators to solve optimal feeders routing. The proposed coding methods guarantee the validity of the solution during the progress of the genetic algorithm toward the global optimal solution. The developed GA-based software is tested in a real size large scale distribution system and the well satisfactory results are presented.","1558-0679","","10.1109/TPWRS.2009.2016052","","https://ieeexplore.ieee.org/stamp/stamp.jsp?arnumber=4808226","Distribution system planning (DSP);genetic algorithm (GA);graph theory;long-term load forecasting","Large-scale systems;Substations;Routing;Genetic algorithms;Medium voltage;Constraint optimization;Algorithm design and analysis;Cost function;Design optimization;Graph theory","","99","","19","IEEE","31 Mar 2009","May 2009","","IEEE","IEEE Journals"
"A Multi-Objective Distribution System Expansion Planning Incorporating Customer Choices on Reliability","S. M. Mazhari; H. Monsef; R. Romero","Amirkabir University of Technology, School of Electrical Engineering; University of Tehran, School of Electrical and Computer Engineering, Tehran, Iran; Faculdade de Engenharia de Ilha Solteira, Departamento de Engenharia Elétrica, Ilha Solteira, SP, Brazil",IEEE Transactions on Power Systems,"18 Feb 2016","2016","31","2","1330","1340","This paper proposes a new multi-objective framework for primary distribution system planning (DSP). Further consideration is devoted to early DSP formulations in order to assess the risk imposed by probabilistic customer choices on reliability (CCOR). The CCOR is a buy/sell strategy that permits customers to pay the electricity price equiponderant to the reliability level provided by the distribution utility over the contract period. A Monte Carlo-based simulation is carried out to examine the effects of the probability of a customer's interest in adopting the CCOR on profit-at-risk. Furthermore, the DSP was conducted to simultaneously minimize both total planning cost and profit-at-risk. The resultant optimization problem is solved through the non-dominated sorting genetic algorithm (NSGA-II) accompanied by a fuzzy decision making method to select the best result among the obtained Pareto optimal set of solutions. The developed method is applied to an actual large-scale distribution system with about 140 \thinspace000 customers, followed by a discussion on results.","1558-0679","","10.1109/TPWRS.2015.2430278","","https://ieeexplore.ieee.org/stamp/stamp.jsp?arnumber=7117472","Customer choices on reliability (CCOR);distribution system planning (DSP);Monte Carlo simulation;non-dominated sorting genetic algorithm (NSGA-II);power system reliability;profit-at-risk","Digital signal processing;Substations;Planning;Reliability;Interrupters;Uncertainty;Power system reliability","","45","","37","IEEE","3 Jun 2015","March 2016","","IEEE","IEEE Journals"
"Coordinated Investment Planning of Distributed Multi-Type Stochastic Generation and Battery Storage in Active Distribution Networks","A. Ehsan; Q. Yang","College of Electrical Engineering, Zhejiang University, Hangzhou, China; Department of Electrical Engineering, COMSATS University Islamabad, Sahiwal, Pakistan",IEEE Transactions on Sustainable Energy,"18 Sep 2019","2019","10","4","1813","1822","This paper presents a scenario-based stochastic active distribution network planning (ADNP) model considering the multi-type distributed generation and battery energy storage (BES). The proposed solution aims to identify the optimal mix, siting, and sizing of wind turbine (WT), photovoltaic (PV), and BES units to maximize the net present value of distribution network operator (DNO) while fully exploiting the BES arbitrage benefit. First, a heuristic moment matching based uncertainty matrix comprising of representative scenarios is generated to effectively capture the stochastic characteristics and correlation among historical WT generation, PV generation, and load demand. Then, the uncertainty matrix is incorporated to formulate the stochastic ADNP problem. The proposed solution minimizes the costs and maximizes the revenues of the DNO. The effectiveness and scalability of the proposed model are evaluated through case studies in the 53-bus and IEEE 123-bus distribution systems. Finally, the performance of the proposed model is compared against the deterministic planning model, and a sensitivity analysis is performed to assess the impact of various planning factors on the proposed solution.","1949-3037","","10.1109/TSTE.2018.2873370","National Natural Science Foundation of China(grant numbers:51777183); Natural Science Foundation of Zhejiang Province(grant numbers:LZ15E070001); ","https://ieeexplore.ieee.org/stamp/stamp.jsp?arnumber=8478403","Distributed generation;battery storage;active distribution network planning;heuristic moment matching","Uncertainty;Distributed power generation;Stochastic processes;Correlation;Power system reliability;Reactive power","","101","","31","IEEE","30 Sep 2018","Oct. 2019","","IEEE","IEEE Journals"
"Integrated Planning of Cyber-Physical Active Distribution System Considering Multidimensional Uncertainties","H. Gao; X. Lyu; S. He; L. Wang; C. Wang; J. Liu","College of Electrical Engineering, Sichuan University, Chengdu, China; College of Electrical Engineering, Sichuan University, Chengdu, China; College of Electrical Engineering, Sichuan University, Chengdu, China; Department of Electrical Engineering and Computer Science, University of Wisconsin–Milwaukee, Milwaukee, WI, USA; State Key Laboratory of Alternate Electrical Power System with Renewable Energy Sources, North China Electric Power University, Beijing, China; College of Electrical Engineering, Sichuan University, Chengdu, China",IEEE Transactions on Smart Grid,"21 Jun 2022","2022","13","4","3145","3159","The integration of cyber technologies is transforming the power distribution network into a cyber-physical active distribution system (CPADS), and brings more flexibility to its operation. However, various uncertainties from the cyber space and physical space are emerging and coupled with each other, which results in significant challenges for the distribution network planning and operation. Thus, a bilevel integrated planning model accounting for multidimensional uncertainties from both the cyber space and physical space is proposed for the CPADS in this paper. With the goal of minimizing the annual investment and operation costs, the model comprehensively considers the location and selection of active-management elements (e.g., electrical storage systems, capacitor banks, and switches), investment constraints, power flow constraints, and operation constraints for all the active-management elements, etc. Moreover, based on the typical cyber system failure scenario represented by information link failure (ILF), a novel N-k uncertainty set considering the failure probability distribution is proposed, while the uncertainties of renewable energy and load demand are characterized by box-like uncertainty sets. Finally, the proposed planning model is recast into a multi-stage robust optimization model which can be divided into a master problem and two-step subproblems (SP-1 and SP-2) to be solved by the column and constraint generation (CCG) algorithm. Case studies and comparative analysis on the PG 69 distribution system are performed to verify the effectiveness of the proposed method.","1949-3061","","10.1109/TSG.2022.3166194","National Key Research and Development Program of China(grant numbers:2019YFE0123600); National Natural Science Foundation of China(grant numbers:52077146); State Key Laboratory of Alternate Electrical Power System With Renewable Energy Sources(grant numbers:LAPS210005); ","https://ieeexplore.ieee.org/stamp/stamp.jsp?arnumber=9754718","Smart distribution network planning and operation;cyber-physical active distribution system (CPADS);N-k uncertainty set;information link failure (ILF)","Uncertainty;Switches;Planning;Load modeling;Optimization;Switching circuits;Renewable energy sources","","34","","31","IEEE","11 Apr 2022","July 2022","","IEEE","IEEE Journals"
"A Reliability-Constrained Expansion Planning Model for Mesh Distribution Networks","Z. Li; W. Wu; X. Tai; B. Zhang","State Key Laboratory of Power Systems, Department of Electrical Engineering, Tsinghua University, Beijing, China; State Key Laboratory of Power Systems, Department of Electrical Engineering, Tsinghua University, Beijing, China; State Grid Shanghai Municipal Electric Power Company, Shanghai, China; State Key Laboratory of Power Systems, Department of Electrical Engineering, Tsinghua University, Beijing, China",IEEE Transactions on Power Systems,"19 Feb 2021","2021","36","2","948","960","To achieve high reliability, the urban distribution networks are mesh-constructed and radial-operated, in which the outage load can be restored to adjacent feeders via tie-lines after faults. Conventionally, iterative optimization-simulation methods and heuristics are adopted for distribution network planning, which cannot guarantee global optimality. Besides, existing reliability-constrained planning model cannot explicitly assess the reliability indices for mesh distribution networks, so the resulted plan scheme may be overly invested. In this paper, we propose a novel multistage expansion planning model for mesh distribution networks, in which reliability assessment is explicitly implemented as constraints. The different investment/reliability preferences for buses are also customized. Specifically, post-fault load restoration between feeders through tie-lines is modeled as a case of post-fault network reconfiguration. The planning model is then cast as an instance of mixed-integer linear programming and can be effectively solved by off-the-shelf solvers. We use a 54-node system to test the performance of proposed model. Simulation results show the effectiveness and flexibility of this methodology.","1558-0679","","10.1109/TPWRS.2020.3015061","National Natural Science Foundation of China(grant numbers:51725703); ","https://ieeexplore.ieee.org/stamp/stamp.jsp?arnumber=9162500","Distribution network;multistage expansion planning;reliability assessment;network reconfiguration","Planning;Load modeling;Power system reliability;Conductors;Indexes;Reliability engineering","","97","","52","IEEE","7 Aug 2020","March 2021","","IEEE","IEEE Journals"
"Coordinated optimizing planning for AC-DC distribution networks with quantitative energy storage and converter lifetime assessment","K. Ning; Z. Jiao; C. Zhang; J. Liu; R. Shi","State Grid Shaanxi Electric Power Company Limite d, Xi'an 710048, China; School of Electrical Engineering, Xi'an Jiaotong University, Xi'an 710000, China; School of Electrical Engineering, Xi'an Jiaotong University, Xi'an 710000, China; School of Electrical Engineering, Xi'an Jiaotong University, Xi'an 710000, China; School of Electrical Engineering, Xi'an Jiaotong University, Xi'an 710000, China",CSEE Journal of Power and Energy Systems,"","2025","PP","99","1","14","The increasing penetration of distributed power sources in distribution networks has raised concerns about power consumption. Configuring energy storage (ES) devices becomes an effective planning strategy for enhancing the consumption of distributed photovoltaics. However, ES can only cooperate with limited consumption owing to site factors and capacity constraints. This paper presents a coordinated planning scheme for distribution networks, utilizing ES to balance time-scale fluctuations and constructing medium-voltage direct current (MVDC) lines between regions to mitigate spatial-scale fluctuations. Further, in such a coordinated distribution network planning problem, the equivalent annual cost model is commonly used for estimating the lifetime of ES devices and converters, but it exhibits limitations, particularly in the neglect of charge-discharge cycles and thermal cycling of devices. To address these issues, an equipment lifetime assessment model is established for planning the optimal number, capacity, and sites of ES devices and converters. Moreover, the coordinated optimal planning problem considering equipment lifetime to minimize the total cost is formulated. Various linearization methods are applied to transform the nonconvex nonlinear problem into a mixed-integer second-order cone programming problem. Finally, the case study demonstrates the effectiveness and economy of the proposed model.","3066-9308","","10.17775/CSEEJPES.2023.04340","","https://ieeexplore.ieee.org/stamp/stamp.jsp?arnumber=10899804","Distribution network;lifetime model;energy storage;converter;coordinated optimal planning","Planning;Costs;Investment;Mathematical models;State of charge;Distribution networks;US Department of Defense;Discharges (electric);Batteries;MISO","","1","","","","21 Feb 2025","","","CSEE","CSEE Early Access Articles"
"Cumulant Based Stochastic Reactive Power Planning Method for Distribution Systems With Wind Generators","M. Dadkhah; B. Venkatesh","Ryerson University, Toronto, ONT, Canada; Ryerson University, Toronto, ONT, Canada",IEEE Transactions on Power Systems,"18 Oct 2012","2012","27","4","2351","2359","Proliferation of wind generators (WGs) requires a change in distribution system planning techniques as WGs have intermittent and uncertain output. This paper proposes a Cumulant based stochastic optimal reactive power planning method for distribution systems with high penetration of WGs. Uncertainties in the output of WGs and load forecasts are modeled using probability density functions (PDFs). With a stochastic framework, an optimization challenge is formulated to minimize the total costs of new capacitors and the total annual energy loss. The optimization problem is then solved by using the Logarithmic Barrier Interior Point Method (LBIPM). At the optimal solution, LBIPM provides a linear relationship between the cumulants of independent variables (load and wind power) and the cumulants of the dependent system parameters. The Cumulant method offers a generous advantage in speed, while maintaining acceptable accuracy, as compared to the computationally cumbersome traditional Monte Carlo simulation (MCS) method. The method is tested on 7-bus, 33-bus, and 129-bus systems. The results are reported and discussed. The performance and accuracy are assessed by comparing the results with those from MCS method.","1558-0679","","10.1109/TPWRS.2012.2210569","","https://ieeexplore.ieee.org/stamp/stamp.jsp?arnumber=6269910","Capacitor planning;Cumulant method;distribution system planning;stochastic programming","Capacitors;Reactive power;Power system planning;Wind power generation;Probabilistic logic;Load modeling;Stochastic processes","","53","","23","IEEE","16 Aug 2012","Nov. 2012","","IEEE","IEEE Journals"
"A Direct Approach to Optimal Feeder Routing for Radial Distribution System","A. Samui; S. Singh; T. Ghose; S. R. Samantaray","School of Electrical Sciences, Indian Institute of Technology, Bhubaneswar, Orissa, India; Department of Electrical and Electronics Engineering, Birla Institute of Technology, Mesra, India; Department of Electrical and Electronics Engineering, Birla Institute of Technology, Mesra, India; School of Electrical Sciences, Indian Institute of Technology, Bhubaneswar, Orissa, India",IEEE Transactions on Power Delivery,"22 Dec 2011","2012","27","1","253","260","Much of the research has been focused on developing the optimization techniques, varying from classical to nontraditional soft computing techniques, to solve the distribution system planning problem. Most of the methods preserve the distinctions and niceties, but dependent on complex search algorithm with a lot of convergence related issues that require more time to reach a firm conclusion at planning stage. This paper proposes a simple direct solution that significantly reduces the inherent difficulties of finding the solution and ensures optimum solution at the same time. Moreover, the concept of principle of optimality is effectively used to make the proposed technique more computationally efficient and useful. The effectiveness of the developed planning technique has been verified with different test cases.","1937-4208","","10.1109/TPWRD.2011.2167522","","https://ieeexplore.ieee.org/stamp/stamp.jsp?arnumber=6051510","Distribution system planning;direct solution approach;principle of optimality;load flow analysis","Substations;Planning;Trajectory;Routing;Energy loss;Power system reliability;Simulated annealing","","51","","23","IEEE","18 Oct 2011","Jan. 2012","","IEEE","IEEE Journals"
"An efficient substation placement and sizing strategy based on GIS using semi-supervised learning","Li Yu; Di Shi; Xiaobin Guo; Zhen Jiang; Guangyue Xu; Ganyang Jian; Jinyong Lei; Chaoyang Jing","Electric Power Research Institute, China Southern Power Grid, Guangzhou, China; eMIT, LLC., Pasadena, CA, United States; Electric Power Research Institute, China Southern Power Grid, Guangzhou, China; Electric Power Research Institute, China Southern Power Grid, Guangzhou, China; eMIT, LLC., Pasadena, CA, United States; Electric Power Research Institute, China Southern Power Grid, Guangzhou, China; Electric Power Research Institute, China Southern Power Grid, Guangzhou, China; eMIT, LLC., Pasadena, CA, United States",CSEE Journal of Power and Energy Systems,"23 Sep 2018","2018","4","3","371","379","As load and renewable penetration continues to grow, optimal placement and sizing of substations is becoming increasingly important in distribution system planning. This paper presents an improved methodology to solve the substation siting and sizing problem based on geographic information and supervised learning. The proposed approach can optimize the locations, capacities, and power supply ranges of substations with minimum investment and annual operation costs. Capital cost of land adds complexity and difficulty to the substation placement problem, especially for highly developed urban areas. This paper presents a theoretical framework to determine the optimal location of substations considering the cost of land. The state-of-the-art parallel computing techniques are employed so that co-optimization for substations of multiple voltage levels can be directly conducted in a computational efficient way. Case studies are presented to demonstrate the effectiveness of the proposed approach.","3066-9308","","10.17775/CSEEJPES.2017.00800","","https://ieeexplore.ieee.org/stamp/stamp.jsp?arnumber=8468675","Cost of land;distribution network planning;GIS;parallel computing;substation siting;substation sizing","Substations;Planning;Geographic information systems;Optimization;Linear programming;Parallel processing;Power grids","","6","","","","23 Sep 2018","September 2018","","CSEE","CSEE Journals"
"Reliability-Centered Planning with Geographic Graph Constraints for Feeder Routing and Conductor Sizing","Z. Li; Y. Liu; Y. Xiang; H. Yang; L. Wang; J. Liu","College of Electrical Engineering, Sichuan University, Chengdu, China; College of Electrical Engineering, Sichuan University, Chengdu, China; College of Electrical Engineering, Sichuan University, Chengdu, China; College of Electrical Engineering, Sichuan University, Chengdu, China; Department of Electrical Engineering and Computer Science, University of Wisconsin-Milwaukee, Milwaukee, WI, USA; College of Electrical Engineering, Sichuan University, Chengdu, China",Journal of Modern Power Systems and Clean Energy,"27 Nov 2025","2025","13","6","2074","2085","Feeder routing and reliability assessment are essential for effective distribution network planning. However, excessively long feeders can lead to increased costs and decreased reliability. To enhance economic and reliability performance, this paper proposes a reliability-centered planning method for feeder routing and conductor sizing. Specifically, a graph-based fictitious power flow model is constructed within the geographic graph. Overlapping feeder routes powered by fictitious power flows from multiple sources are designated as line connection. These feeder routes, constrained by the geographic graph, are interconnected via line connection to form a mesh network structure. To meet the requirements of reliability-centered optimization, the affiliation variables are introduced. Based on the affiliation variables, the algebraic formula is embedded into the fictitious power flow model to enable the calculation of reliability during the optimization process. By incorporating customized reliability-related constraints in the model, the specific reliability objectives can be achieved. In addition, the non-convex terms in the fictitious power flow model are relaxed into convex forms, and certain variable products are replaced with auxiliary variables, allowing the problem to be solved by an off-the-shelf solver. Finally, the proposed method is tested on two case studies, demonstrating its effectiveness.","2196-5420","","10.35833/MPCE.2024.000884","National Nature Science Foundation of China(grant numbers:51977133); ","https://ieeexplore.ieee.org/stamp/stamp.jsp?arnumber=10944520","Distribution network planning;analytical reliability assessment;feeder routing;geographic graph;mixed-integer linear programming (MILP);conductor sizing","Reliability;Power system reliability;Conductors;Optimization;Costs;Routing;Planning;Load flow;Linear programming;Indexes","","","","24","","27 Mar 2025","November 2025","","SGEPRI","SGEPRI Journals"
"A Model-Driven Methodology for the Design of Autonomic and Cognitive IoT-Based Systems: Application to Healthcare","E. Mezghani; E. Exposito; K. Drira","Luxembourg Institute of Science and Technology, Esch-sur-Alzette, Luxembourg; Laboratoire LIUPPA, University of Pau and Adour Countries, Anglet, France; LAAS-CNRS, INSA Toulouse, Toulouse, France",IEEE Transactions on Emerging Topics in Computational Intelligence,"29 May 2017","2017","1","3","224","234","Due to its abilities to capture real-time data concerning the physical world, the Internet of Things (IoT) phenomenon is fast gaining momentum in different applicative domains. Its benefits are not limited to connecting things, but lean on how the collected data are transformed into insights and interact with domain experts for better decisions. Nonetheless, a set of challenges including the complexity of IoT-based systems and the management of the ensuing big and heterogeneous data and as well as the system scalability need to be addressed for the development of flexible smart IoT-based systems that drive the business decision-making. Consequently, inspired from the human nervous system and cognitive abilities, we have proposed a set of autonomic cognitive design patterns that alleviate the design complexity of smart IoT-based systems, while taking into consideration big data and scalability management. The ultimate goal of these patterns is providing generic and reusable solutions for elaborating flexible smart IoT-based systems able to perceive the collected data and provide decisions. These patterns are articulated within a model-driven methodology that we have proposed to incrementally refine the system functional and nonfunctional requirements. Following the proposed methodology, we have combined and instantiated a set of patterns for developing a flexible cognitive monitoring system to manage patients' health based on heterogeneous wearable devices. We have highlighted the gained flexibility and demonstrated the ability of our system to integrate and process heterogeneous large-scale data streams. Finally, we have evaluated the system performance in terms of response time and scalability management.","2471-285X","","10.1109/TETCI.2017.2699218","National Research Fund of Luxembourg; ","https://ieeexplore.ieee.org/stamp/stamp.jsp?arnumber=7935485","Autonomic computing;big data;cognitive computing;design patterns;IoT-based system","Scalability;Monitoring;Big Data;Complexity theory;Complex systems;Computational modeling;Design methodology","","79","","23","IEEE","29 May 2017","June 2017","","IEEE","IEEE Journals"
"Design of integrated manufacturing system control software","A. W. Naylor; R. A. Volz","University of Michigan, 3118 Electrical Engineering and Computer Science Building, 1301 Beal, Ann Arbor, MI 48109-2122; Robots Systems Division, University of Michigan, 110 Advanced Technology Laboratories Building, 1101 Beal, Ann Arbor, MI 48109-2110","IEEE Transactions on Systems, Man, and Cybernetics","19 Apr 2013","1987","17","6","881","897","A coordinated multifaceted conceptual framework for the development of real-time control software for integrated manufacturing systems is described. Typically, such software is developed using outmoded software tools and is invariably tailored to each manufacturing system. Consequently, it is expensive to develop and maintain, inflexible, and relatively unrealiable. One reason, though certainly not the only one, so few integrated manufacturing systems exist is that control software has been created in this flawed way. A more orderly, rational, and structured approach is obviously needed, and one is described here. The approach is based on a blending of modern software concepts and formal semantic models. The software concepts are 1) the use of software components (extended to include hardware), 2) a common distributed language environment, and 3) generic (i.e., reusable) software. Control software is constructed as an assemblage of components written in the common distributed language. The formal models model the semantics of the assemblages. Generics are used to enhance the reusability of software. The approach was tested using a network of VAX computers as a testbed.","2168-2909","","10.1109/TSMC.1987.6499301","","https://ieeexplore.ieee.org/stamp/stamp.jsp?arnumber=6499301","","Software;Manufacturing;Computational modeling;Computers;Semantics;Control systems;Hardware","","65","","","IEEE","19 Apr 2013","Nov.-Dec. 1987","","IEEE","IEEE Journals"
"Optimal Planning of Distribution Systems and Charging Stations Considering PV-Grid-EV Transactions","H. Yao; Y. Xiang; C. Gu; J. Liu","College of Electrical Engineering, Sichuan University, Chengdu, China; College of Electrical Engineering, Sichuan University, Chengdu, China; Department of Electronic and Electrical Engineering, University of Bath, Bath, U.K.; College of Electrical Engineering, Sichuan University, Chengdu, China",IEEE Transactions on Smart Grid,"6 Jan 2025","2025","16","1","691","703","Uncertainties associated with large-scale deployment of electric vehicles (EVs) and photovoltaic (PV) pose challenges to distribution network expansion planning (DNEP). This paper proposes an optimal planning method for EV charging stations (EVCS) and distribution systems to accommodate the ever-increasing uncertainties. It is achieved by entailing PV-grid-EV transactions, which enables EVCS and PV prosumers to trade energy to make profits while complying with grid securities. It offers a cost-effective operational alternative to long-term planning, which would otherwise result in PV curtailment or unnecessary DNEP. The transactive market operates on a peer-to-peer (P2P) basis and is cleared via a decentralized algorithm to protect privacy and enable autonomous decision-making. EVCS is incentivized by a designed network charge, quantifying its impact on adhering to security constraints from both long-term and short-term perspectives. Considering EV users’ charging decisions, we derive optimal EV charging prices to regulate EV charging flow. We employ multiple linearization techniques to ensure the convergence of the non-convex model. Results demonstrate that the proposed method enables the distribution networks to accommodate the large-scale integration of EV and PV more effectively.","1949-3061","","10.1109/TSG.2024.3429371","National Natural Science Foundation of China(grant numbers:52177103); ","https://ieeexplore.ieee.org/stamp/stamp.jsp?arnumber=10599533","Distribution network expansion planning;EV charging station;network charges;PV-grid-EV transactions;PV prosumer","Planning;Electric vehicle charging;Indexes;Distribution networks;Substations;Peer-to-peer computing;Costs","","50","","33","IEEE","16 Jul 2024","Jan. 2025","","IEEE","IEEE Journals"
"Optimal Planning With Technology Selection for Wind Power Plants in Power Distribution Networks","A. Ouammi; H. Dagdougui; R. Sacile","Centre National pour la Recherche Scientifique et Technique, Rabat, Morocco; Polytechnic School of Montreal, Montreal, QC, Canada; DIBRIS, University of Genoa, Genoa, Italy",IEEE Systems Journal,"23 Aug 2019","2019","13","3","3059","3069","This paper proposes a comprehensive decision framework to optimally plan wind power plants (WPPs) with technology selection in the distribution network. The proposed framework aims to maximize the net present value (NPV) associated with the WPP investment over a given planning horizon for various bus locations. The proposed design accounts for various practical cost factors, historical data of wind speeds, and WPP installation restrictions due to territorial information, environmental considerations, and work constraints, in the decision making process of optimal planning and technology selection for WPP. The planning problem, which maximizes the NPV over the potential WPP installation locations, potential technologies, and the size of WPPs, is formulated as a constrained optimization problem. The proposed design is evaluated using case studies to test its concrete practices with a radial network of 33-bus distribution system.","1937-9234","","10.1109/JSYST.2019.2903555","","https://ieeexplore.ieee.org/stamp/stamp.jsp?arnumber=8675374","Decision support system;distribution network;investment costs;optimization;wind power plants (WPPs)","Planning;Wind power generation;Biological system modeling;Wind speed;Wind turbines;Rotors;Power systems","","19","","28","IEEE","27 Mar 2019","Sept. 2019","","IEEE","IEEE Journals"
"Inclusion of Battery SoH Estimation in Smart Distribution Planning With Energy Storage Systems","O. Alrumayh; S. Wong; K. Bhattacharya","Department of Electrical and Computer Engineering, University of Waterloo, Waterloo, Ontario, Canada; Natural Resources Canada, CanmetENERGY, Varennes, Quebec, Canada; Department of Electrical and Computer Engineering, University of Waterloo, Waterloo, Ontario, Canada",IEEE Transactions on Power Systems,"19 Apr 2021","2021","36","3","2323","2333","Energy storage systems (ESSs) can improve energy management in distribution grids, especially with the increasing penetration of home energy management systems (HEMSs) that schedule household appliances and render them as smart loads. A large number of uncoordinated HEMSs can result in significant changes to the aggregated load profile of the distribution system. This paper proposes a framework and mathematical model for integrating ESS in the distribution grid to minimize the operation cost of the local distribution company (LDC) and alleviate the impact of uncoordinated HEMS operation on the distribution grid. A novel neural network (NN) based state of health (SoH) estimator for a lithium-ion (Li-ion) battery based ESS is proposed, which is incorporated within the LDC's planning problem. The results show that the proposed estimation model is an accurate estimation of the SoH of the ESS. The LDC's planning decisions are also compared, considering SoH of the ESS vis-á-vis linear degradation and no-degradation models.","1558-0679","","10.1109/TPWRS.2020.3036448","Qassim University, Saudi Arabia; Saudi Arabian Culture Bureau, Ottawa, Canada; Natural Sciences and Engineering Research Council of Canada; Energy Storage Technology; ","https://ieeexplore.ieee.org/stamp/stamp.jsp?arnumber=9250670","Distribution planning;energy storage system;home energy management system;local distribution company;smart grid;state of health;degradation","Planning;Degradation;Load modeling;Batteries;Estimation;Mathematical model","","15","","24","IEEE","6 Nov 2020","May 2021","","IEEE","IEEE Journals"
"Optimized Distribution and Subtransmission System Planning by Digital Computer I-System Philosophy","V. Converti; R. C. Ender; M. W. Gangel; R. E. Reinbold; P. E. Rist; N. R. Schultz","General Electric Company Limited, Schenectady, NY, USA; General Electric Company Limited, Schenectady, NY, USA; General Electric Company Limited, Schenectady, NY, USA; General Electric Company Limited, Schenectady, NY, USA; General Electric Company Limited, Schenectady, NY, USA; General Electric Company Limited, Schenectady, NY, USA",IEEE Transactions on Power Apparatus and Systems,"27 Jan 2009","1964","83","4","341","347","The principal features of a co-operative planning study by the Arizona Public Service Company and the General Electric Company are described. Objective of the joint study is to determine optimum design of distribution and subtransmission systems to serve a large load area. To accomplish this objective a series of four digital computer programs have been developed. These programs generate the costs and characteristics of systems designed to serve a specified area for fixed load conditions.","0018-9510","","10.1109/TPAS.1964.4766010","","https://ieeexplore.ieee.org/stamp/stamp.jsp?arnumber=4766010","","Distributed computing;Power system planning;Manufacturing;Cities and towns;Power engineering computing;Costs;Power generation economics;Moon;Power engineering and energy;Programming profession","","7","","3","IEEE","27 Jan 2009","April 1964","","IEEE","IEEE Journals"
"Load Forecasting","A. A. Sallam; O. P. Malik","Suez Canal University, Egypt; NA",Electric Distribution Systems,"","2019","","","41","71","Load forecast plays a crucial role in all aspects of planning, operation and control of an electric power system. It is an essential function for operating a power network reliably and economically. Load forecast can be classified as short term load forecast (STLF), midterm load forecast (MTLF), and long‐term load forecast (LTLF). Forecasting methodologies can be classified on the method used. In a more definitive way, they can be categorized as deterministic or probabilistic. Spatial load forecasting is based on three aspects as main requirements: how well the forecast supports the planning process, where will the future load develop, and when will the expected load growth occur. The three aspects are explained to indicate their effect on estimating the load forecast and consequently on the planning process. Spatial electric load forecasting methods can be grouped into three categories: nonanalytic, trending and simulation.","","9781119509301","10.1002/9781119509332.ch4","","https://ieeexplore.ieee.org/xpl/ebooks/bookPdfWithBanner.jsp?fileName=8538810.pdf&bkn=8538803&pdfType=chapter","","Load forecasting;Forecasting;Planning;Economics;Weather forecasting;Temperature","","","","","","19 Nov 2018","","","IEEE","Wiley-IEEE Press eBook Chapters"
"Capacitor placement, replacement and control in large-scale distribution systems by a GA-based two-stage algorithm","K. N. Miu; H. . -D. Chiang; G. Darling","School of Electrical Engineering, Cornell University, Ithaca, NY, USA; School of Electrical Engineering, Cornell University, Ithaca, NY, USA; Distribution System Planning, NYSE and G Corporation, Binghamton, NY, USA",IEEE Transactions on Power Systems,"6 Aug 2002","1997","12","3","1160","1166","This paper presents a two-stage algorithm tailored for capacitor placement, replacement and control of general, large-scale, unbalanced distribution systems. The first stage of the proposed algorithm consists of a GA followed by the second stage which consists of a sensitivity-based heuristic method tailored for the capacitor placement, replacement and control problem. The two-stage algorithm is designed to take advantage of the merits of each technique. The GA is employed to find neighborhoods of high quality solutions and to provide a good initial guess for the sensitivity-based heuristic. The heuristic uses the sensitivity of real power loss to reactive power to quickly and locally improve upon the solution provided by the GA with less computation than by allowing the GA to continue. The two-stage algorithm was implemented in the C programming language and tested for a 292 bus unbalanced system with single, two and three-phase branches and grounded and ungrounded portions of the network with promising results.","1558-0679","","10.1109/59.630457","","https://ieeexplore.ieee.org/stamp/stamp.jsp?arnumber=630457","","Capacitors;Control systems;Large-scale systems;Reactive power;Power engineering computing;Power system planning;Cost function;Algorithm design and analysis;Computer languages;System testing","","95","","14","IEEE","6 Aug 2002","Aug. 1997","","IEEE","IEEE Journals"
"RouteNet: Leveraging Graph Neural Networks for Network Modeling and Optimization in SDN","K. Rusek; J. Suárez-Varela; P. Almasan; P. Barlet-Ros; A. Cabellos-Aparicio","Department of Telecommunications, AGH University of Science and Technology, Krakow, Poland; Barcelona Neural Networking Center, Universitat Politècnica de Catalunya, Barcelona, Spain; Barcelona Neural Networking Center, Universitat Politècnica de Catalunya, Barcelona, Spain; Barcelona Neural Networking Center, Universitat Politècnica de Catalunya, Barcelona, Spain; Barcelona Neural Networking Center, Universitat Politècnica de Catalunya, Barcelona, Spain",IEEE Journal on Selected Areas in Communications,"15 Sep 2020","2020","38","10","2260","2270","Network modeling is a key enabler to achieve efficient network operation in future self-driving Software-Defined Networks. However, we still lack functional network models able to produce accurate predictions of Key Performance Indicators (KPI) such as delay, jitter or loss at limited cost. In this paper we propose RouteNet, a novel network model based on Graph Neural Network (GNN) that is able to understand the complex relationship between topology, routing, and input traffic to produce accurate estimates of the per-source/destination per-packet delay distribution and loss. RouteNet leverages the ability of GNNs to learn and model graph-structured information and as a result, our model is able to generalize over arbitrary topologies, routing schemes and traffic intensity. In our evaluation, we show that RouteNet is able to predict accurately the delay distribution (mean delay and jitter) and loss even in topologies, routing and traffic unseen in the training (worst case MRE = 15.4%). Also, we present several use cases where we leverage the KPI predictions of our GNN model to achieve efficient routing optimization and network planning.","1558-0008","","10.1109/JSAC.2020.3000405","Polish Ministry of Science and Higher Education with the subvention funds of the Faculty of Computer Science, Electronics and Telecommunications, AGH University; Spanish MINECO(grant numbers:TEC2017-90034-C2-1-R (ALLIANCE)); Catalan Institution for Research and Advanced Studies (ICREA) and the FI-AGAUR Grant by the Catalan Government; Infrastruktura PL-Grid; ","https://ieeexplore.ieee.org/stamp/stamp.jsp?arnumber=9109574","Graph Neural Networks;network modeling;network optimization;Software-Defined Networks","Optimization;Delays;Routing;Network topology;Computational modeling;Topology;Predictive models","","359","","34","IEEE","5 Jun 2020","Oct. 2020","","IEEE","IEEE Journals"
"A Planning Framework for Optimal Partitioning of Distribution Networks Into Microgrids","R. A. Osama; A. F. Zobaa; A. Y. Abdelaziz","Department of Electric Power and Machines, Ain Shams University, Cairo, Egypt; Department of Electronic and Computer Engineering, Brunel University London, Uxbridge, U.K.; Faculty of Engineering and Technology, Future University in Egypt, Cairo, Egypt",IEEE Systems Journal,"2 Mar 2020","2020","14","1","916","926","This paper proposes a novel methodology for the optimal design of microgrids in distribution systems with multiple distributed generation units (DGs). Following the IEEE Standard 1547.4-2011, the operation and control of large distribution networks can be enhanced by dividing these networks into multiple virtual microgrids. The proposed planning framework incorporates the necessary conditions for microgrids to operate efficiently in grid-connected operating mode and successfully during islanding. To obtain a robust design, the clustering process considers three objectives: maximizing the self-adequacy of the designed microgrids, maximizing microgrid islanding success probability, and a combination of both targets. For this purpose, the PG&E distribution system with 69 buses is selected as a test case. Backtracking search optimization algorithm, a probabilistic load flow approach, and graph-based theories are used to accomplish this research. Simulation results demonstrate the effectiveness of combining the self-adequacy and the islanding success probability objectives in the clustering process. Compared with other strategies present in the previous literature, the proposed framework results in more self-sufficient and successful islands assessed in terms of active and reactive power adequacy as well as voltage constraints. Next, the effects of increased penetration level of DGs and installation of both distributed energy-storage units and distributed reactive sources on the design process are examined. Finally, a comparison with other microgrid design objectives applied in previous researches reveals that the resultant design is sensitive to the system's reliability, security, and economic requirements.","1937-9234","","10.1109/JSYST.2019.2904319","","https://ieeexplore.ieee.org/stamp/stamp.jsp?arnumber=8681447","Backtracking search;clustering;islanding;microgrid design;optimization;reactive sources;self-adequacy;storage units","Microgrids;Load modeling;Reliability;Planning;Probability density function;Islanding;Optimization","","73","","46","IEEE","4 Apr 2019","March 2020","","IEEE","IEEE Journals"
"Cooperative Operational Planning Model for Distributed Energy Resources With Soft Open Point in Active Distribution Network","V. B. Pamshetti; S. Singh; A. K. Thakur; S. P. Singh; T. S. Babu; N. Patnaik; G. H. Krishna","Department of Electrical, Electronics Engineering, Chaitanya Bharathi Institute of Technology, Hyderabad, India; Department of Electrical Engineering, National Institute of Technology, Agartala, India; Systems Studies-System Engineer, GE Renewable Energy, Noida, India; Department of Electrical Engineering, Indian Institute of Technology (BHU), Varanasi, India; Department of Electrical, Electronics Engineering, Chaitanya Bharathi Institute of Technology, Hyderabad, India; Department of Electrical Engineering, National Institute of Technology, Rourkela, India; Department of Electrical, Electronics Engineering, Chaitanya Bharathi Institute of Technology, Hyderabad, India",IEEE Transactions on Industry Applications,"20 Mar 2023","2023","59","2","2140","2151","In this paper, optimal cooperative operational planning of distributed energy resources (DER) in an active distribution network (ADN) with soft open points (SOP) has been investigated. To do so, a new two-layer coordinated optimization framework ADN has been proposed considering SOP. In the upper layer, the location and sizing of the DERs and SOPs has been optimised. While inner layer executes simultaneous optimal functioning of volt/var control (VVC) devices, remote controlled switches (RCS), DERs, and SOPs. The main objective of proposed methodology is to reduce total investment cost of DERs and SOPs as well as operating costs of the system over the planning horizon. Besides, objective function considers the cost of energy not served (ENS), the cost of substation-purchased electricity, and the cost of carbon emissions. Meanwhile, a stochastic module has been employed to address high-level uncertainties associated to renewables and load demands. Besides, the effects of distribution network reconfiguration (DNR) and conservation voltage reduction (CVR) have been taken into account. For various instances, the suggested framework was implemented on an IEEE 119-bus distribution system and solved using a proposed hybrid optimization solver. The efficacy of proposed DER with SOP methodology has been validated on various cases and also tested on sudden external disturbances such as under voltage and over voltage problem conditions. When compared to standard planning schemes, the test results show that it is beneficial in boosting system efficiency, increasing reliability, and lowering the carbon footprint of distribution systems.","1939-9367","","10.1109/TIA.2022.3223339","IIT; Real Time Simulation of Smart Grid; Distributed Energy Resources; R&D Grant Vide Letter IIT(BHU)/R&D/Lab(grant numbers:2018-19/4161/L); ","https://ieeexplore.ieee.org/stamp/stamp.jsp?arnumber=9956775","Active distribution network;conservation voltage reduction;distributed energy resources;distribution network reconfiguration","Planning;Costs;Optimization;Distribution networks;Voltage;Uncertainty;Renewable energy sources","","64","","30","IEEE","21 Nov 2022","March-April 2023","","IEEE","IEEE Journals"
"Sizing and Locating Planning of EV Centralized-Battery-Charging-Station Considering Battery Logistics System","C. He; J. Zhu; S. Li; Z. Chen; W. Wu","School of Electric Power Engineering, South China University of Technology, Guangzhou, China; School of Electric Power Engineering, South China University of Technology, Guangzhou, China; School of Electric Power Engineering, South China University of Technology, Guangzhou, China; School of Electric Power Engineering, South China University of Technology, Guangzhou, China; School of Electric Power Engineering, South China University of Technology, Guangzhou, China",IEEE Transactions on Industry Applications,"18 Jul 2022","2022","58","4","5184","5197","This article investigates the optimal planning of centralized charging and multipoint distribution network that includes centralized battery charging stations (CBCSs) and battery distribution stations (BDSs), which considers the battery logistics system. Based on the analysis of the characteristics of travel chains of swapping electric vehicles (SEVs), a time-space load forecasting model of SEVs is proposed. Then, based on function and characteristic analysis, operation models of CBCS, BDS, and the battery logistics system are built. Afterward, the sizing models of CBCSs and BDSs are established. Then, a double-level planning model of CBCSs considering battery logistics system is proposed. In the first level planning, the sizes and locations of CBCSs and BDSs are planned, and in the second-level planning, the economy of battery logistics company is optimized. Finally, the CPLEX toolbox and the Bellman–Ford algorithm are used to solve the planning model. Taking the actual situation of a certain region as the planning area, the feasibility and effectiveness of the method proposed in this article are verified.","1939-9367","","10.1109/TIA.2022.3168244","National Natural Science Foundation of China(grant numbers:52177087); Natural Science Foundation of Guangdong Province(grant numbers:2021A1515010419); ","https://ieeexplore.ieee.org/stamp/stamp.jsp?arnumber=9760203","Battery distribution station (BDS);battery logistics system;centralized battery charging station (CBCS);planning;swapping electric vehicle (SEV);time-space load forecasting","Batteries;Planning;Load modeling;Logistics;Electric vehicle charging;Charging stations;Forecasting","","44","","55","IEEE","19 Apr 2022","July-Aug. 2022","","IEEE","IEEE Journals"
"Station-Network Cooperative Optimization Planning of Urban Integrated Energy System Considering Heat Storage Capacity of Heat Network","S. Yu; C. Chen; Y. Wang; H. Yu; C. Pei; J. Ren; L. Yang; Z. Lin","School of Electrical Engineering, Zhejiang University, Hangzhou, China; School of Electrical Engineering, Zhejiang University, Hangzhou, China; School of Electrical Engineering, Zhejiang University, Hangzhou, China; School of Electrical Engineering, Zhejiang University, Hangzhou, China; Ningbo Power Supply Company of State Grid Zhejiang Electric Power Company Ltd., Ningbo, China; Ningbo Power Supply Company of State Grid Zhejiang Electric Power Company Ltd., Ningbo, China; School of Electrical Engineering, Zhejiang University, Hangzhou, China; School of Electrical Engineering, Zhejiang University, Hangzhou, China",IEEE Transactions on Sustainable Energy,"20 Jun 2025","2025","16","3","1956","1976","Heat storage capacity of heat network in urban integrated energy system (UIES) has the potential to significantly improve the operational flexibility of the system. To obtain the optimal UIES planning scheme, a UIES station-network cooperative optimization planning (UIES-SNCOP) method considering heat storage capacity is proposed. First, a heat network operation model under constant flow-variable temperature considering flow direction depiction is established for solving the problem that the existing model cannot be directly applied to UIES-SNCOP because the flow direction of pipeline cannot be predetermined. Then, a radial structure-oriented topology model of distribution and heat networks is developed to ensure the radiality of energy supply network while also reducing planning cost. On this basis, a UIES-SNCOP model based on information gap decision theory and stochastic optimization is constructed to realize the co-optimization of the siting and sizing of energy station and topology of distribution and heat networks. Finally, a solution method of UIES-SNCOP model based on relaxation-contraction coupled McCormick envelope is proposed for effectively improving the accuracy of solution result. The planning of UIES is conducted on an urban topology containing 55 nodes to test the performance of the proposed method, and simulation results indicate that the proposed method outperforms other existing methods in terms of reducing planning cost, ensuring radial structure of the energy supply network, utilizing heat storage capacity and enhancing solution accuracy.","1949-3037","","10.1109/TSTE.2025.3542549","National Key Research and Development Program of China(grant numbers:2022YFB2403100); Science and Technology Project of State Grid Zhejiang Electric Power Company Ltd.(grant numbers:B311NB23000C); ","https://ieeexplore.ieee.org/stamp/stamp.jsp?arnumber=10891182","Cooperative optimization planning;heat storage capacity;mccormick envelope;radial structure;urban integrated energy system","Planning;Pipelines;Heating systems;Network topology;District heating;Cogeneration;Capacity planning;Decision theory;Relaxation methods","","14","","35","IEEE","17 Feb 2025","July 2025","","IEEE","IEEE Journals"
"Asymmetric Bargaining-Based SOP Planning Considering Peer-to-Peer Electricity Trading","H. Ji; Y. Zheng; H. Yu; J. Zhao; G. Song; J. Wu; P. Li","Key Laboratory of Smart Grid of Ministry of Education, Tianjin University, Tianjin, China; Key Laboratory of Smart Grid of Ministry of Education, Tianjin University, Tianjin, China; Key Laboratory of Smart Grid of Ministry of Education, Tianjin University, Tianjin, China; Key Laboratory of Smart Grid of Ministry of Education, Tianjin University, Tianjin, China; Key Laboratory of Smart Grid of Ministry of Education, Tianjin University, Tianjin, China; Institute of Energy, School of Engineering, Cardiff University, Cardiff, U.K.; Key Laboratory of Smart Grid of Ministry of Education, Tianjin University, Tianjin, China",IEEE Transactions on Smart Grid,"20 Feb 2025","2025","16","2","942","956","The flexible power distribution devices, represented by soft open points (SOPs), can facilitate power exchange among regional distribution networks. However, given the substantial investment in SOPs, there exists an urgent need for their reasonable configuration and fair allocation among multi-stakeholders. Promisingly, the peer-to-peer (P2P) electricity trading based on SOPs can not only effectively reduce operational cost, but also impart revenue-generating abilities to SOP investment. Aiming at the optimal SOP configuration under multi-stakeholder investment, this paper proposes an asymmetric bargaining-based planning method for SOPs considering P2P trading. First, a planning-operation two-layer coupling framework of SOPs is established under multi-stakeholder games. In the planning layer, analyzing the game behaviors among multiple distribution companies (DISCOs), an asymmetric bargaining-based planning model is formulated to obtain the configuration and investment schemes of SOPs. In the operational layer, the P2P trading and the profitability of multiple DISCOs are driven by price incentives. Then, a two-layer coupling model is built and efficiently solved using the generalized Benders decomposition algorithm. Finally, the effectiveness of the proposed method is validated on a practical distribution network. The proposed method incentivizes investment in SOPs by balancing the interests of multiple DISCOs, while efficiently improving the operational performance of distribution networks.","1949-3061","","10.1109/TSG.2024.3471611","National Natural Science Foundation of China(grant numbers:U22B20114,52277117); ","https://ieeexplore.ieee.org/stamp/stamp.jsp?arnumber=10705939","Distribution networks (DNs);soft open points (SOPs);asymmetric bargaining-based planning;peer-to-peer (P2P) electricity trading","Planning;Investment;Stakeholders;Game theory;Peer-to-peer computing;Resource management;Costs;Power markets;Couplings;Distribution networks","","14","","37","IEEE","4 Oct 2024","March 2025","","IEEE","IEEE Journals"
"Multi-Stage Expansion Planning of Energy Storage Integrated Soft Open Points Considering Tie-Line Reconstruction","P. Li; J. Ji; S. Chen; H. Ji; J. Xu; G. Song; J. Zhao; J. Wu; C. Wang","Key Laboratory of Smart Grid of Ministry of Education, Tianjin University, Tianjin, China; Key Laboratory of Smart Grid of Ministry of Education, Tianjin University, Tianjin, China; State Grid Kunshan Power Supply Company, Kunshan, China; Key Laboratory of Smart Grid of Ministry of Education, Tianjin University, Tianjin, China; State Grid Tianjin Economic and Technological Research Institute, Tianjin, China; Key Laboratory of Smart Grid of Ministry of Education, Tianjin University, Tianjin, China; Key Laboratory of Smart Grid of Ministry of Education, Tianjin University, Tianjin, China; Institute of Energy, School of Engineering, Cardiff University, Cardiff, UK; Key Laboratory of Smart Grid of Ministry of Education, Tianjin University, Tianjin, China",Protection and Control of Modern Power Systems,"26 Dec 2023","2022","7","4","1","15","With the rapid development of flexible interconnection technology in active distribution networks (ADNs), many power electronic devices have been employed to improve system operational performance. As a novel fully-controlled power electronic device, energy storage integrated soft open point (ESOP) is gradually replacing traditional switches. This can significantly enhance the controllability of ADNs. To facilitate the utilization of ESOP, device locations and capacities should be configured optimally. Thus, this paper proposes a multi-stage expansion planning method of ESOP with the consideration of tie-line reconstruction. First, based on multi-terminal modular design characteristics, the ESOP planning model is established. A multi-stage planning framework of ESOP is then presented, in which the evolutionary relationship among different planning schemes is analyzed. Based on this framework, a multi-stage planning method of ESOP with consideration of tie-line reconstruction is subsequently proposed. Finally, case studies are conducted on a modified practical distribution network, and the cost-benefit analysis of device and multiple impact factors are given to prove the effectiveness of the proposed method.","2367-0983","","10.1186/s41601-022-00268-5","","https://ieeexplore.ieee.org/stamp/stamp.jsp?arnumber=10374171","Active distribution network (ADN);Energy storage integrated soft open points (ESOP);Multi-stage expansion planning;Tie-line reconstruction","Performance evaluation;Uncertainty;Distribution networks;Power electronics;Planning;Power systems;Cost benefit analysis","","12","","39","","26 Dec 2023","October 2022","","PSPC","PSPC Journals"
"A Cooperative Planning Framework for Enhancing Resilience of Active Distribution Networks With Integrated VPPs Under Catastrophic Emergencies","G. Mohy-ud-din; K. M. Muttaqi; D. Sutanto","School of Electrical, Computer, and Telecommunications Engineering, University of Wollongong, New South Wales, NSW, Australia; School of Electrical, Computer, and Telecommunications Engineering, University of Wollongong, New South Wales, NSW, Australia; School of Electrical, Computer, and Telecommunications Engineering, University of Wollongong, New South Wales, NSW, Australia",IEEE Transactions on Industry Applications,"19 May 2022","2022","58","3","3029","3043","Extreme incidents can cause diverse and dynamic disruptions to active distribution networks (ADNs). Thus, ADN operators (DNOs) must plan to prepare for and adapt to changes in conditions to withstand and quickly recover from such disruptions. This article proposes a cooperative planning framework to design optimal microgrids (MGs) in smart ADNs integrated with virtual power plants (VPPs) to quickly reconfigure and recover during such events. The proposed framework has two parts: 1) optimal partitioning of ADNs with integrated VPPs into supply-sufficient MGs; and 2) the scheduling of the partitioned MGs. Since the VPPs are autonomous, a smart DNO and VPP interface and operating model for dynamic operating envelopes (DOEs) is proposed to quantify and integrate the supply capacity of VPPs in the operation of MGs. As part of this framework, three optimization models are formulated including VPP optimization, ADN partitioning, and a partitioned ADN scheduling model, where the uncertainty of renewables, loads, and prices is modeled as stochastic scenarios. In part one, the VPP optimization model quantifies the available supply of VPPs. Then, the ADN partitioning model derives the optimal MGs by utilizing the supply of VPPs and network resources. In part two, based on the available supply of VPPs, the partitioned ADN scheduling model derives a day-ahead schedule for the MGs and the DOEs for VPPs. VPPs can then reoptimize to maximize their export within the DOEs. Finally, the proposed framework is validated on IEEE 13 and 123 node test networks, and the results are presented.","1939-9367","","10.1109/TIA.2022.3148217","Higher Education Commission, Pakistan; University of Wollongong; UOW–HEC; ","https://ieeexplore.ieee.org/stamp/stamp.jsp?arnumber=9705085","Active distribution network (ADN);microgrid (MG);virtual power plant (VPP)","Load modeling;Reactive power;Optimization;Uncertainty;Distribution networks;Computational modeling;Resilience","","11","","35","IEEE","4 Feb 2022","May-June 2022","","IEEE","IEEE Journals"
"A Planning Model for an Electric Vehicle Aggregator Providing Ancillary Services to an Unbalanced Distribution Network Considering Contract Design","A. M. Muqbel; A. T. Al-Awami; A. S. Al-Bukhaytan","Department of Electrical Engineering, King Fahd University of Petroleum and Minerals (KFUPM), Dhahran, Saudi Arabia; Department of Electrical Engineering, King Fahd University of Petroleum and Minerals (KFUPM), Dhahran, Saudi Arabia; Department of Electrical Engineering, King Fahd University of Petroleum and Minerals (KFUPM), Dhahran, Saudi Arabia",IEEE Access,"28 Feb 2024","2024","12","","29035","29048","Recent advancements in battery technology have made them more economically viable than ever before, making them suitable for various grid-scale applications. Due to their rapid response, batteries are attractive for providing ancillary services (AS), such as frequency regulation and reserve services, to the bulk power grid. On the other hand, an electric vehicle (EV) is viewed as a moving battery; consequently, EVs are also suitable for those services. This research proposes a linear planning model for an Electric Vehicle Aggregator (EVA) within a distribution network (DN) to offer Ancillary Services (AS) to the bulk power grid. The model takes into account contract design by identifying optimal incentives or charging tariffs that Electric Vehicle (EV) owners would be willing to pay the EVA for charging their vehicles. Additionally, the model takes into account the size of the electric vehicle (EV) fleet as a crucial planning factor for EV aggregation that depends on the energy pricing set by the EVA. The proposed model is developed to maximize the overall profit of bidding capacities in the energy and AS markets while supporting the operation of an unbalanced DN by maintaining the DN limits. Simulation results and sensitivity analyses on the model have been carried out to support the investment model and investigate the change in the optimal solution across different case studies. Simulations show that the optimal charging tariff ( $\beta $ ) is ( $0.02~{\$}/kWh$ )when considering scenarios where Distribution Network (DN) limits, such as thermal and voltage constraints, are ignored for all EV participation versus  $\beta $  relations. When including the DN, the optimal payoffs vary based on the relationship between the charging tariff and the number of participating EVs.","2169-3536","","10.1109/ACCESS.2024.3368038","King Fahd University of Petroleum and Minerals and King Abdulaziz City for Science and Technology (KACST)(grant numbers:14-ENE360-04); ","https://ieeexplore.ieee.org/stamp/stamp.jsp?arnumber=10440629","EV aggregators,V2G;G2V;planning model;unbalanced distribution network;ancillary services;electricity market","Vehicle-to-grid;Costs;Batteries;Tariffs;Planning;Distribution networks;Frequency control;Electric vehicles;Vehicle-to-grid;Distribution networks;Electricity supply industry;Market research;Power grids;Analytical models;Economics","","9","","47","CCBYNCND","20 Feb 2024","2024","","IEEE","IEEE Journals"
"Coupled Planning of Suburban Integrated Energy System With Electric-Biogas-Traffic Considering Fast Charging Station Equalization","C. Weng; Z. Hu; S. Xie; Z. Chen; S. Liu; Y. Du","School of Electrical Engineering and Automation, Wuhan University, Wuhan, China; School of Electrical Engineering and Automation, Wuhan University, Wuhan, China; School of Electrical Engineering and Automation, Wuhan University, Wuhan, China; School of Electrical Engineering and Automation, Wuhan University, Wuhan, China; School of Electrical Engineering and Automation, Wuhan University, Wuhan, China; School of Electrical Engineering and Automation, Wuhan University, Wuhan, China",IEEE Access,"24 Dec 2020","2020","8","","226008","226025","Interconnectivity is an important development trend of future energy revolution. A more precise planning model is needed to enhance the interaction of multiple energy sources. In this paper, a joint planning model of active distribution network and transportation network including electricity, gas, heat, and traffic loads is proposed. The main highlights of this model are summarized below. Firstly, this issue puts forward a novel mixed user equilibrium mathematical model nesting fast charging station user equilibrium considering the charging fee, charging time, and queuing time of various charging facilities. Secondly, this work constructs a new generation of suburban integrated energy system (SIES) model considering electricity, biogas, gas, and heat energy, and fully explores the significant role of biogas digestors in a SIES. Thirdly, because the proposed model is a mixed integer nonlinear problem, the piecewise linear method, big-M method, and second-order cone relaxation are used to deal with the nonlinear constraints. Finally, a SIES based on the IEEE 33-node distribution network and a 12-node traffic network is designed for case studies. The results revealed that the new equilibrium will decrease vehicle charging cost strongly up to 19.58%. Moreover, biogas digesters are conducive to new energy consumption, resulting in the proportion of power supply from the upper-level grid falling to 30.87%.","2169-3536","","10.1109/ACCESS.2020.3044459","National Natural Science Foundation of China(grant numbers:51977156); ","https://ieeexplore.ieee.org/stamp/stamp.jsp?arnumber=9293029","Suburban integrated energy system (SIES);planning;user equilibrium;biogas digester","Planning;Biological system modeling;Load modeling;Charging stations;Resistance heating;Next generation networking;Mathematical model","","8","","35","CCBYNCND","14 Dec 2020","2020","","IEEE","IEEE Journals"
"Planning Model for Energy Routers Considering Peer-to-Peer Energy Transactions Among Multiple Distribution Networks","M. Chen; M. Xia; Q. Chen","School of Electrical Engineering Beijing Jiaotong University, Beijing, China; School of Electrical Engineering Beijing Jiaotong University, Beijing, China; School of Electrical Engineering Beijing Jiaotong University, Beijing, China",CSEE Journal of Power and Energy Systems,"10 Jun 2024","2024","10","3","1026","1043","A high proportion of renewable energy affects the power quality of distribution networks, and surplus energy will be sold to the upstream grid at a low price. In this paper, considering peer-to-peer energy transactions, the energy router-based multiple distribution networks are analyzed to solve the above problems and realize collaborative consumption of renewable energy. Presently, the investing cost of an energy router is high, and research on the economic operation of energy routers in distribution networks is little. Therefore, this paper establishes a planning model for energy routers considering peer-to-peer energy transactions among distribution networks, and explores the benefits of peer-to-peer energy transactions through energy router based multiple distribution networks. A structure of an energy router suitable for peer-to-peer energy transactions is selected, and a power flow calculation model based on a multi-layer structure is established. The energy router's scheduling model is established, and unique functions of the energy router and revenue of each distribution network are considered. A power flow calculation model based on peer-to-peer interconnection of multiple distribution networks through energy routers is also established. Finally, simulation results verify the effectiveness of the proposed planning model. Results show that peer-to-peer energy transaction among distribution networks through energy routers can effectively reduce the comprehensive cost of distribution networks, significantly improve the power quality of the distribution networks, and reduce the impact of power fluctuation on the upstream grid incurred by the distribution network.","3066-9308","","10.17775/CSEEJPES.2021.05270","","https://ieeexplore.ieee.org/stamp/stamp.jsp?arnumber=9917412","Capacity allocation;energy router;multiple distribution networks;peer-to-peer energy transaction;power flow optimization","Distribution networks;Costs;Load flow;Peer-to-peer computing;Optimization;Planning;Power quality","","7","","39","","12 Oct 2022","May 2024","","CSEE","CSEE Journals"
"An AI Driven, Reliability-Based Planning Framework for Electric Vehicles Integrated Distribution Network Considering Renewable Energy Support","E. Boima Fahnbulleh; S. Nandi; S. R. Ghatak; S. Sannigrahi; P. Acharjee","School of Electrical Engineering, KIIT Deemed to be University, Bhubaneswar, Odisha, India; School of Electrical Engineering, KIIT Deemed to be University, Bhubaneswar, Odisha, India; School of Electrical Engineering, KIIT Deemed to be University, Bhubaneswar, Odisha, India; Electrical Engineering Department, NIT Raipur, Raipur, Chhattisgarh, India; Electrical Engineering Department, NIT Durgapur, Durgapur, West Bengal, India",IEEE Access,"31 Oct 2025","2025","13","","184978","184998","The presence of Electric Vehicle Charging Infrastructure (EVCI) in the Distribution Network (DN) adversely impacts grid operations, affecting system voltage profile, power loss, and reliability, particularly under unplanned placement. To address this, a comprehensive planning framework is proposed considering EVCI, Photovoltaic (PV), and Battery Storage System (BSS), while minimizing techno-economic and reliability impacts using a novel Enhanced Harris Hawk Optimization (EHHO) technique that adheres to system constraints. The research employs a Deep Learning-based Gated Recurrent Unit algorithm to accurately forecast EV charging load and PV generation. The EVCIs are allocated in the DN using a novel Bus Reliability Index (BRI) and load density method. For more practicality, a time dependent failure rate is considered for feeder, PV and BSS to model the reliability. The proposed methodology is tested on the IEEE 15-bus DN and the 28-bus Indian rural DN. Comparative performance analysis demonstrates the superiority of the proposed approach. Results show that integrating PV and BSS with EVCI significantly improves the system reliability, voltage profile and reduces power loss. Specifically, in terms of reliability index Expected Energy Not Served (EENS), the presence of PV and BSS reduces EENS by 16% in the 15-bus DN and by 27% in the 28-bus DN compared to integration with only EVCI.","2169-3536","","10.1109/ACCESS.2025.3624041","","https://ieeexplore.ieee.org/stamp/stamp.jsp?arnumber=11214147","System average interruption frequency index;system average interruption duration index;average expected energy not served;expected energy not served;enhanced HHO;distribution network","Reliability;Electric vehicle charging;Costs;Forecasting;Uncertainty;Planning;Long short term memory;Load modeling;Voltage;Logic gates","","3","","50","CCBY","21 Oct 2025","2025","","IEEE","IEEE Journals"
"6 Planning Active Distribution Systems Using Microgrid Formation","",,Smart and Power Grid Systems – Design Challenges and Paradigms,"","2022","","","157","184","The Smart Grid represents an unprecedented opportunity to move the energy industry into a new era of reliability, availability, and efficiency that will contribute to our economic and environmental health. During the transition period, it will be critical to carry out testing, technology improvements, consumer education, development of standards and regulations, and information sharing between projects to ensure that the benefits we envision from the Smart Grid become a reality. Today, an electricity disruption such as a blackout can have a domino effect—a series of failures that can affect banking, communications, traffic, and security. This is a particular threat in the winter, when homeowners can be left without heat. A smarter grid will add resiliency to our electric power system and make it better prepared to address emergencies such as severe storms, earthquakes, large solar flares, and terrorist attacks. Because of its two-way interactive capacity, the Smart Grid will allow for automatic rerouting when equipment fails or outages occur. This will minimize outages and minimize the effects when they do happen. When a power outage occurs, Smart Grid technologies will detect and isolate the outages, containing them before they become large-scale blackouts. The new technologies will also help ensure that electricity recovery resumes quickly and strategically after an emergency—routing electricity to emergency services first, for example. In addition, the Smart Grid will take greater advantage of customer-owned power generators to produce power when it is not available from utilities. By combining these “distributed generation” resources, a community could keep its health center, police department, traffic lights, phone system, and grocery stores operating during emergencies. In addition, the Smart Grid is a way to address an aging energy infrastructure that needs to be upgraded or replaced. This book shows that Smart Grids can address energy efficiency, to bring increased awareness to consumers about the connection between electricity use and the environment, bring increased national security to our energy system—drawing on greater amounts of home-grown electricity that is more resistant to natural disasters and attack.","","9788770226714","","","https://ieeexplore.ieee.org/xpl/ebooks/bookPdfWithBanner.jsp?fileName=9903787.pdf&bkn=9903510&pdfType=chapter","","","","","","","","27 Sep 2022","","","River Publishers","River eBook Chapters"
"Opportunities and problems in the electric distribution system","Blake","Seattle, Washington",Journal of the A.I.E.E.,"24 Jun 2013","1926","45","2","180","184","C. E. Carey: I wish to discuss one or two details in Mr. Blake's paper. He mentions primarily the single-pole protective unit. He goes into detail and attempts to establish the justification of the multiplicity of parts. However, the question of single-phase or single-pole units cannot be separated from the whole network. Personally, I believe that the multiple unit is the real solution. We have seen that there are certain state laws requiring that we open the entire circuit, rather than allow an unbalance on the networks and produce inductive interference. It is much better, I believe, to clear the entire trouble as quickly as possible rather than take out one phase at a time. The three-pole unit will not occupy as much space in the manhole as three single-pole units. The automatic a-c. network protector is a device which does everything you can expect it to do. It is designed to go into the standard 35-in. manhole cover. The covers of the units are of aluminum, are light and can be handled by one man. Furthermore, if inspection is to be made of these devices the time consumed will be less with three-pole units than with three single-pole units.","2376-5976","","10.1109/JAIEE.1926.6534743","","https://ieeexplore.ieee.org/stamp/stamp.jsp?arnumber=6534743","","Transformers;Power cables;Oil insulation;Companies;Urban areas;Costs;Underwater vehicles","","","","","IEEE","24 Jun 2013","Feb. 1926","","IEEE","IEEE Journals"
"Application of fuzzy multi-objective decision making in spatial load forecasting","Mo-Yuen Chow; Jinxiang Zhu; H. Tram","Department of Electrical and Computer Engineering, North Carolina State University, Raleigh, NC, USA; Department of Electrical and Computer Engineering, North Carolina State University, Raleigh, NC, USA; Distribution Information Systems, ABB Power Transmission and Distribution Company, Inc., Cary, NC, USA",IEEE Transactions on Power Systems,"6 Aug 2002","1998","13","3","1185","1190","Electric distribution system planning is to provide an economic expansion plan to meet the future demands in its territory. A forecast of the future electric demand and its geographic distribution is a prerequisite for distribution planning. The quality and accuracy of this forecast have a large influence on the quality of the electrical distribution system planning. Spatial load forecasting emerges to provide a more accurate prediction of both the magnitudes and locations of future electric loads. Since the load growth pattern is dominated by its land-use (residential, commercial, or industrial), the land usage study of small area is important to capture the future loads accurately. There are many factors which will affect the customer land-use decision, for example, distance to highway, distance to urban pole, and the costs. The customer's preferences can be estimated based on these objective factors. Then the land utilization and the electricity consumption can be estimated. Since the objectives sometimes are conflicting with each other, it can be cumbersome to use conventional cost function approach to determine the land usage decision. This paper applies a fuzzy multi-objective decision making scheme to the urban redevelopment and spatial load forecasting, which is more naturally and straight forwardly used to handle the spatial load forecasting problem. An example is used to illustrate the proposed methodology.","1558-0679","","10.1109/59.709118","","https://ieeexplore.ieee.org/stamp/stamp.jsp?arnumber=709118","","Decision making;Load forecasting;Economic forecasting;Power system planning;Power generation economics;Road transportation;Power system reliability;Stochastic processes;Power system modeling;Mathematical model","","60","","15","IEEE","6 Aug 2002","Aug. 1998","","IEEE","IEEE Journals"
"A Distributed Deep Reinforcement Learning Approach for Reactive Power Optimization of Distribution Networks","J. Liao; J. Lin","Economic Technology Research Institute, State Grid Fujian Electric Power Company Ltd., Fuzhou, China; State Grid Fujian Electric Power Company Ltd., Fuzhou, China",IEEE Access,"27 Aug 2024","2024","12","","113898","113909","An actor-critic based distributed deep reinforcement learning approach is proposed to optimize the reactive power of the distribution network under the access of distributed photovoltaics, wind turbines and other power sources. This approach can optimize and dispatch the resources of the distribution network in real time under the change of power output such as distributed photovoltaics and wind turbines, so as to optimize the reactive power of the distribution network. First, this paper builds an optimization model with the objective function of minimizing the reactive power of the distribution network, and considers the operating constraints. Then, the agents of the proposed approach are trained, and the well-trained agents can schedule and optimize the resources of the distribution network in real time. Finally, based on the actual source-load output data in a certain place, reactive power optimization simulation experiments are carried out on the IEEE 33-bus, IEEE 123-bus simulation systems and the actual power distribution system in a region of China. Simulation results show that the proposed distributed deep reinforcement learning approach (DDRLA) can optimize distribution network reactive power online in real time.","2169-3536","","10.1109/ACCESS.2024.3445143","Science and Technology Project of State Grid Fujian Electric Power Company Ltd.(grant numbers:SGFJJY00GHJS2250008); ","https://ieeexplore.ieee.org/stamp/stamp.jsp?arnumber=10638037","Actor-critic;distributed power generation;distribution network;reactive power optimization;distributed deep reinforcement learning","Reactive power;Optimization;Distribution networks;Deep reinforcement learning;Real-time systems;Trajectory;Fluctuations;Distributed power generation","","15","","38","CCBYNCND","16 Aug 2024","2024","","IEEE","IEEE Journals"
"Optimal Renewable Resources Mix for Distribution System Energy Loss Minimization","Y. M. Atwa; E. F. El-Saadany; M. M. A. Salama; R. Seethapathy","Department Electrical and Computer Engineering, University of Waterloo, Waterloo, ONT, Canada; Department Electrical and Computer Engineering, University of Waterloo, Waterloo, ONT, Canada; Department Electrical and Computer Engineering, University of Waterloo, Waterloo, ONT, Canada; Hydro One Networks, Inc., Toronto, ONT, Canada",IEEE Transactions on Power Systems,"22 Jan 2010","2010","25","1","360","370","It is widely accepted that renewable energy sources are the key to a sustainable energy supply infrastructure since they are both inexhaustible and nonpolluting. A number of renewable energy technologies are now commercially available, the most notable being wind power, photovoltaic, solar thermal systems, biomass, and various forms of hydraulic power. In this paper, a methodology has been proposed for optimally allocating different types of renewable distributed generation (DG) units in the distribution system so as to minimize annual energy loss. The methodology is based on generating a probabilistic generation-load model that combines all possible operating conditions of the renewable DG units with their probabilities, hence accommodating this model in a deterministic planning problem. The planning problem is formulated as mixed integer nonlinear programming (MINLP), with an objective function for minimizing the system's annual energy losses. The constraints include the voltage limits, the feeders' capacity, the maximum penetration limit, and the discrete size of the available DG units. This proposed technique has been applied to a typical rural distribution system with different scenarios, including all possible combinations of the renewable DG units. The results show that a significant reduction in annual energy losses is achieved for all the proposed scenarios.","1558-0679","","10.1109/TPWRS.2009.2030276","","https://ieeexplore.ieee.org/stamp/stamp.jsp?arnumber=5298970","Distributed generation;distribution system planning;fuel mix;uncertainty","Energy loss;Solar power generation;Renewable energy resources;Wind energy;Photovoltaic systems;Biomass;Distributed control;Wind energy generation;Power system modeling;Functional programming","","1210","","25","IEEE","30 Oct 2009","Feb. 2010","","IEEE","IEEE Journals"
"Joint Expansion Planning of Distributed Generation and Distribution Networks","G. Muñoz-Delgado; J. Contreras; J. M. Arroyo","Escuela Técnica Superior de Ingenieros Industriales, Universidad de Castilla-La Mancha, Ciudad Real, Spain; Escuela Técnica Superior de Ingenieros Industriales, Universidad de Castilla-La Mancha, Ciudad Real, Spain; Escuela Técnica Superior de Ingenieros Industriales, Universidad de Castilla-La Mancha, Ciudad Real, Spain",IEEE Transactions on Power Systems,"17 Jul 2015","2015","30","5","2579","2590","This paper addresses the multistage expansion planning problem of a distribution system where investments in the distribution network and in distributed generation are jointly considered. Network expansion comprises several alternatives for feeders and transformers. Analogously, the installation of distributed generation takes into account several alternatives for conventional and wind generators. Unlike what is customarily done, a set of candidate nodes for generator installation is considered. Thus, the optimal expansion plan identifies the best alternative, location, and installation time for the candidate assets. The model is driven by the minimization of the net present value of the total cost including the costs related to investment, maintenance, production, losses, and unserved energy. The costs of energy losses are modeled by a piecewise linear approximation. As another distinctive feature, radiality conditions are specifically tailored to accommodate the presence of distributed generation in order to avoid the isolation of distributed generators and the issues associated with transfer nodes. The resulting optimization problem is a mixed-integer linear program for which finite convergence to optimality is guaranteed and efficient off-the-shelf software is available. Numerical results illustrate the effective performance of the proposed approach.","1558-0679","","10.1109/TPWRS.2014.2364960","","https://ieeexplore.ieee.org/stamp/stamp.jsp?arnumber=6966819","Distributed generation;distribution system planning;multistage;network expansion;radiality","Investment;Planning;Generators;Distributed power generation;Energy loss;Substations;Joints","","218","","34","IEEE","25 Nov 2014","Sept. 2015","","IEEE","IEEE Journals"
"Optimal Placement and Sizing of Distributed Generation via an Improved Nondominated Sorting Genetic Algorithm II","W. Sheng; K. -Y. Liu; Y. Liu; X. Meng; Y. Li","China Electric Power Research Institute, Beijing, P.R. China; China Electric Power Research Institute, Beijing, P.R. China; School of Automation Science and Electrical Engineering, Beihang University, Beijing, P.R. China; China Electric Power Research Institute, Beijing, P.R. China; School of Automation Science and Electrical Engineering, Beihang University, Beijing, P.R. China",IEEE Transactions on Power Delivery,"20 Mar 2015","2015","30","2","569","578","An improved nondominated sorting genetic algorithm-II (INSGA-II) has been proposed for optimal planning of multiple distributed generation (DG) units in this paper. First, multiobjective functions that take minimum line loss, minimum voltage deviation, and maximal voltage stability margin into consideration have been formed. Then, using the proposed INSGA-II algorithm to solve the multiobjective planning problem has been described in detail. The improved sorting strategy and the novel truncation strategy based on hierarchical agglomerative clustering are utilized to keep the diversity of population. In order to strengthen the global optimal searching capability, the mutation and recombination strategies in differential evolution are introduced to replace the original one. In addition, a tradeoff method based on fuzzy set theory is used to obtain the best compromise solution from the Pareto-optimal set. Finally, several experiments have been made on the IEEE 33-bus test case and multiple actual test cases with the consideration of multiple DG units. The feasibility and effectiveness of the proposed algorithm for optimal placement and sizing of DG in distribution systems have been proved.","1937-4208","","10.1109/TPWRD.2014.2325938","","https://ieeexplore.ieee.org/stamp/stamp.jsp?arnumber=6837529","Distributed generation (DG);distribution system planning;multiobjective optimization (MOO);nondominated sorting genetic algorithm–II (NSGA-II)","Sorting;Optimization;Power system stability;Sociology;Statistics;Vectors;Planning","","192","","26","IEEE","17 Jun 2014","April 2015","","IEEE","IEEE Journals"
"Multistage Generation and Network Expansion Planning in Distribution Systems Considering Uncertainty and Reliability","G. Muñoz-Delgado; J. Contreras; J. M. Arroyo","Escuela Técnica Superior de Ingenieros Industriales, Universidad de Castilla-La Mancha, Ciudad Real, Spain; Escuela Técnica Superior de Ingenieros Industriales, Universidad de Castilla-La Mancha, Ciudad Real, Spain; Escuela Técnica Superior de Ingenieros Industriales, Universidad de Castilla-La Mancha, Ciudad Real, Spain",IEEE Transactions on Power Systems,"17 Aug 2016","2016","31","5","3715","3728","This paper describes the incorporation of uncertainty and reliability in the dynamic expansion planning of distribution network assets and distributed generation. Several alternatives for the installation of feeders, transformers, and distributed generation are considered. Thus, the optimal expansion plan identifies the best alternative, location, and installation time for the candidate assets under the uncertainty related to demand and renewable energy sources. To that end, an iterative algorithm is devised to yield a pool of high-quality candidate solutions in terms of total investment and operational costs. Each candidate solution results from a stochastic-programming-based model driven by the minimization of the expected investment and operational costs. The associated scenario-based deterministic equivalent is formulated as a mixed-integer linear program for which finite convergence to optimality is guaranteed and efficient off-the-shelf software is available. Standard metrics are subsequently applied to each candidate solution to characterize its reliability so that valuable information is provided to the distribution system planner. Numerical results illustrate the effective performance of the proposed approach.","1558-0679","","10.1109/TPWRS.2015.2503604","","https://ieeexplore.ieee.org/stamp/stamp.jsp?arnumber=7353222","Distributed generation;distribution system planning;multistage;network expansion;reliability;stochastic programming;uncertainty","Planning;Reliability;Uncertainty;Interrupters;Indexes;Power system reliability;Investment","","186","","38","IEEE","11 Dec 2015","Sept. 2016","","IEEE","IEEE Journals"
"Optimal Planning of Renewable Energy-Integrated Distribution System Considering Uncertainties","M. R. Elkadeem; M. Abd Elaziz; Z. Ullah; S. Wang; S. W. Sharshir","State Key Laboratory of Advanced Electromagnetic Engineering and Technology, Huazhong University of Science and Technology, Wuhan, China; Department of Mathematics, Faculty of Science, Zagazig University, Zagazig, Egypt; State Key Laboratory of Advanced Electromagnetic Engineering and Technology, Huazhong University of Science and Technology, Wuhan, China; State Key Laboratory of Advanced Electromagnetic Engineering and Technology, Huazhong University of Science and Technology, Wuhan, China; Mechanical Engineering Department, Faculty of Engineering, Kafrelsheikh University, Kafr el-Sheikh, Egypt",IEEE Access,"22 Nov 2019","2019","7","","164887","164907","Optimal planning of renewable energy-based DG units (RE-DGs) in active distribution systems (ADSs) has many positive technical and economical implications and aim to increase the overall system performance. The optimal allocation and sizing of RE-DGs, particularly photovoltaic (PV) and wind turbine (WT), is still a challenging task due to the stochastic behavior of renewable resources. This paper proposed a novel methodology to solve the problem of RES-DGs planning optimization based on improved Harris Hawks Optimizer (HHO) using Particle Swarm Optimization (PSO). The uncertainties associated with the intermittent behaviour of PV and WT output powers are considered using appropriate probability distribution functions. The optimization problem is formulated as a non-linear constrained optimization problem with multiple objectives, where power loss reduction, voltage improvement, system stability, and yearly economic saving have been taken as the optimization objectives taken into account various operational constraints. The proposed methodology, namely HHO-PSO, has validated on three test systems; standard IEEE 33 bus and 69 bus systems and 94 bus practical distribution system located in Portuguese. The obtained results reveal that the HHO-PSO provide better solutions and maximizes the techno-economic benefits of the distribution systems for all considered cases and scenarios. Furthermore, simulation results are evaluated by comparing to those well-known approaches reported in the recent literature.","2169-3536","","10.1109/ACCESS.2019.2947308","National Basic Research Program of China (973 Program)(grant numbers:2017YFB0902800); China Scholarship Council; ","https://ieeexplore.ieee.org/stamp/stamp.jsp?arnumber=8868223","Renewable energy;distributed generation;distribution system planning;uncertainties;Harris hawks optimizer;particle swarm optimization","Planning;Optimization;Stability criteria;Reactive power;Thermal stability;Power system stability;Wind turbines","","152","","64","CCBY","14 Oct 2019","2019","","IEEE","IEEE Journals"
"A Planning Approach for the Network Configuration of AC-DC Hybrid Distribution Systems","H. M. A. Ahmed; A. B. Eltantawy; M. M. A. Salama","Department of Electrical and Computer Engineering, University of Waterloo, Waterloo, ON, Canada; Department of Electrical and Computer Engineering, University of Waterloo, Waterloo, ON, Canada; Department of Electrical and Computer Engineering, University of Waterloo, Waterloo, ON, Canada",IEEE Transactions on Smart Grid,"19 Apr 2018","2018","9","3","2203","2213","This paper proposes a novel stochastic planning model for AC-DC hybrid distribution systems (DSs). Taking into account the possibility of each line/bus being AC or DC, the model finds the optimal AC-DC hybrid configuration of buses and lines in the DS. It incorporates consideration of the stochastic behavior of load demands and renewable-based distributed generators (DGs). The stochastic variations are addressed using a Monte-Carlo simulation technique. The objective of the planning model is the minimization of DS installation and operation costs. The optimal planning solution is obtained by dividing the hybrid planning problem into two nested optimization problems: 1) the main problem is formulated using a genetic algorithm (GA) to search for the optimal AC-DC configuration and 2) the subproblem is used for determining the optimal power flow solution for each configuration generated by the GA. The proposed model has been employed for finding the optimal configuration for a suggested case study that included photovoltaic panels, wind-based DG, and electric vehicle charging stations. The same case study was also solved using a traditional AC planning technique in order to evaluate the effectiveness of the proposed model and the associated cost-savings. The results demonstrate the advantages offered by the proposed model. The proposed framework represents an effective technique that can be used by DS operators to identify the optimal AC-DC network configuration of future DSs.","1949-3061","","10.1109/TSG.2016.2608508","","https://ieeexplore.ieee.org/stamp/stamp.jsp?arnumber=7564442","Distribution system planning;AC-DC distribution systems;hybrid power systems;voltage source converter;electric vehicle charging stations;renewable distributed generation","Planning;Decision support systems;Power conversion;Load modeling;Reactive power;Hybrid power systems","","94","","40","IEEE","12 Sep 2016","May 2018","","IEEE","IEEE Journals"
"Optimal Planning of Multiple Renewable Energy-Integrated Distribution System With Uncertainties Using Artificial Hummingbird Algorithm","M. Shadman Abid; H. J. Apon; K. A. Morshed; A. Ahmed","Department of Electrical and Electronic Engineering, Islamic University of Technology, Gazipur, Bangladesh; Department of Electrical and Electronic Engineering, Islamic University of Technology, Gazipur, Bangladesh; Department of Electrical and Electronic Engineering, Islamic University of Technology, Gazipur, Bangladesh; Department of Electrical and Electronic Engineering, Islamic University of Technology, Gazipur, Bangladesh",IEEE Access,"21 Apr 2022","2022","10","","40716","40730","Appropriate installation of renewable energy-based distributed generation units (RDGs) is one of the most important challenges and current topics of interest in the optimal functioning of modern power networks. Due to the intermittent nature of renewable energy sources, optimal allocation and sizing of RDGs, particularly photovoltaic (PV) and wind turbine (WT), remains a critical task. Based on a new metaheuristic known as the Artificial hummingbird algorithm (AHA), this paper provides a novel approach for addressing the problem of RDG planning optimization. Considering various operational constraints, the optimization problem is developed with multiple objectives including power loss reduction, voltage stability margin (VSM) enhancement, voltage deviation minimization, and yearly economic savings. Furthermore, using relevant probability distribution functions, the ambiguities related with the stochastic nature of PV and WT output powers are evaluated. The proposed algorithm was compared to two of the recent metaheuristics applied in this domain known as improved harris hawks and particle swarm optimization algorithm (HHO-PSO) and hybrid of phasor particle swarm and gravitational search algorithm (PPSOGSA). The IEEE 33-bus and 69-bus systems are assessed as the test systems in this study. According to the findings, AHA delivers superior solutions and enhances the techno-economic benefits of distribution systems in all the scenarios evaluated.","2169-3536","","10.1109/ACCESS.2022.3167395","","https://ieeexplore.ieee.org/stamp/stamp.jsp?arnumber=9757226","Distributed generation;optimal DG placement;artificial hummingbird algorithm;renewable energy;voltage stability margin;voltage stability;distribution system planning;wind turbine;photovoltaic generation","Renewable energy sources;Optimization;Distribution networks;Voltage;Uncertainty;Planning;Resource management","","93","","53","CCBY","14 Apr 2022","2022","","IEEE","IEEE Journals"
"Optimal Planning of Loop-Based Microgrid Topology","L. Che; X. Zhang; M. Shahidehpour; A. Alabdulwahab; Y. Al-Turki","Robert W. Galvin Center for Electricity Innovation, Illinois Institute of Technology, Chicago, IL, USA; Robert W. Galvin Center for Electricity Innovation, Illinois Institute of Technology, Chicago, IL, USA; Robert W. Galvin Center for Electricity Innovation, Illinois Institute of Technology, Chicago, IL, USA; Department of Electrical and Computer Engineering, King Abdulaziz University, Jeddah, Saudi Arabia; Department of Electrical and Computer Engineering, King Abdulaziz University, Jeddah, Saudi Arabia",IEEE Transactions on Smart Grid,"19 Jun 2017","2017","8","4","1771","1781","In microgrid planning, topological design is a critical concern for ensuring certain features such as high reliability in islanded operation. This paper proposes a graph partitioning and integer programming integrated methodology for the optimal loop-based microgrid topology planning while considering the distributed energy resources in the microgrid. The proposed methodology is applied to a microgrid test system and the planning results are discussed. The results demonstrate that the proposed planning methodology is able to accurately and efficiently determine an optimal loop structure for microgrids, and exhibit the potentials for applying the proposed planning methodology in practical microgrid applications.","1949-3061","","10.1109/TSG.2015.2508058","National Science, Technology, and Innovation Plan Strategic Technologies Program in the Kingdom of Saudi Arabia(grant numbers:13-ENE2411-03); ","https://ieeexplore.ieee.org/stamp/stamp.jsp?arnumber=7374730","Microgrid planning;distribution system planning microgrid topology;loop structure;graph partitioning","Microgrids;Planning;Topology;Network topology;Reliability;Energy resources;Energy storage","","87","","35","IEEE","7 Jan 2016","July 2017","","IEEE","IEEE Journals"
"Distributed Generation Interconnection Planning: A Wind Power Case Study","S. -Y. Su; C. -N. Lu; R. -F. Chang; G. Gutiérrez-Alcaraz","Taiwan Semiconductor Manufacturing Company, Hsinchu, Taiwan; Department of Electrical Engineering, National Sun Yat-sen University, Kaohsiung, Taiwan; Kao Yuan University, Kaohsiung, Taiwan; National Sun Yat-sen University, Kaohsiung, Taiwan",IEEE Transactions on Smart Grid,"17 Feb 2011","2011","2","1","181","189","There is increasing requests for noncontrollable distribution generation (DG) interconnections in the medium and low voltage networks. Many studies have suggested that with proper system planning, DG could provide benefits such as reliability enhancement, investment deferment, and reduced losses. However, without network reinforcements, the allowable interconnection capacity in a network is often restricted due to fault current level, voltage variation, and power flow constraints. This paper aims to address the issue of optimizing network operation and use for accommodating DG integrations. A new DG interconnection planning study framework that includes a coordinated feeder reconfiguration and voltage control to calculate the maximum allowable DG capacity at a given node in the distribution network is presented. A binary particle swarm optimization (BPSO) technique is employed to solve the discrete nonlinear optimization problem and possible uncertainties associated with volatile renewable DG resource and loads are incorporated through a stochastic simulation approach. Comprehensive case studies are conducted to illustrate the applicability of the proposed method. Numerical examples suggest that the method and procedure used in the current DG interconnection impact study should be modified in order to optimize the existing grid operation and usage to facilitate customer participation in system operation and planning.","1949-3061","","10.1109/TSG.2011.2105895","","https://ieeexplore.ieee.org/stamp/stamp.jsp?arnumber=5713857","Distributed generation;distribution management system;distribution system planning;feeder reconfiguration;particle swarm optimization;renewable energy;smart grid;voltage/var controls","Voltage control;Reactive power;Load modeling;Planning;Loading;Indexes;Substations","","77","","16","IEEE","17 Feb 2011","March 2011","","IEEE","IEEE Journals"
"Improving Reliability of Islanded Distribution Systems With Distributed Renewable Energy Resources","H. E. Brown; S. Suryanarayanan; S. A. Natarajan; S. Rajopadhye","Burns & McDonnell, Houston, TX, USA; Colorado State University, Fort Collins, CO, USA; Colorado State University, Fort Collins, CO, USA; Colorado State University, Fort Collins, CO, USA",IEEE Transactions on Smart Grid,"28 Dec 2012","2012","3","4","2028","2038","An optimization problem called “the feeder addition problem” is defined to determine potential locations for adding interties between feeders in a legacy radial distribution system to improve the reliability in the islanded mode of operation - a desired feature under the Smart Grid Initiative. Numerical bounds are established on the growth of the feeder addition problem. The feeder addition problem in a popular test system is handled using two different optimization methods to balance cost and reliability for utility applications. To approximate the power output of the distributed generation sources considered, an empirical equation incorporating the capacity factors of renewable energy-based distributed generation sources and results of an industry survey is used. Both optimization methods are shown to improve the system reliability for cases where the distributed generation output exceeded feeder demand.","1949-3061","","10.1109/TSG.2012.2200703","","https://ieeexplore.ieee.org/stamp/stamp.jsp?arnumber=6213585","Distributed generation;distribution system planning;genetic algorithm;heuristic optimization;multiobjective optimization;reliability;renewable energy sources;smart grid","Reliability;Optimization;Power system reliability;Genetic algorithms;Network topology;Power system planning;Renewable energy resources","","68","","51","IEEE","7 Jun 2012","Dec. 2012","","IEEE","IEEE Journals"
"Stochastic Planning for Power Distribution System Resilience Enhancement Against Earthquakes Considering Mobile Energy Resources","W. Shi; H. Liang; M. Bittner","Department of Electrical and Computer Engineering, University of Alberta, Edmonton, AB, Canada; Department of Electrical and Computer Engineering, University of Alberta, Edmonton, AB, Canada; RUNWITHIT Synthetics, Edmonton, AB, Canada",IEEE Transactions on Sustainable Energy,"20 Dec 2023","2024","15","1","414","428","Earthquakes, which are high-impact low-probability extreme events, can cause severe damage to electrical infrastructure. This article studies the stochastic planning of resilient power distribution systems (PDSs) against earthquakes. Specifically, the portfolio of resilient measures including hardening distribution lines (DLs), and investing Mobile Emergency Generators (MEGs) and Mobile Energy Storage Systems (MESSs) are investigated in a stochastic environment. A stochastic spatial seismic damage model is developed to geographically characterize the random damages of earthquakes. Based on the stochastic model, the PDS planning problem is formulated as a risk-averse two-stage stochastic bi-level programming problem. The upper-level minimizes the total investment cost and the expected interruption cost. The lower-level minimizes the expected loss of load through MEG and MESS coordination, including co-allocation and energy exchange. To solve this problem, a scenario aggregation method based on graph theory and community detection is proposed to reduce the size of scenario set, and an endogenous uncertainty relaxation method is developed to address the DL hardening decision-dependent uncertainty. Then, the PDS planning problem with minmax form is reformulated into a standard bi-level programming problem with minmin form. A decomposition method is also proposed to break up the problem into two separate sub-problems to speed up the computation. The effectiveness of the proposed PDS planning strategy against earthquakes is evaluated through case studies based on the IEEE 37-Node Test Feeder and the IEEE 123-Node Test Feeder.","1949-3037","","10.1109/TSTE.2023.3296063","Mitacs Accelerate; Natural Sciences and Engineering Research Council of Canada; ","https://ieeexplore.ieee.org/stamp/stamp.jsp?arnumber=10184456","Distribution system planning;earthquakes;mobile energy resources;power system resilience","Planning;Stochastic processes;Earthquakes;Load modeling;Costs;Microgrids;Resilience;Power distribution planning;Energy consumption;Power system planning","","51","","66","IEEE","17 Jul 2023","Jan. 2024","","IEEE","IEEE Journals"
"Optimal Design of the Sectional Switch and Tie Line for the Distribution Network Based on the Fault Incidence Matrix","T. Zhang; C. Wang; F. Luo; P. Li; L. Yao","Key Laboratory of Smart Grid of Ministry of Education, Tianjin University, Tianjin, China; Key Laboratory of Smart Grid of Ministry of Education, Tianjin University, Tianjin, China; Key Laboratory of Smart Grid of Ministry of Education, Tianjin University, Tianjin, China; Key Laboratory of Smart Grid of Ministry of Education, Tianjin University, Tianjin, China; China Electric Power Research Institute, Beijing, China",IEEE Transactions on Power Systems,"24 Oct 2019","2019","34","6","4869","4879","An optimal planning model of the sectional switch and tie line for the distribution network is proposed considering the tradeoff between the system reliability and economy. First, the fault incidence matrices are established for the distribution network, and the explicit analytical expression of the system reliability index is realized by the algebraic operation of the fault incidence matrices and fault parameter vectors. Then, the 0-1 integer quadratically constrained optimization model is established for the sectional switch configuration considering the capacity constraint of the tie line. Finally, the sectional switches and tie lines are optimized jointly to ensure the economic investment and maximize the system reliability. The distribution network in Taiwan Power Company is used to verify the applicability of the proposed optimization method. Compared with the intelligent optimization algorithm, the mathematical programming method in this paper can always find the global optimal switch configuration quickly. In addition, the influence of the tie line capacity constraints on the sectional switch configuration is also considered, which can provide practical reference for the power network planners in the optimization design of the distribution network.","1558-0679","","10.1109/TPWRS.2019.2914172","National Basic Research Program of China (973 Program)(grant numbers:2016YFB0900100); National Natural Science Foundation of China(grant numbers:U1866207,51377116,51207101); Post-doctoral Science Foundation of China(grant numbers:2013M530113); Science and Technology Projects of State Grid Corporation of China(grant numbers:SGXJJY00GHJS1700020); ","https://ieeexplore.ieee.org/stamp/stamp.jsp?arnumber=8703105","Distribution system planning;sectional switch;tie line;transfer capacity constraint;0–1 integer programming","Switches;Power system reliability;Optimization;Power distribution;Resource management;Linear programming","","43","","28","IEEE","30 Apr 2019","Nov. 2019","","IEEE","IEEE Journals"
"Strategic FRTU Deployment Considering Cybersecurity in Secondary Distribution Network","C. Liao; C. -W. Ten; S. Hu","Department of Electrical and Computer Engineering, Michigan Technological University, Houghton, MI, USA; Department of Electrical and Computer Engineering, Michigan Technological University, Houghton, MI, USA; Department of Electrical and Computer Engineering, Michigan Technological University, Houghton, MI, USA",IEEE Transactions on Smart Grid,"21 Aug 2013","2013","4","3","1264","1274","This paper is concerned about strategic deployment of feeder remote terminal unit (FRTU) in primary network by considering cybersecurity of distribution secondary network. First, detection of historical anomaly load profile in secondary network is assumed to be observable. These irregularities of historical energy usages can be determined from consumer billing centers using proposed cybersecurity metrics. While it is constrained by budget on the number of FRTUs that can be deployed, the proposed algorithm identifies pivotal locations of a distribution feeder to install the FRTUs in different time horizons. The simulation results show that the infrastructure enhancement using proposed multistage method improves investment planning for distribution systems.","1949-3061","","10.1109/TSG.2013.2256939","","https://ieeexplore.ieee.org/stamp/stamp.jsp?arnumber=6522534","Advanced metering infrastructure;anomaly detection;distribution system planning;information validation","Computer security;Planning;Training;Indexes;Smart meters;Load modeling;Algorithm design and analysis","","41","","24","IEEE","31 May 2013","Sept. 2013","","IEEE","IEEE Journals"
"Flexible Joint Planning of Sectionalizing Switches and Tie Lines Among Distribution Feeders","C. Wang; K. Pang; M. Shahidehpour; F. Wen; H. Ren; Z. Liu","College of Electrical Engineering, Zhejiang University, Hangzhou, China; College of Electrical Engineering, Zhejiang University, Hangzhou, China; Galvin Center for Electricity Innovation, Illinois Institute of Technology, Chicago, IL, USA; College of Electrical Engineering, Zhejiang University, Hangzhou, China; College of Electrical Engineering, Zhejiang University, Hangzhou, China; College of Electrical Engineering, Zhejiang University, Hangzhou, China",IEEE Transactions on Power Systems,"7 Mar 2022","2022","37","2","1577","1590","This paper proposes an optimization model for the joint planning of sectionalizing switches (SSs), including remote-controlled switches (RCSs) and manual switches (MSs), and tie lines among distribution feeders. Considering a flexible installation of SSs and tie lines (i.e., deployment of SSs on both sides of a line and construction of external and internal tie lines on of a feeder), this model is conducive to developing an economic investment scheme while preserving the expected energy not supplied (EENS) reliability criterion. First, the minimum total cost of investment, maintenance and penalty for EENS is chosen as the objective function. Next, a route analysis method is introduced to analyze particular performances of different deployment schemes for RCSs, MSs, external tie lines and internal tie lines. Considering the differences between overhead lines and underground cables, the lower bound of the restoration time of each load is estimated based on optimal restoration strategies in different fault scenarios. Then, the joint planning problem is formulated as a mixed-integer linear programming (MILP) model with the aid of algebraic operations to calculate the global optimal solution. The effectiveness of the proposed model is verified for several cases in a 54-node distribution system. Numerical results indicate that the proposed planning solution merits higher economy and lower EENS as compared to the schemes offered by other prevalent methods.","1558-0679","","10.1109/TPWRS.2021.3104754","National Key Research and Development Program of China(grant numbers:2017YFB0902900); ","https://ieeexplore.ieee.org/stamp/stamp.jsp?arnumber=9513545","Distribution system planning;switches;tie lines;route analysis;mixed-integer linear programming","Planning;Load modeling;Maintenance engineering;Investment;Reliability;Power cables;Power system reliability","","35","","26","IEEE","13 Aug 2021","March 2022","","IEEE","IEEE Journals"
"Optimal Planning of Distributed Battery Energy Storage Systems in Unbalanced Distribution Networks","A. Muqbel; A. T. Al-Awami; M. Parvania","Department of Electrical Engineering, King Fahd University of Petroleum and Minerals, Dhahran, Saudi Arabia; Department of Electrical Engineering and Interdisciplinary Research Center of Smart Mobility and Logistics, King Fahd University of Petroleum and Minerals, Dhahran, Saudi Arabia; Department of Electrical and Computer Engineering, The University of Utah, Salt Lake City, UT, USA",IEEE Systems Journal,"24 Mar 2022","2022","16","1","1194","1205","The proliferation of distributed renewable generation poses many challenges to power distribution networks (DN), such as network congestion and voltage violations. Recent advances in battery technologies have made battery energy storage systems (BESS) more economically viable than ever before, which makes them suitable for many grid-scale applications. By providing grid support, distributed BESS can serve as enablers for higher penetrations of renewables at the DN. Distributed BESS can also provide ancillary services (AS), such as frequency regulation and reserves, to the bulk power grid. This article proposes a budget-constrained planning model for optimally sizing and siting distributed BESS in a DN to provide grid support for a renewable-rich DN and provide AS to the electricity market. The proposed model, formulated as a mixed-integer linear programming problem, maximizes the total profit of participating in the AS markets while supporting the operation of an unbalanced DN. Simulation results and sensitivity analyses demonstrate the merits of the proposed planning model. The accuracy of the linearized unbalanced DN model is also validated.","1937-9234","","10.1109/JSYST.2021.3099439","Interdisciplinary Research Center of Smart Mobility and Logistics; King Fahd University of Petroleum and Minerals(grant numbers:DF201006); ","https://ieeexplore.ieee.org/stamp/stamp.jsp?arnumber=9527171","Ancillary services (AS);battery energy storage system (BESS);distribution system planning;electricity markets;grid services","Regulation;Planning;Batteries;Load modeling;Renewable energy sources;Jacobian matrices;Investment","","34","","36","IEEE","1 Sep 2021","March 2022","","IEEE","IEEE Journals"
"Non-Wire Alternatives: An Additional Value Stream for Distributed Energy Resources","J. E. Contreras-Ocaña; Y. Chen; U. Siddiqi; B. Zhang","Laboratoire de G??nie El??ctrique de Grenoble (G2Elab), Université Grenoble Alpes, Saint-Martin-d’Heres, France; Electrical and Computer Engineering Department, University of Washington, Seattle, USA; Seattle City Light, Seattle, USA; Electrical and Computer Engineering Department, University of Washington, Seattle, USA",IEEE Transactions on Sustainable Energy,"19 Jun 2020","2020","11","3","1287","1299","Distributed energy resources (DERs) can serve as non-wire alternatives (NWAs) to capacity expansion by managing peak load to avoid or delay traditional expansion projects. However, the value stream derived from using DERs as NWAs is usually not explicitly included in DER planning problems. In this paper, we study a planning problem that co-optimizes the investment and operation of DERs and the timing of capacity expansion. By including the timing of capacity expansion as a decision variable, we naturally incorporate the NWA-related value stream of DERs in the planning problem. Furthermore, we show that even though the resulting optimization problem could have millions of variables and is non-convex, an optimal solution can be found by solving a series of smaller linear problems. Finally, we present a NWAs planning problem using real data from the Seattle Campus of the University of Washington.","1949-3037","","10.1109/TSTE.2019.2922882","NSF(grant numbers:ECCS-1807142); ","https://ieeexplore.ieee.org/stamp/stamp.jsp?arnumber=8736353","Distributed energy resources;distribution system planning;non-wire alternatives","Planning;Investment;Delays;Computational modeling;Economics;Uncertainty;Capacity planning","","34","","63","IEEE","13 Jun 2019","July 2020","","IEEE","IEEE Journals"
"An Integrated Planning Approach for Distributed Generation Interconnection in Cyber Physical Active Distribution Systems","W. Liu; Y. Chen; L. Wang; N. Liu; H. Xu; Z. Liu","School of Electrical and Electronic Engineering, North China Electric Power University, Beijing, China; School of Electrical and Electronic Engineering, North China Electric Power University, Beijing, China; Department of Electrical Engineering and Computer Science, University of Wisconsin–Milwaukee, Milwaukee, USA; School of Electrical and Electronic Engineering, North China Electric Power University, Beijing, China; School of Electrical and Electronic Engineering, North China Electric Power University, Beijing, China; School of Electrical and Electronic Engineering, North China Electric Power University, Beijing, China",IEEE Transactions on Smart Grid,"24 Dec 2019","2020","11","1","541","554","This paper proposes a cyber-physical active distribution system (CPADS) planning method, which considers the economic aspect and overall performance in the context of distributed generations (DGs) interconnection. First, the composition of CPADS is introduced for analyzing the effect of cyber system on the planning goals and constraints, based on which the dependence of the physical system on the cyber system is investigated. Then, the framework of CPADS planning is proposed by comparing it with active distribution system (ADS). Second, the planning is modeled to search for the appropriate DGs capacities, communication mode, and voltage control frequency with the constraints including performance, construction investment, and out-of-limit voltage probability, aiming at minimizing the construction and operation cost of cyber-physical systems and maximizing the DG penetration level. After that, the bi-layer multi-objective programming without considering the random failure of cyber system is adopted to derive the optimal solution set. Monte Carlo Simulation is then performed to solve for the out-of-limit voltage probability due to cyber failures, based on which the final scheme is obtained. Simulations are conducted on the modified IEEE 33-node distribution system. The results verify the effectiveness of the proposed method.","1949-3061","","10.1109/TSG.2019.2925254","National Basic Research Program of China (973 Program)(grant numbers:2017YFB0903100); ","https://ieeexplore.ieee.org/stamp/stamp.jsp?arnumber=8746237","Active distribution network;cyber-physical distribution system;planning;stochastic failures;voltage control","Planning;Voltage control;Reliability;Control systems;Economics;Investment;Communication networks","","33","","25","IEEE","26 Jun 2019","Jan. 2020","","IEEE","IEEE Journals"
"Fuzzy Stochastic Programming Method: Capacitor Planning in Distribution Systems With Wind Generators","A. Dukpa; B. Venkatesh; L. Chang","University of New Brunswick, Fredericton, NB, Canada; Ryerson University, Toronto, ONT, Canada; University of New Brunswick, Fredericton, NB, Canada",IEEE Transactions on Power Systems,"20 Oct 2011","2011","26","4","1971","1979","Capacitor planning in a distribution system (DS) must account for forecasted load and planned wind generators (WGs). In some DSs with large penetration, WGs support a significant part of the total load on an average and the power flow reverses to the substation during high-wind-low-load conditions. With annual forecasts of peak loads and generations being probabilistic in nature with differing probability distribution functions, their proper representation in a capacitor planning exercise is imperative. In this work, using probabilistic models of load and wind generation, we propose a stochastic capacitor planning formulation for DSs. The proposed formulation minimizes the total cost of newly located and sized capacitors and the annual energy loss in a DS while considering limits on load bus voltages. The starting state of the optimization process has forecasted loads, planned WGs, and inadequate capacitors that results in lower voltage limit violations. In order to handle this infeasible state in a stochastic optimization formulation, fuzzy models are used to represent load bus voltage constraints. The proposed fuzzy stochastic programming method that combines stochastic programming and fuzzy optimization procedure is solved using a robust mixed integer linear programming solver. Results on a 70-bus system are reported, compared, and discussed.","1558-0679","","10.1109/TPWRS.2010.2103576","","https://ieeexplore.ieee.org/stamp/stamp.jsp?arnumber=5721762","Capacitor planning;distribution system planning;fuzzy optimization;stochastic programming","Capacitors;Probabilistic logic;Load modeling;Wind forecasting;Probability distribution;Stochastic processes;Wind power generation","","32","","17","IEEE","28 Feb 2011","Nov. 2011","","IEEE","IEEE Journals"
"Robust Distribution System Expansion Planning Incorporating Thermostatically-Controlled-Load Demand Response Resource","H. Liang; J. Ma; J. Lin","School of Electrical and Information Engineering, The University of Sydney, Sydney, NSW, Australia; School of Electrical and Information Engineering, The University of Sydney, Sydney, NSW, Australia; School of Electrical and Information Engineering, The University of Sydney, Sydney, NSW, Australia",IEEE Transactions on Smart Grid,"23 Dec 2021","2022","13","1","302","313","Smart meter data provides rich information on customers’ energy consumption behaviors, which can be a valuable resource for evaluating customers’ demand response (DR) potential and thus can inform the distribution system expansion planning (DSEP). This paper presents a novel DSEP framework incorporating a data-driven model for a particular type of incentive-based DR called the thermostatically-controlled-load DR. The heterogeneity in individual customers’ DR potential is considered in the DSEP by leveraging the healing, ventilation, and air conditioning (HVAC) load information extracted from smart meter data. The relationship between the DR incentive and the customer participation rate is also considered so that incentives can be optimally designed for customers with different DR potentials in a differentiated way. The overall DSEP problem is formulated into a robust optimization framework to address the uncertainties from the load demands, renewable energy generations, and DR resources. Case studies show that the proposed DSEP model can substantially reduce the total expansion cost over conventional planning paradigms, demonstrating the positive role of the proposed data-driven DR model in DSEP.","1949-3061","","10.1109/TSG.2021.3121658","Australia–China Science and Research Fund Joint Research Center for Energy Informatics and Demand Response Technologies; Australian Research Council (ARC) through Grant A Unified Framework for Resource Management in Edge-Cloud Data Centers(grant numbers:DP200103494); ","https://ieeexplore.ieee.org/stamp/stamp.jsp?arnumber=9583596","Distribution system planning;demand response;HVAC;smart meter data;robust optimization","Load modeling;HVAC;Planning;Costs;Uncertainty;Substations;Smart meters","","22","","26","IEEE","21 Oct 2021","Jan. 2022","","IEEE","IEEE Journals"
"Probabilistic Analysis of PV Generation Impacts on Voltage Sags in LV Distribution Networks Considering Failure Rates Dependent on Feeder Loading","J. E. R. Baptista; A. B. Rodrigues; M. da Guia da Silva","Department of Electrical Engineering, Federal University of Maranhão, São Luís, Brazil; Department of Electrical Engineering, Federal University of Maranhão, São Luís, Brazil; Department of Electrical Engineering, Federal University of Maranhão, São Luís, Brazil",IEEE Transactions on Sustainable Energy,"19 Jun 2019","2019","10","3","1342","1350","The impact of photovoltaic distributed generation (PVDG) in the voltage sag indices of low-voltage distribution systems is assessed in this paper. A sensitivity study of these indices in relation to the penetration level of PVDG is performed considering the effect of the feeder sections loading on their failure rates. It is showed that, when this dependence is neglected, the indices are predicted with errors, especially for scenarios with large integration of PVDG. This study was performed using clustering techniques to model the uncertainty of solar irradiation, and the state enumeration method (SEM) is used to evaluate voltage sags indices. The results obtained by the clustering method and SEM were compared with those obtained with Monte Carlo Simulation based on the beta probability density function (pdf) model for solar irradiation. This comparison showed that the clustering model can obtain indices with precision comparable to those obtained with the beta pdf model, but with a significant reduction in CPU time.","1949-3037","","10.1109/TSTE.2018.2866931","Conselho Nacional de Desenvolvimento Científico e Tecnológico (CNPq); ","https://ieeexplore.ieee.org/stamp/stamp.jsp?arnumber=8444748","Clustering methods;distributed power generation;distribution system planning;photovoltaic systems;power distribution;power quality;probabilistic techniques;solar power generation;voltage sags","Load modeling;Power quality;Mathematical model;Integrated circuit modeling;Loading;Circuit faults;Probabilistic logic","","20","","22","IEEE","23 Aug 2018","July 2019","","IEEE","IEEE Journals"
"Optimal AC/DC Distribution Systems Expansion Planning From DSO's Perspective Considering Topological Constraints","H. Farias de Barros; M. -C. Alvarez-Herault; B. Raison; Q. T. Tran","University Grenoble Alpes, CNRS, Grenoble INP, G2Elab, Grenoble, France; University Grenoble Alpes, CNRS, Grenoble INP, G2Elab, Grenoble, France; University Grenoble Alpes, CNRS, Grenoble INP, G2Elab, Grenoble, France; INES, Atomic Energy Commission, Le Bourget-du-Lac, France",IEEE Transactions on Power Delivery,"22 Sep 2023","2023","38","5","3417","3428","As the integration of DC distributed resources increases in recent years, hybrid AC/DC topology emerges as a promising alternative in the planning of distribution systems. This article presents an AC/DC optimal expansion planning of distribution networks from Distribution System Operator's perspective with a special focus on grid architecture through Integer Programming-based topological constraints. The proposed formulation aims to determine the optimal location and sizing of converters and to select lines type (AC or DC) and state (closed or open). The problem is formulated as a mixed integer second-order conic programming model that guarantees global optimality and verifiable exactness by using off-the-shelf solvers. A multi-scenario approach with a Wasserstein distance-based scenario reduction is applied to deal with resource uncertainty. Case studies based on a 13 bus and IEEE 33 bus distribution networks were used to verify the effectiveness of the model. The results show that a hybrid architecture can improve the efficiency of the grid through optimal active power flow and reduce the total network costs.","1937-4208","","10.1109/TPWRD.2023.3277089","","https://ieeexplore.ieee.org/stamp/stamp.jsp?arnumber=10128748","AC/DC distribution systems;distribution system planning;optimal topology planning;radiality constraints;network configuration;mixed-integer second order conic programming","Planning;Costs;Topology;Network topology;Power conversion;Distribution networks;Converters","","15","","35","IEEE","17 May 2023","Oct. 2023","","IEEE","IEEE Journals"
"Expansion Planning of Soft Open Points Based Distribution System Considering EV Traffic Flow","Y. Shen; S. Zhang; M. Ding; H. Cheng; C. Li; D. Liu","Shanghai Jiao Tong University, Shanghai, China; Shanghai Jiao Tong University, Shanghai, China; Power Research Institute of State Grid Ningxia Electric Power Company, Ltd., Yinchuan, China; Shanghai Jiao Tong University, Shanghai, China; Shanghai Jiao Tong University, Shanghai, China; Zhuhai UM Science and Technology Research Institute, University of Macau, Zhuhai, China",IEEE Transactions on Industry Applications,"19 Jan 2024","2024","60","1","1229","1239","Regarding distribution systems coupled with transportation networks, this study proposes an expansion planning approach to minimize various costs with respect to soft open point (SOP) based distribution system and electric vehicle (EV) navigation. An energy consumption model of EV that considers traffic flow is developed to analyze charging behaviors of EVs. Subsequently, the EV average speed and related energy consumption is estimated to generate optimal charging routes. The proposed model of the EV energy consumption can help to minimize the cost of navigating EVs along the transportation network according to the traffic flow. Referring to the distribution system, the total cost associated with the investment and maintenance of network assets as well as subsequent operations is optimized. Hereafter, an expansion planning model of distribution system considering EV navigation is established. A relaxation approach is employed through which the prescribed nonconvex mixed-integer nonlinear planning model is converted into the form of mixed-integer second order cone programming that can be efficiently solved by commonly used solvers. A 54-bus distribution system coupled with a 35-node transportation network is employed in the case study section to verify the effectiveness of the proposed method. The rationality of considering SOP deployment and EV navigation is validated.","1939-9367","","10.1109/TIA.2023.3293496","National Natural Science Foundation of China(grant numbers:52177099,51907123); Shanghai Rising-Star Program(grant numbers:23QA1405400); ","https://ieeexplore.ieee.org/stamp/stamp.jsp?arnumber=10177257","Distribution system planning;EV navigation;soft open points;traffic flow;transportation network","Planning;Navigation;Costs;Transportation;Estimation;Substations;Energy consumption","","13","","21","IEEE","10 Jul 2023","Jan.-Feb. 2024","","IEEE","IEEE Journals"
"Optimal Augmentation of Distribution Networks for Improved Reliability","J. Jose; A. Kowli","Department of Electrical Engineering, Indian Institute of Technology Bombay, Mumbai, India; Department of Electrical Engineering, Indian Institute of Technology Bombay, Mumbai, India",IEEE Systems Journal,"13 Jun 2022","2022","16","2","1965","1973","Reliability is a crucial factor influencing electricity network planning and has gained considerable attention in the past decade due to the increasing number of weather-related outage events. This article explores connections between network topology and reliability, and proposes a graph-based approach to enhance the reliability of distribution systems by installing new tie-lines. The problem is cast here as an edge-connectivity augmentation problem, with 2-edge connectivity being desired to ensure service restoration under the outage of any single line in the network. However, in practice, such a target may not be economical or feasible. Therefore, a systematic optimization framework is presented in this article to model partial augmentations to the system for improving the reliability at a select subset of nodes. This approach allows for selectively strengthening parts of the network based on connectivity requirements. The article also proposes the use of graph-based metrics to characterize the reliability of distribution networks. Applications of the approach to realistic distribution test systems demonstrate its effectiveness in identifying line additions that can favorably impact system reliability. Numerical results also quantify the reliability improvement achievable through partial augmentation.","1937-9234","","10.1109/JSYST.2021.3089716","","https://ieeexplore.ieee.org/stamp/stamp.jsp?arnumber=9471828","Distribution system planning;graph algorithms;optimization;reliability","Reliability;Planning;Distribution networks;Optimization;Power system reliability;Network topology;Measurement","","8","","34","IEEE","2 Jul 2021","June 2022","","IEEE","IEEE Journals"
"Optimal Routing and Design of Radial Medium Voltage Power Distribution Networks Considering Cables Short Circuit Withstand-Capacity","K. H. Youssef","Electrical Engineering Department, Faculty of Engineering, Alexandria University, Alexandria, Egypt",IEEE Transactions on Power Delivery,"22 Jul 2022","2022","37","4","2429","2439","Cables short circuit withstand-capacity plays a crucial role in medium voltage distribution system design. For a given short circuit level at substation, fault current at any point in a radial distribution system depends on the location with respect to the substation, distributed generation as well as size and length of upstream cable sections. This paper addresses optimal routing, cable sizing, distributed generation allocation and sizing of radial medium voltage power distribution network considering cables short circuit withstand capacity. Both synchronous-based and inverter-based distributed generators are considered. Complete formulation of cables short circuit constraints (SCCs) is introduced in mixed-integer linear programming (MILP) form. A Benders-decomposition-based approach is used to solve the problem by considering short circuit at each system bus in a separate slave feasibility problem. Combinatorial cuts are proposed to exclude infeasible solutions in each iteration by investigating upstream routes, cable sizes and distributed generation. The proposed optimization framework and solution algorithm are applied on 54 bus, 84 bus and 138 bus systems. The results revealed potential saving in investment, maintenance and losses costs compared to upgrading method. Also the proposed solution algorithm showed great saving in the number of added constraints to the original problem.","1937-4208","","10.1109/TPWRD.2021.3110817","","https://ieeexplore.ieee.org/stamp/stamp.jsp?arnumber=9531373","Distribution system planning;mixed integer linear programming (MILP);cables short circuit withstand capacity;benders decomposition;combinatorial cuts","Power cables;Substations;Generators;Planning;Mathematical model;Costs;Distributed power generation","","4","","22","IEEE","8 Sep 2021","Aug. 2022","","IEEE","IEEE Journals"
"Planning Medium-Voltage Electric Power Distribution Systems through a Scatter Search Algorithm","S. G. Benetti de Padua; J. R. Sanches Mantovani; A. M. Cossi","Universidade do Estado de Mato Grosso, Caceres, MT, BR; Universidade Estadual Paulista Julio de Mesquita Filho, Sao Paulo, SP, BR; Universidade Estadual Paulista Julio de Mesquita Filho, Sao Paulo, SP, BR",IEEE Latin America Transactions,"19 Nov 2015","2015","13","8","2637","2645","In this paper the problem of Planning Electric Power Distribution Systems (PEPDS) of Medium Voltage is formulated as a mixed integer nonlinear programming (MINLP) model. For solving this model the scatter search (SS) algorithm is proposed, an evolutionary search technique which according to the specialized literature has not yet been used for solving this problem. The main contribution of this work is the description of the five basic stages of SS for the PEPDS problem. The method was applied to 54 and 417 busbars from testing systems found in the specialized literature.","1548-0992","","10.1109/TLA.2015.7332143","","https://ieeexplore.ieee.org/stamp/stamp.jsp?arnumber=7332143","Combinatorial Optimization;Distribution System;Planning;Scatter Search","Planning;Medium voltage;Search problems;Power systems;Adaptation models;Programming;Testing","","4","","","IEEE","19 Nov 2015","Aug. 2015","","IEEE","IEEE Journals"
"A Model-free Approach for Estimating Service Transformer Capacity Using Residential Smart Meter Data","J. A. Azzolini; M. J. Reno; J. Yusuf","Sandia National Laboratories, Albuquerque, NM, USA; Sandia National Laboratories, Albuquerque, NM, USA; Sandia National Laboratories, Albuquerque, NM, USA",IEEE Journal of Photovoltaics,"22 Dec 2023","2024","14","1","65","73","Before residential photovoltaic (PV) systems are interconnected with the grid, various planning and impact studies are conducted on detailed models of the system to ensure safety and reliability are maintained. However, these model-based analyses can be time-consuming and error-prone, representing a potential bottleneck as the pace of PV installations accelerates. Data-driven tools and analyses provide an alternate pathway to supplement or replace their model-based counterparts. In this article, a data-driven algorithm is presented for assessing the thermal limitations of PV interconnections. Using input data from residential smart meters, and without any grid models or topology information, the algorithm can determine the nameplate capacity of the service transformer supplying those customers. The algorithm was tested on multiple datasets and predicted service transformer capacity with >98% accuracy, regardless of existing PV installations. This algorithm has various applications from model-free thermal impact analysis for hosting capacity studies to error detection and calibration of existing grid models.","2156-3403","","10.1109/JPHOTOV.2023.3335889","U.S. Department of Energy's Office of Energy Efficiency and Renewable Energy; Solar Energy Technologies Office(grant numbers:38426); National Technology and Engineering Solutions of Sandia, LLC(grant numbers:DE-NA0003525); U.S. Department of Energy; ","https://ieeexplore.ieee.org/stamp/stamp.jsp?arnumber=10339803","Data-driven analysis;distribution system planning;parameter estimation;photovoltaic (PV) integration;smart meters","Transformers;Voltage measurement;Smart meters;Impedance;Power distribution planning;Parameter estimation;Algorithm design and analysis","","2","","26","CCBY","4 Dec 2023","Jan. 2024","","IEEE","IEEE Journals"
"Modeling and Analysis of Distribution Power System at UFLA Using OpenDSS","S. Costa Ferreira; R. Chagas de Oliveira; A. de Araújo; A. Luiz da Silva; M. Arriel Rezende; J. P. de Carvalho Pedroso; J. Paulo da Silva","Federal University of Lavras, BR; Federal University of Lavras, BR; National Institute of Telecommunications – Inatel, BR; Federal University of Lavras, BR; Federal University of Lavras, BR; Federal University of Lavras, BR; Federal University of Lavras, BR",IEEE Latin America Transactions,"7 Nov 2025","2025","23","12","1261","1270","The increasing integration of Distributed Energy Resources (DERs) in power distribution networks demands accurate system modeling and reliable power flow analysis. This paper presents a structured methodology for modeling a real Electrical Distribution System (EDS) using OpenDSS, applied to the Federal University of Lavras (UFLA), Brazil. Due to the lack of georeferenced data, the method combines satellite-based geolocation with load characterization from real measurements and statistical distributions. The model supports deterministic and time-series power flow simulations under three conditions: without DERs, with a 1.2 MWp photovoltaic plant, and with additional power factor correction. To achieve this, an incremental algorithm is proposed to determine the optimal size of a fixed capacitor bank at the feeder, improving the power factor without violating constraints. Results showed that DER integration reverses power flow, increases losses, and reduces the power factor, which also becomes variable and highly dependent on photovoltaic generation, but is improved by the proposed algorithm. This methodology enables effective, simplified modeling and analysis of real-world EDSs.","1548-0992","","10.1109/TLA.2025.11231223","","https://ieeexplore.ieee.org/stamp/stamp.jsp?arnumber=11231223","Deterministic Power Flow;Distribution System Planning;Capacitor Bank Sizing","Load modeling;Power transformer insulation;Photovoltaic systems;Transformers;Satellite images;Data models;Distributed power generation;Web services;Photography;Analytical models","","1","","","IEEE","7 Nov 2025","Dec. 2025","","IEEE","IEEE Journals"
"Optimal Interconnection Planning of Community Microgrids With Renewable Energy Sources","L. Che; X. Zhang; M. Shahidehpour; A. Alabdulwahab; A. Abusorrah","Galvin Center for Electricity Innovation, Illinois Institute of Technology, Chicago, IL, USA; Galvin Center for Electricity Innovation, Illinois Institute of Technology, Chicago, IL, USA; Galvin Center for Electricity Innovation, Illinois Institute of Technology, Chicago, IL, USA; Department of Electrical Communication Engineering and the Renewable Energy Research Group, King Abdulaziz University, Jeddah, Saudi Arabia; Department of Electrical Communication Engineering and the Renewable Energy Research Group, King Abdulaziz University, Jeddah, Saudi Arabia",IEEE Transactions on Smart Grid,"20 May 2017","2017","8","3","1054","1063","The optimal planning of the interconnected network of multimicrogrids is discussed in this paper. The interconnection planning will enhance the reliability and the economic operation of a community of microgrids. The proposed approach will apply a probabilistic minimal cut-set-based iterative methodology for the optimal planning of interconnection among microgrids with variable renewable energy sources. The optimal planning takes into account various factors including the economics, reliability, and variability of renewables, network- and resource-based uncertainties, and adaptability to accommodate the prevailing operating concerns. A clustering-based method is considered for analyzing the variable data concerning the potential deployment of renewable energy in microgrids. The proposed interconnection planning methodology is applied to a six-microgrid system and the planning results are discussed. The numerical results demonstrate that the proposed interconnection planning methodology will determine an optimal topology accurately and efficiently for a cluster of microgrids, and show that the proposed adaptive planning methodology can easily be applied to practical microgrid applications.","1949-3061","","10.1109/TSG.2015.2456834","National Science, Technology, and Innovation Plan Strategic Technologies Program in the Kingdom of Saudi Arabia(grant numbers:12-ENE3194-03); ","https://ieeexplore.ieee.org/stamp/stamp.jsp?arnumber=7185424","Community microgrid;distribution network planning;microgrid planning;minimum cut-set;reliability","Microgrids;Reliability;Planning;Power system reliability;Renewable energy sources;Probabilistic logic;Economics","","261","","25","IEEE","11 Aug 2015","May 2017","","IEEE","IEEE Journals"
"Cooperative Planning of Active Distribution System With Renewable Energy Sources and Energy Storage Systems","R. Li; W. Wang; M. Xia","School of Electrical Engineering, Beijing Jiaotong University, Beijing, China; School of Electrical Engineering, Beijing Jiaotong University, Beijing, China; School of Electrical Engineering, Beijing Jiaotong University, Beijing, China",IEEE Access,"2 Mar 2018","2018","6","","5916","5926","In this paper, a multi-objective, multi-level model is proposed for active distribution system expansion planning with high-penetration renewable energy sources (RESs) and energy storage systems (ESSs). To optimize the planning of RESs, ESSs, and distribution networks cooperatively, a three-level optimization method is adopted based on the leader–follower strategy of hierarchic optimizations. In this model, the upper level and the middle-level serve to model the planning problems from different perspectives of multi-stakeholders; the lower level serves to model the operation aspect of ESSs. The multi-level model enables us to integrate operation optimization into a planning model and achieve the collaborative optimization of them in different time-scales. The multi-scenario tools and K-means clustering are adopted to deal with the uncertainties and capture the time-variable nature of RESs and load demand. In order to balance the multiple objectives of costs reduction, reliability improvement, and RES penetration promotion, a modified Pareto-based particle swarm optimization is employed to solve the proposed optimization problem. Finally, results obtained by case studies are presented and discussed, where the availability and the effectiveness of the proposed planning model are verified.","2169-3536","","10.1109/ACCESS.2017.2785263","National Science Foundation of China(grant numbers:51477006); ","https://ieeexplore.ieee.org/stamp/stamp.jsp?arnumber=8226759","Active distribution system;multi-level optimization;Pareto optimization;distribution network planning;renewable energy source","Planning;Indexes;Optimization;Load modeling;Renewable energy sources;Energy storage;Reactive power","","130","","28","OAPA","19 Dec 2017","2018","","IEEE","IEEE Journals"
"Probabilistic Peak Load Estimation in Smart Cities Using Smart Meter Data","M. Sun; Y. Wang; G. Strbac; C. Kang","Department of Electrical and Electronic Engineering, Imperial College London, London, U.K.; State Key Laboratory of Power Systems, Department of Electrical Engineering, Tsinghua University, Beijing, China; Department of Electrical and Electronic Engineering, Imperial College London, London, U.K.; State Key Laboratory of Power Systems, Department of Electrical Engineering, Tsinghua University, Beijing, China",IEEE Transactions on Industrial Electronics,"30 Sep 2018","2019","66","2","1608","1618","Adequate capacity planning of substations and feeders primarily depends on an accurate estimation of the future peak electricity demand. Traditional coincident peak demand estimation is carried out based on the empirical metric, after diversity maximum demand, indicating individual peak consumption levels and demand diversification across multiple residents. With the privilege of smart meters in smart cities, this paper proposes a data-driven probabilistic peak demand estimation framework using fine-grained smart meter data and sociodemographic data of the consumers, which drive fundamental electricity consumptions across different categories. In particular, four main stages are integrated in the proposed approach: load modeling and sampling via the proposed variable truncated R-vine copulas method, correlation-based customer grouping, probabilistic normalized maximum diversified demand estimation, and probabilistic peak demand estimation for new customers. Numerical experiments have been conducted on real demand measurements across 2639 households in London, collected from Low Carbon London project's smart-metering trial. The mean absolute percentage error and the pinball loss function are used to quantitatively demonstrate the superiority of the proposed approach in terms of the point estimate value and the probabilistic result, respectively.","1557-9948","","10.1109/TIE.2018.2803732","National Key R&D Program of China(grant numbers:2016YFB0900100); Engineering and Physical Sciences Research Council(grant numbers:GrantEP/N03466X/1,EP/N030028/1); ","https://ieeexplore.ieee.org/stamp/stamp.jsp?arnumber=8304659","Coincident peak demand;distribution network planning;probabilistic estimation;R-vine copulas;smart meter","Estimation;Probabilistic logic;Smart meters;Measurement;Smart cities;Substations;Load modeling","","54","","28","CCBY","28 Feb 2018","Feb. 2019","","IEEE","IEEE Journals"
"A Stochastic Program for Siting and Sizing Fast Charging Stations and Small Wind Turbines in Urban Areas","A. Amer; A. Azab; M. A. Azzouz; A. S. A. Awad","Production and Operations Management Research Lab, University of Windsor, Windsor, ON, Canada; Production and Operations Management Research Lab, University of Windsor, Windsor, ON, Canada; Electrical and Computer Engineering Department, University of Windsor, Windsor, ON, Canada; CanmetENERGY, Natural Resources Canada, Varennes, Québec, Canada",IEEE Transactions on Sustainable Energy,"22 Mar 2021","2021","12","2","1217","1228","Small wind turbines (SWTs) are promoted to be used in urban areas to mitigate the carbon footprint and expensiveupgrades expected from high penetration levels of fast charging stations (FCSs). In this paper, a planning framework is proposed to amplify the total benefit for the owners of FCSs and SWTs aswell as local distribution companies (LDCs). A stochastic program is developed to site and size SWTs along with FCSs in urban and suburban areas considering their specific wind characteristics,statutory regulations, turbine clustering studies, and geographic constraints. A worthiness metric is also proposed to rank FCS candidate locations based on their attractiveness to electric-vehicle(EV) drivers. An electric distribution network is overlaid onto ageographic map of downtown Chicago to assess the introduced planning framework. Results show that new efficient SWTs inurban areas can realistically justify their own investments overthe long-term, and reduce the overall system losses and support FCS loads. In the case study presented, the investments yield apresent value of $15M in profit, in 20 years, with an investment of$23M-only $6M of which is capital due in year one, while the rest consists of annual operation and maintenance costs.","1949-3037","","10.1109/TSTE.2020.3039910","Natural Sciences and Engineering Research Council of Canada(grant numbers:RGPIN-2017-04990,RGPIN-2017-06897); Energy Research and Development Administration; ","https://ieeexplore.ieee.org/stamp/stamp.jsp?arnumber=9353850","Electric vehicles;fast charging stations;wind turbines;distribution network planning","Wind turbines;Planning;Investment;Urban areas;Electric vehicle charging;Power demand;Maintenance engineering","","52","","40","Crown","12 Feb 2021","April 2021","","IEEE","IEEE Journals"
"Stochastic Planning for Optimal Allocation of Fast Charging Stations and Wind-Based DGs","A. Amer; M. A. Azzouz; A. Azab; A. S. A. Awad","Production & Operations Management Research Laboratory, University of Windsor, Windsor, ON, Canada; Electrical and Computer Engineering Department, University of Windsor, Windsor, ON, Canada; Production & Operations Management Research Laboratory, University of Windsor, Windsor, ON, Canada; CanmetENERGY, Natural Resources Canada, Varennes, QC, Canada",IEEE Systems Journal,"26 Aug 2021","2021","15","3","4589","4599","To unlock the green potential of electric vehicles (EVs), renewable energy sources are necessary for forming a decarbonized grid. With the rising demand for EVs and fast-charging stations (FCSs), the installation of renewable-based distributed generators (DGs) can further defer network upgrades and minimize energy losses. In this article, a new planning model is proposed to site and size FCSs and wind-based DGs, taking into account the stochastic nature of FCSs, residential EV loads, and renewable generation. The proposed planning model considers different cost and revenue components associated with FCSs and wind-based DGs. A typical distribution network is overlaid on a geographic map to illustrate how the network is connected with the municipal layout, thus taking into account practical constraints for installing FCSs and DGs in the vicinity of each bus. A novel scoring scheme that considers practical geographical aspects is developed to quantify the attractiveness of FCS candidate locations to the drivers of EVs. This scheme is essential to ensure installing FCSs at locations that maximize revenue to investors. Results demonstrate that planning for both FCSs and wind-based DGs is effective from a financial standpoint.","1937-9234","","10.1109/JSYST.2020.3012939","Natural Sciences and Engineering Research Council of Canada(grant numbers:RGPIN-2017-04990,RGPIN-2017-06897); ","https://ieeexplore.ieee.org/stamp/stamp.jsp?arnumber=9178779","Distributed generation;distribution network planning;fast-charging stations (FCSs);stochastic programming","Planning;Resource management;Energy loss;Data models;Stochastic processes;Electric vehicle charging;Investment","","34","","34","Crown","27 Aug 2020","Sept. 2021","","IEEE","IEEE Journals"
"Integrated Planning of an Active Distribution Network and DG Integration in Clusters Considering a Novel Formulation for Reliability Assessment","D. Hu; L. Sun; M. Ding","School of Electrical Engineering and Automation, Hefei University of Technology, Hefei, China; School of Electrical Engineering and Automation, Hefei University of Technology, Hefei, China; School of Electrical Engineering and Automation, Hefei University of Technology, Hefei, China",CSEE Journal of Power and Energy Systems,"3 Apr 2023","2023","9","2","561","576","The concept of DG clusters is introduced with highly penetrated integration of distributed generation (DG) into active distribution networks (ADNs). DG clusters are referred to as parts of an ADN, including DGs, distribution lines and loads. The formation of DG clusters helps to optimally dispatch DG outputs within ADNs. In this regard, an integrated planning strategy of ADNs and DGs in cluster (IPNDGC) is proposed. In order to guarantee that the planning strategy meets the reliability requirements, a reliability assessment is considered in the proposed model. However, reliability assessment is generally accomplished according to a fixed network topology and known DG allocation, which makes it difficult to integrate reliability into planning models. To deal with this difficulty, a novel formulation method for reliability assessment is proposed considering the network topology uncertainties and isolated operating probabilities of DG clusters. The reliability index (RI) represented by expected customer interruption cost (ECOST) is employed in the proposed planning model. The planning model is formulated as a mixed integer second order conic programming planning model. An actual distribution system is employed to illustrate the accuracy and efficiency of the proposed planning model.","3066-9308","","10.17775/CSEEJPES.2020.00150","National Key R&D Program of China(grant numbers:2016YFB0900400); National Natural Science Foundation of China(grant numbers:51907043); Fundamental Research Funds for the Central Universities(grant numbers:JZ2020HGTB0040,PA2019GDPK0085); ","https://ieeexplore.ieee.org/stamp/stamp.jsp?arnumber=9171669","DG cluster;distribution network planning;reliability","Planning;Reliability;Distribution networks;Investment;Network topology;Indexes;Power supplies","","10","","32","","19 Aug 2020","March 2023","","CSEE","CSEE Journals"
"Revenue-Based Allocation of Electricity Network Charges for Future Distribution Networks","J. J. Cuenca; E. Jamil; B. P. Hayes","School of Engineering and Architecture, University College Cork, T12K8AF Cork, Ireland; School of Engineering and Architecture, University College Cork, T12K8AF Cork, Ireland; School of Engineering and Architecture, University College Cork, T12K8AF Cork, Ireland",IEEE Transactions on Power Systems,"27 Feb 2023","2023","38","2","1728","1738","This paper investigates the economic implications that high penetrations of distributed energy resources (DER) have in future distribution networks, and proposes a novel scalable scheme for the assignment of use of network charges based on individual participant nodes’ revenue. For validation purposes, a techno-economic simulation is proposed to understand how power and revenue flows will change. A year-long high-resolution quasi-static time series (QSTS) simulation, two price schemes, four trading environments, and four DER allocation methods from the literature are used to study economic benefits for individual participants and the supplier. Testing is performed using the IEEE 33-bus and 123-bus networks, and an Irish urban medium voltage feeder. Revenue flow is presented as an indicator of which participant nodes are profiting more from grid usage, and therefore should be responsible for greater network charges, this is validated against traditional and alternative schemes. Important reductions in use of network charges are seen especially by participant nodes with a higher PV generation-to-load and self-consumption rates. The proposed method is only relevant when dynamic tariffs are in place and/or local trading is enabled. Ultimately, results suggest that the income from network charges received by the supplier is increased when dynamic tariffs are used.","1558-0679","","10.1109/TPWRS.2022.3176186","Department of Business, Enterprise and Innovation(grant numbers:DT 2018 0040-D); ","https://ieeexplore.ieee.org/stamp/stamp.jsp?arnumber=9779439","Allocation of network charges;distribution network planning;distributed energy resources;local electricity markets;resource allocation","Resource management;Load modeling;Load flow;Distribution networks;Tariffs;Costs;Europe","","7","","31","CCBY","20 May 2022","March 2023","","IEEE","IEEE Journals"
"Security Enhancement With Nodal Criticality-Based Integration of Strategic Micro Grids","D. Jayaweera","Department of Electrical and Computer Engineering, Curtin University, Perth, WA, Australia",IEEE Transactions on Power Systems,"18 Dec 2014","2015","30","1","337","345","Security enhancement of distribution networks are constrained with multiple causes including limited availability of network resources and high penetration of intermittent distributed generation. In that context, this paper proposes a new methodology to enhance the security of power supply in a distribution network by strategically integrating plug-in hybrid electric vehicle (PHEV) micro grids based on the nodal criticality. The nodal criticality is assessed by integrating operational uncertainties of events into samples of Monte Carlo simulation and then classifying load interruptions on the basis of their magnitudes and frequencies. The load shedding due to criticality of system stress is classified into arrays of clusters on the basis of magnitudes of interrupted loads. The critical clusters that provide the largest disturbances to nodal loads are used as the reference capacities of PHEV micro grids to mitigate impacts. Case studies are performed by applying the methodology into a realistic model of a distribution network. Results depict that the proposed methodology can improve the system-wide security of supply. There are some nodes of which the security of supply can be improved significantly. The levels of improvement in security of supply of nodes are not consistent and some nodes can also receive marginal improvements.","1558-0679","","10.1109/TPWRS.2014.2327120","","https://ieeexplore.ieee.org/stamp/stamp.jsp?arnumber=6827248","Distribution network planning;grid integration of renewables;Monte Carlo simulation;security of power supply","Monte Carlo methods;Security;Load modeling;Distributed power generation;Convergence;Generators;Time series analysis","","6","","26","IEEE","6 Jun 2014","Jan. 2015","","IEEE","IEEE Journals"
"An Efficient Methodology Based on Coverage Area to Modify Location and Power Ratings of Distribution Transformers","O. Akar; U. K. Terzi; O. Ozgonenel; L. Petrichenko; T. Sonmezocak","Department of Electronics and Automation, Istanbul Gedik University, Istanbul, Turkey; Department of Electrical-Electronics Engineering, Marmara University, Istanbul, Turkey; Department of Electrical-Electronics Engineering, Ondokuz Mayis University, Samsun, Turkey; Faculty of Power and Electrical Engineering, Riga Technical university, Riga, Latvia; Department of Electrical and Energy, Istanbul Gedik University, Istanbul, Turkey",IEEE Transactions on Power Delivery,"24 Sep 2021","2021","36","5","2705","2714","The Technology development and rising standards of living are increasing the demand for electricity in city centres. In addition, the density of electric power in different areas of a city changes with the construction of new residential areas. Variation in load density can be managed by adjusting the voltage on distribution lines, installing new lines and transformer centres, and reconfiguring existing lines and transformer centres. In this study, the Istanbul Uskudar District of Kanlica-Cubuklu Region was examined and coverage areas were modified depending on the load density and power of the existing transformers. A novel systematic approach to determine the coverage area of transformers is presented. In this approach, the coverage area and overlap of each transformer with its neighbours were determined. Subsequently, transformers that are under-used or have significant overlap with neighbouring transformers were removed from the network. The transformers were placed into an optimal structure in the network by distributing the load of an excluded transformer to its nearest neighbours. This approach further allows the minimum route for the high voltage distribution wiring between transformers and cost to be determined.","1937-4208","","10.1109/TPWRD.2020.3025858","","https://ieeexplore.ieee.org/stamp/stamp.jsp?arnumber=9206006","Coverage area;distribution network planning;distribution transformer;load density;optimization;substation determination","Substations;Distribution networks;Planning;Urban areas;Optimization;Sociology;Statistics","","6","","32","IEEE","25 Sep 2020","Oct. 2021","","IEEE","IEEE Journals"
"Virtual P2P Transaction Integrated Expansion Planning for Distribution Networks","J. Dai; Y. Xiang; Y. Guo","College of Electrical Engineering, Sichuan University, Chengdu, China; College of Electrical Engineering, Sichuan University, Chengdu, China; College of Electrical Engineering, Sichuan University, Chengdu, China",CSEE Journal of Power and Energy Systems,"13 Oct 2025","2025","11","5","2094","2101","More electricity utilities will participate in the investment and operation of private distributed generations (DGs) while the local power company is responsible for the reinforcement of lines and DGs, as well. How to achieve the maximum benefits among various utilities, including the power company, is a task in the expansion planning of distribution networks. To solve the market-oriented planning problem, virtual peer to peer (P2P) trading is integrated and modeled in the new expansion planning of distribution networks. First, virtual market transaction optimization among prosumers is formulated. Second, the distributed regional marginal price (DLMP) is calculated by the optimal operation model, which contributed to the network usage charge (NUC) and then integrated in the expansion planning model. Case studies are performed and indicate the integrated P2P transaction strategy could improve local load consumption, while reducing the load rate of lines, as well as the electricity cost of users. Besides, the total planning cost paid by the power company could be saved via prosumers' investment and P2P transactions and the factors affecting power company's profit are also classified in multi-investor planning of distribution networks.","3066-9308","","10.17775/CSEEJPES.2021.08980","National Natural Science Foundation of China(grant numbers:52177103); ","https://ieeexplore.ieee.org/stamp/stamp.jsp?arnumber=9917427","Distribution network planning;distributed generation;network usage charge;prosumers;virtual P2P transactions","Planning;Distribution networks;Companies;Costs;Investment;Reactive power;Load modeling","","1","","28","","12 Oct 2022","September 2025","","CSEE","CSEE Journals"
"Fault Detector and Switch Placement in Cyber-Enabled Power Distribution Network","M. Heidari Kapourchali; M. Sepehry; V. Aravinthan","Department of Electrical Engineering and Computer Science, Wichita State University, Wichita, KS, USA; Department of Electrical Engineering and Computer Science, Wichita State University, Wichita, KS, USA; Department of Electrical Engineering and Computer Science, Wichita State University, Wichita, KS, USA",IEEE Transactions on Smart Grid,"16 Feb 2018","2018","9","2","980","992","Cyber-enabled operation is needed for smart distribution system implementation. The interaction of cyber and power components will affect system reliability. This paper focuses on developing an analytical reliability model for fault detection, isolation, and service restoration for smart distribution feeders. The impact of end-to-end outage probability of data communication along with sending, receiving, and relaying communication node failures is incorporated into the model. Vulnerability of system to cyber attack as an emerging cause of reliability degradation is also investigated. An optimal placement of fault detectors and switching devices are determined in this work to improve reliability. The sum of customer service interruption cost and investment cost is considered as an objective function to be minimized. Bus 2 of the Roy Billinton test system and a typical 27-node distribution network are used to illustrate the role of communication infrastructure malfunction on the planning problem in a distribution feeder. Results and discussions show the necessity of incorporating communication infrastructure failure into the power distribution system planning problem.","1949-3061","","10.1109/TSG.2016.2573261","Power Systems Engineering Research Center (PSERC)(grant numbers:T-53); ","https://ieeexplore.ieee.org/stamp/stamp.jsp?arnumber=7479584","Cyber attack;cyber-enabled device;common cause failure;reliability;remote-controlled switch;smart fault detector","Reliability;Power system reliability;Switches;Fault detection;Interrupters;Power distribution","","74","","43","IEEE","26 May 2016","March 2018","","IEEE","IEEE Journals"
"Defining and Enabling Resiliency of Electric Distribution Systems With Multiple Microgrids","S. Chanda; A. K. Srivastava","Idaho National Laboratory, Idaho Falls, ID, USA; School of Electrical Engineering and Computer Science, Washington State University, Pullman, WA, USA",IEEE Transactions on Smart Grid,"19 Oct 2016","2016","7","6","2859","2868","This paper presents a method for quantifying and enabling the resiliency of a power distribution system using analytical hierarchical process and percolation theory. Using this metric, quantitative analysis can be done to analyze the impact of possible control decisions to pro-actively enable the resilient operation of distribution system with multiple microgrids and other resources. Developed resiliency metric can also be used in short term distribution system planning. The benefits of being able to quantify resiliency can help distribution system planning engineers and operators to justify control actions, compare different reconfiguration algorithms, and develop proactive control actions to avert power system outage due to impending catastrophic weather situations or other adverse events. Validation of the proposed method is done using modified CERTS microgrids and a modified industrial distribution system. Simulation results show topological and composite metric considering power system characteristics to quantify the resiliency of a distribution system with the proposed methodology, and improvements in resiliency using two-stage reconfiguration algorithm and multiple microgrids.","1949-3061","","10.1109/TSG.2016.2561303","","https://ieeexplore.ieee.org/stamp/stamp.jsp?arnumber=7463503","Microgrids;power distribution system;power system reconfiguration;resilience","Measurement;Power system reliability;Reliability;Resilience;Microgrids","","271","","43","IEEE","2 May 2016","Nov. 2016","","IEEE","IEEE Journals"
"Modeling Environment for Testing a Distributed Energy Resource Management System (DERMS) Using GridAPPS-D Platform","S. Poudel; S. J. Keene; R. L. Kini; S. Hanif; R. B. Bass; J. T. Kolln","Pacific Northwest National Laboratory, Richland, WA, USA; Department of Electrical and Computer Engineering, Portland State University, Portland, OR, USA; Pacific Northwest National Laboratory, Richland, WA, USA; Pacific Northwest National Laboratory, Richland, WA, USA; Department of Electrical and Computer Engineering, Portland State University, Portland, OR, USA; Pacific Northwest National Laboratory, Richland, WA, USA",IEEE Access,"28 Jul 2022","2022","10","","77383","77395","The electric power system is currently undergoing a major transition due to growing numbers of distributed energy resources (DERs) and increased distribution automation. If optimally managed and operated, DERs could provide flexibility and highly valuable grid services such as restoration, peak shaving, voltage regulation, and frequency support to maintain grid reliability. Different applications and enterprises, such as distributed energy resources management systems (DERMS), are being developed for coordinated and optimal operation of DERs. However, to attract sufficient DER participation and achieve the coordinated operation of DERs, systems and components must be interoperable and information exchange must be secure. Along this line, the Portland State University power engineering group is developing Energy Grid of Things (EGoT) DERMS prototype. The proposed application requires the coordinated dispatch of large numbers of DERs and testing such a system presents a challenge; it is not practical to test system prototypes using thousands of real DERs. Hence, the modeling environment (ME) is designed as a co-simulation tool to model interactions between a DERMS and a mass of simulated DERs. The ME is expected to address the scalability issue inherent to hardware-in-the-loop DERMS simulation; many assets are needed to observe effects on the grid from deployment and dispatch of DERs. To enable the development and testing of such advanced applications for power distribution system planning and operations, the U.S Department of Energy developed GridAPPS-D™, an open-source, standards-based platform at Pacific Northwest National Laboratory. This paper introduces the proposed ME for testing a DERMS application. The architecture of the ME is presented, and the GridAPPS-D features for a such simulation environment are discussed. Additionally, the procedure for developing the ME within the GridAPPS-D platform and use of different APIs for efficient and timely integration are discussed in detail.","2169-3536","","10.1109/ACCESS.2022.3192845","U.S. Department of Energy’s (DOE) Office of Electricity (OE)(grant numbers:US DOE OE-0000922); Battelle Memorial Institute through operating the Pacific Northwest National Laboratory (PNNL) for DOE(grant numbers:DE-AC05-76RL01830); ","https://ieeexplore.ieee.org/stamp/stamp.jsp?arnumber=9837883","Common information model;distributed energy resources;grid services;power system simulation","Power systems;Open source software;Testing;Distributed power generation;Data models;Reliability;Power system reliability","","19","","52","CCBY","22 Jul 2022","2022","","IEEE","IEEE Journals"
"Linear Formulations for Topology-Variable-Based Distribution System Reliability Assessment Considering Switching Interruptions","M. Jooshaki; A. Abbaspour; M. Fotuhi-Firuzabad; G. Muñoz-Delgado; J. Contreras; M. Lehtonen; J. M. Arroyo","Department of Electrical Engineering and Automation, Aalto University, Espoo, Finland; Electrical Engineering Department, Sharif University of Technology, Tehran, Iran; Department of Electrical Engineering and Automation, Aalto University, Espoo, Finland; Escuela Técnica Superior de Ingeniería Industrial, Universidad de Castilla-La Mancha, Ciudad Real, Spain; Escuela Técnica Superior de Ingeniería Industrial, Universidad de Castilla-La Mancha, Ciudad Real, Spain; Department of Electrical Engineering and Automation, Aalto University, Espoo, Finland; Escuela Técnica Superior de Ingeniería Industrial, Universidad de Castilla-La Mancha, Ciudad Real, Spain",IEEE Transactions on Smart Grid,"20 Aug 2020","2020","11","5","4032","4043","Continuity of supply plays a significant role in modern distribution system planning and operational studies. Accordingly, various techniques have been developed for reliability assessment of distribution networks. However, owing to the complexities and restrictions of these methods, many researchers have resorted to several heuristic optimization algorithms for solving reliability-constrained optimization problems. Therefore, solution quality and convergence to global optimality cannot be guaranteed. Aiming to address this issue, two salient mathematical models are introduced in this paper for topology-variable-based reliability evaluation of both radial and radially-operated meshed distribution networks. Cast as a set of linear expressions, the first model is suitable for radial networks. The second model relies on mixed-integer linear programming and allows handling not only radial networks but also radially-operated meshed distribution grids. Therefore, the proposed formulations can be readily incorporated into various mathematical programming models for distribution system planning and operation. Numerical results from several case studies back the scalability of the developed models, which is promising for their further application in distribution system optimization studies. Moreover, the benefits of the proposed formulations in terms of solution quality are empirically evidenced.","1949-3061","","10.1109/TSG.2020.2991661","Department of Electrical Engineering and Automation, Aalto University, Espoo, Finland; Iran National Science Foundation; Ministry of Science, Innovation and Universities of Spain (MCIU/AEI/FEDER, UE)(grant numbers:RTI2018-098703-B-I00,RTI2018-096108-A-I00); ","https://ieeexplore.ieee.org/stamp/stamp.jsp?arnumber=9084092","Electricity distribution network;linear formulations;topology-variable-based reliability assessment","Reliability;Switches;Planning;Optimization;Mathematical model;Load modeling;Distribution networks","","40","","36","IEEE","1 May 2020","Sept. 2020","","IEEE","IEEE Journals"
"Distribution Planning and Operations with Intermittent Power Production","F. S. Ma; D. H. Curtice","Systems Control, Inc., Palo Alto, CA 94304; Systems Control, Inc., Palo Alto, CA 94304",IEEE Power Engineering Review,"23 Jul 2010","1982","PER-2","8","64","64","The introduction of small-scale dispersed intermittent power production, such as photovoltaic and wind electric generation into distribution systems, will affect distribution system planning and operations. This paper examines the technical and economic impacts on the delivery system due to the presence of these new production sources, particularly those problems arising from their intermittent nature. A methodology for distribution planners and operators is presented as a unified framework that assesses the technical and economic impacts on planning and operations. Case studies using distribution system data and renewable resource data from specific utilities are analyzed to gain insights into the technical and economic impacts. The paper concludes with some general observations on how future distribution planning and operating processes may be changed as the distribution system is integrated with increased intermittent power sources.","1558-1705","","10.1109/MPER.1982.5519786","","https://ieeexplore.ieee.org/stamp/stamp.jsp?arnumber=5519786","","Production planning;Power system planning;Power generation economics;Production systems;Power system economics;Photovoltaic systems;Solar power generation;Wind power generation;Distributed power generation;Power generation","","2","","","IEEE","23 Jul 2010","Aug. 1982","","IEEE","IEEE Magazines"
"Distribution system load characteristics","R. H. Sarikas; H. B. Thacker","Illinois Power Company, Decatur, Ill.; Westinghouse Electric Corp., Pittsburgh, Pa.",Electrical Engineering,"12 Feb 2013","1957","76","6","482","482","INASMUCH AS the sole purpose for the existence of an electrical distribution system lies in supplying the requirements of the consumer's utilization devices, it is fundamental that a knowledge of these load requirements is necessary for sound planning of the distribution system and its various components. The economic importance of the knowledge of load characteristics has become more and more recognized with the growth of load on utility systems. In recent years, much work has been done in this field. Many utilities have made and are continuing to make, in some form, surveys of the load on their systems. Information obtained from utility load surveys can be used for many purposes other than distribution system planning and optimum equipment design. Often, data from the same load survey is used in studies of rate structure, cost analysis, and development of “selective selling” programs.","2376-7804","","10.1109/EE.1957.6442560","","https://ieeexplore.ieee.org/stamp/stamp.jsp?arnumber=6442560","","Planning;Economics;Associate members;Character recognition;Layout;Correlation","","1","","","IEEE","12 Feb 2013","June 1957","","IEEE","IEEE Journals"
"Cost Benefit Analysis for V2G Implementation of Electric Vehicles in Distribution System","J. Singh; R. Tiwari","Malaviya National Institute of Technology, Jaipur, India; Department of Electrical Engineering, Malaviya National Institute of Technology, Jaipur, India",IEEE Transactions on Industry Applications,"18 Sep 2020","2020","56","5","5963","5973","Electric vehicles (EVs) offer a significant potential towards developing transportation systems with low carbon footprint. However, a proper accommodation of EVs poses significant challenges to distribution system planning and operations. This article aims to investigate EVs scheduling strategies with cost benefit analysis (CBA) to obtain optimal planning scheme. EVs can either behave as load or as distributed energy resource, a concept referred to as vehicle to grid (V2G). A V2G capable vehicle can offer active power support and reactive power support to the distribution system. To maximize the benefits of integrating EVs in the distribution system, charging of EVs needs to be coordinated with the available V2G technology. In this study, two scheduling strategies are implemented considering active power dispatch (APD) and reactive power dispatch (RPD) from the EVs. The objective of both the strategies is to minimize losses in the system by utilizing V2G operation of the EVs. APD based strategy minimize losses by optimal charging and discharging of the EVs. On the other hand, RPD based strategy minimize losses by optimal charging and reactive power injection from the EVs. Furthermore, cost and benefit analysis of developed EVs scheduling strategies is presented from the planning perspective. Finally, the constructive influence of distribution system reconfiguration (DSR) is evaluated on operation and planning of the system with two different scheduling strategies. Simulations are conducted on a 33-bus distribution system to demonstrate the effectiveness and feasibility of the proposed approach.","1939-9367","","10.1109/TIA.2020.2986185","Ministry of Electronics and Information technology; India for Visvesvaraya Ph.D. scheme in research works(grant numbers:1000110674); ","https://ieeexplore.ieee.org/stamp/stamp.jsp?arnumber=9066936","Active power dispatch;distribution system reconfiguration;electric vehicles;reactive power dispatch","Reactive power;Job shop scheduling;Vehicle-to-grid;Batteries;Planning;State of charge;Avalanche photodiodes","","109","","33","IEEE","14 Apr 2020","Sept.-Oct. 2020","","IEEE","IEEE Journals"
"Voltage Estimation of Active Distribution Network Using PMU Technology","S. Tangi; D. N. Gaonkar","Department of Electrical and Electronics Engineering, Manipal Instiute of Technology (MIT), Manipal Academy of Higher Education (MAHE), Manipal, India; Department of Electrical and Electronics Engineering, National Institute of Technology Karnataka (NITK), Surathkal, India",IEEE Access,"20 Jul 2021","2021","9","","100436","100446","As the Distributed Generation (DG) is evolving, the distribution network has undergone tremendous change. The DG sources like wind and solar are intermittent in nature. Hence to estimate the Active distribution network’s (ADN) parameters (Voltage and Current) accurately with the DG variation, the traditional offline method like long-term smart distribution network planning (with off-line variant) method is not feasible in terms of network’s reliability and operation. In this work, an online voltage estimation technique using PMU (Phasor Measurement Unit) technology is proposed to enhance a distribution network’s reliable operation and real-time monitoring. The proposed estimation method does not require PMU units at all nodes in the network. The estimation of unknown states information can be achieved from available PMU unit’s data. The proposed methodology is economical and feasible for voltage estimation, and system observability as the number of PMU units required is less. The standard IEEE Distribution network systems are considered for checking the feasibility of the recommended technique. For the simulation of the case studies, MATLAB programming is used. A Forward and Backward sweep (FBS) load-flow algorithm is used to authenticate the proposed methodology.","2169-3536","","10.1109/ACCESS.2021.3097001","","https://ieeexplore.ieee.org/stamp/stamp.jsp?arnumber=9481883","Distributed power generation;optimization;phasor measurement unit","Phasor measurement units;Observability;Distribution networks;Voltage measurement;State estimation;Meters;Current measurement","","11","","29","CCBY","13 Jul 2021","2021","","IEEE","IEEE Journals"
"RELRAD-an analytical approach for distribution system reliability assessment","G. Kjolle; K. Sand","Norwegian Electric Power Research Institute, Trondheim, Norway; Norwegian Electric Power Research Institute, Trondheim, Norway",IEEE Transactions on Power Delivery,"6 Aug 2002","1992","7","2","809","814","An overview of the distribution system planning model used by Norwegian utilities with emphasis on the approach used for reliability analysis, RELRAD (reliability in radial systems), is presented. The use of RELRAD is placed within the framework of distribution system planning. Two case studies of typical Norwegian MV systems are included: the benefit of automation and remote control in a rural overhead system, and the impact of reserve cable in an urban cable system.<>","1937-4208","","10.1109/61.127084","","https://ieeexplore.ieee.org/stamp/stamp.jsp?arnumber=127084","","Power system reliability;Costs;Power system modeling;Power system planning;Quality of service;Investments;Power cables;Process planning;Documentation;Power system analysis computing","","85","","11","IEEE","6 Aug 2002","April 1992","","IEEE","IEEE Journals"
"Optimal Switch and Tie Line Planning in Distribution Networks: Benchmarking a Practical MILP Model With a Fast Heuristic Approach","M. Jooshaki; S. Karimi-Arpanahi; R. J. Millar; J. Anttila; M. Lehtonen; M. Fotuhi-Firuzabad","Circular Economy Solutions Unit, Geological Survery of Finland (GTK), Espoo, Finland; School of Electrical and Mechanical Engineering, University of Adelaide, Adelaide, SA, Australia; Department of Electrical Engineering and Automation, Aalto University, Espoo, Finland; Trimble Utilities and Public Administration - Europe, Espoo, Finland; Department of Electrical Engineering and Automation, Aalto University, Espoo, Finland; Electrical Engineering Department, Sharif University of Technology, Tehran, Iran",IEEE Transactions on Power Systems,"20 Jun 2025","2025","40","4","2860","2872","Optimal placement of switches and tie lines is an integral task in distribution system planning. Owing to the problem complexity and the presence of binary decision variables, using heuristic methods for obtaining a close to optimal switch and tie line plan is a common practice in industry. Efforts to employ mixed-integer linear programming (MILP) to guarantee the solution optimality also tend to sacrifice the modeling accuracy through oversimplifying assumptions to make the problem tractable. Aiming to tackle these challenges, we present an efficient, yet accurate, MILP model for optimal switch and tie line planning. The proposed model avoids common simplifying assumptions in the state-of-the-art MILP models while preserving the solving efficiency. In order to demonstrate the applicability and scalability of the proposed MILP approach, it is applied to multiple test networks, and the results are compared with those of a fast heuristic model. The outcomes not only represent the high efficiency and accuracy of the MILP model but also validate the close to optimality of the heuristic approach developed for practical applications as a module in a commercial distribution system planning toolbox.","1558-0679","","10.1109/TPWRS.2024.3517413","Department of Electrical Engineering and Automation, Aalto University, Espoo, Finland; Trimble Solutions; Iran National Science Foundation; ","https://ieeexplore.ieee.org/stamp/stamp.jsp?arnumber=10798576","Electricity distribution system;mixed-integer linear programming;optimization;switch planning;tie line","Switches;Costs;Planning;Investment;Distribution networks;Circuit faults;Indexes;Switching circuits;Optimization;Resource management","","4","","31","IEEE","13 Dec 2024","July 2025","","IEEE","IEEE Journals"
"Multi-Stakeholder Collaborative Planning for Distribution Networks Based on Reinforcement Learning and Bi-level Game","C. Mu; X. Wang; C. Si; K. Wang","School of Electrical and Information Engineering, Tianjin University, Tianjin, China; School of Electrical and Information Engineering, Tianjin University, Tianjin, China; School of Electrical and Information Engineering, Tianjin University, Tianjin, China; School of Electrical and Information Engineering, Tianjin University, Tianjin, China",IEEE Transactions on Consumer Electronics,"","2026","PP","99","1","1","With the rapid development of renewable energy and energy storage (ES) technologies, diversified market entities have emerged in distribution networks, forming a complex competitive landscape for electricity consumption. To address this challenge, this paper proposes a collaborative distribution network planning method that integrates reinforcement learning (RL) and bi-level game theory. Different from existing studies that only consider partial participants or adopt traditional heuristic algorithms, this paper establishes a multi-stakeholder game framework covering the distribution system operator (DSO), distributed generation (DG) operator, ES operator, and electricity consumers. The framework incorporates a multi-scenario stochastic model to address the uncertainties of DG output and load demand. By designing an adaptive optimization strategy based on reinforcement learning, the proposed method achieves coordinated optimization of electricity consumption among stakeholders, providing a novel solution to the challenges of multi-stakeholder distribution network planning. The proposed method is validated on the IEEE 33-bus and 69-bus extended systems. In the two test systems, the proposed method increased the total annual net benefits by 203k¥ and 116k¥ respectively. The results demonstrate that the method maximizes the economic benefits of all participants while significantly improving overall system performance, verifying its effectiveness and engineering applicability.","1558-4127","","10.1109/TCE.2026.3718396","Science and Technology Project of State Grid Corporation of China(grant numbers:52120025002S-062-ZN); ","https://ieeexplore.ieee.org/stamp/stamp.jsp?arnumber=11630608","Distribution network;electricity consumption;reinforcement learning;collaborative planning;bi-level game","Distribution networks;Planning;Modeling;Games;Bismuth;Business intelligence;Electricity;Algorithms;Optimization;Pricing","","","","","IEEE","30 Jul 2026","","","IEEE","IEEE Early Access Articles"
"Bi-level stackelberg game-based distribution system expansion planning model considering long-term renewable energy contracts","H. Gao; R. Wang; S. He; Z. Wang; J. Liu","College of Electrical Engineering, Sichuan University, Chengdu, China; College of Electrical Engineering, Sichuan University, Chengdu, China; College of Electrical Engineering, Sichuan University, Chengdu, China; College of Electrical Engineering, Sichuan University, Chengdu, China; College of Electrical Engineering, Sichuan University, Chengdu, China",Protection and Control of Modern Power Systems,"27 Dec 2023","2023","8","4","1","15","With the deregulation of electricity market in distribution systems, renewable distributed generations (RDG) are being invested in by third-party social capital, such as distributed generations operators (DGOs) and load aggregators (LAs). However, their arbitrary RDG investment and electricity trading behavior can bring great challenges to distribution system planning. In this paper, to reduce distribution system investment, a distribution system expansion planning model based on a bi-level Stackelberg game is proposed for the distribution system operator (DSO) to guide this social capital to make suitable RDG investment. In the proposed model, DSO is the leader, while DGOs and LAs are the followers. In the upper level, the DSO determines the expansion planning scheme including investments in sub-stations and lines, and optimizes the variables provided for followers, such as RDG locations and contract prices. In the lower level, DGOs determine the RDG capacity and electricity trading strategy based on the RDG locations and contract prices, while LAs determine the RDG capacity, demand response and electricity trading strategy based on contract prices. The capacity information of the DRG is sent to the DSO for decision-making on expansion planning. To reduce the cost and risk of multiple agents, two long-term renewable energy contracts are introduced for the electricity trading. Conditional value-at-risk method is used to quantify the RDG investment risk of DGOs and LAs with different risk preferences. The effectiveness of the proposed model and method is verified by studies using the Portugal 54-bus system.","2367-0983","","10.1186/s41601-023-00335-5","National Science Foundation of China(grant numbers:52077146,52307123); Sichuan Science and Technology Program(grant numbers:2023NSFSC1945,2023YFSY0032); ","https://ieeexplore.ieee.org/stamp/stamp.jsp?arnumber=10375324","Distribution system expansion planning;Distributed generation;Distribution system operators;Distributed generation operator;Prosumers;Load aggregators","Renewable energy sources;Adaptation models;Costs;Power markets;Planning;Numerical models;Distributed power generation","","8","","23","","27 Dec 2023","October 2023","","PSPC","PSPC Journals"
"Evaluation of Electric Vehicles Hosting Capacity Based on Interval Undervoltage Probability in a Distribution Network","T. -H. Kim; D. Kim; S. -I. Moon","School of Electrical and Computer Engineering, Seoul National University, Seoul, Republic of Korea; Department of Electrical, Electronics and Communication Engineering Education, Chungnam National University, Daejeon, Republic of Korea; School of Electrical and Computer Engineering, Seoul National University, Seoul, Republic of Korea",IEEE Access,"19 Oct 2021","2021","9","","140147","140155","The rapidly growing market for electric vehicles (EVs) and chargers has a considerable influence on the operation of the distribution network. Accurate evaluation of the number of EVs penetrating the distribution network, that is, the hosting capacity (HC) of EVs, is beneficial to distribution network planning and efficient operation. Further, EVs have uncertainties in terms of arrival time, departure time, battery state of charge (SOC), and choice of charging station, which collectively affect the system difficult, but important, step of modeling EV uncertainties on system performance. This paper presents a methodology to model how many EVs can penetrate a low voltage distribution network, especially microgrid. First, EV load modeling incorporating uncertainties is performed by applying interval and affine arithmetic. Second, to analyze the effects of voltage, the same arithmetic methods are extended to perform power flow calculation. Thirdly, interval undervoltage probability (IUP) is introduced to evaluate the HC of the EVs. Subsequently, a voltage violation index (VVI) is introduced, and an EV HC evaluation method is proposed, assisting in the flexible operation of the network based on VVI. The utility of the proposed method is demonstrated by modeling the network of Seoul National University in South Korea, which is subsequently compared with the conventional approach of determining EV HC. The model incorporated Seoul National University’s practical cable data, load data, and vehicle access data, along with the number of EVs penetrating the target network.","2169-3536","","10.1109/ACCESS.2021.3116465","Korea Institute of Energy Technology Evaluation and Planning (KETEP) grant funded by the Korea government (MOTIE) (20202010600010, EV-Grid Integration (VGI) and control technology development and wide area V2G field demonstration for EV as a fast-DR resource); research fund of Chungnam National University; ","https://ieeexplore.ieee.org/stamp/stamp.jsp?arnumber=9551932","Affine arithmetic;distribution network;electric vehicle;electric vehicle hosting capacity;interval arithmetic;uncertainties;under voltage probability","Arithmetic;Load modeling;Uncertainty;Voltage;Indexes;Distribution networks;Data models","","16","","31","CCBY","29 Sep 2021","2021","","IEEE","IEEE Journals"
"Adjustable Robust Optimization for Large-Scale Photovoltaics Planning in Smart Distribution Networks","L. Ge; Y. Li; J. Yan","Key Laboratory of Smart Grid of Ministry of Education, Tianjin University, Tianjin, China; Jinan Power Supply Company, State Grid Shandong, Jinan, China; Concordia Institute for Information Systems Engineering, Concordia University, Montréal, QC, Canada",IEEE Transactions on Sustainable Computing,"8 Aug 2025","2025","10","4","717","729","High penetration in distributed photovoltaics (PVs) enhances the resilience of distribution network operations. However, it brings many uncertain issues such as the voltage and harmonic fluctuations that may affect the distribution network stability. Therefore, the determination of the PV location and capacity is of vital importance for smart distribution network planning. Considering the fluctuation of PV outputs and the robustness of optimization results, this paper proposes an adjustable robust optimization method for large-scale PV planning in smart distribution networks. The AC power flow is first converted into a convex program by the linearization theory, and the bi-level optimization is converted to a single-layer optimization problem using the strong duality theory. A hybrid algorithm based on the integration of grey wolf optimization (GWO) and improved particle swarm optimization (IPSO), named GWO-IPSO, is proposed to determine the robust optimal location and the capacity of distributed PVs. The proposed method is verified based on the IEEE 69–bus radial distribution network case study. The proposed method efficiently adapts to parameter uncertainties resulting from extreme scenarios and delivers better performance than general heuristic methods.","2377-3782","","10.1109/TSUSC.2024.3524536","National Science and Technology Major Project(grant numbers:2022ZD0116900); National Natural Science Foundation of China(grant numbers:52277118); Natural Science Foundation in Tianjin(grant numbers:22JCZDJC00660); Natural Sciences and Engineering Research Council of Canada(grant numbers:RGPIN-2018-06724); ","https://ieeexplore.ieee.org/stamp/stamp.jsp?arnumber=10819293","Distributed photovoltaic planning;adjustable robust optimization;bi-level optimization conversion;hybrid optimization algorithm","Optimization;Planning;Uncertainty;Stochastic processes;Distribution networks;Solar radiation;Renewable energy sources;Linear programming;Capacity planning;Photovoltaic systems","","5","","52","IEEE","31 Dec 2024","July-Aug. 2025","","IEEE","IEEE Journals"
"A voltage drop-based approach to include cold load pickup in design of distribution systems","V. Gupta; A. Pahwa","Kansas State University, Manhattan, KS, USA; Electrical and Computer Engineering Department, Kansas State University, Manhattan, KS, USA",IEEE Transactions on Power Systems,"4 May 2004","2004","19","2","957","963","In distribution systems with large residential load, thermostatically controlled devices contribute major portion of total load. Restoration of such systems after prolonged interruption may create a load significantly higher than the normal load. This condition is called cold load pickup (CLPU). The enduring component of CLPU may cause severe voltage drops along the feeders and transformer heating, thus making the system restoration difficult. This paper discusses an approach to include restoration under CPLU conditions in distribution system planning and expansion. The approach can be applied to determine the most optimal transformer size and feeder sizes while ensuring the minimal restoration time and acceptable voltages and transformer heating during CLPU conditions. The aim is to develop a tool that can be used in conjunction with the overall distribution system design to ensure quality power even in emergency conditions while minimizing the cost.","1558-0679","","10.1109/TPWRS.2003.821440","","https://ieeexplore.ieee.org/stamp/stamp.jsp?arnumber=1295005","","Voltage;Power transformers;Power system restoration;Heating;Temperature;Control systems;Costs;Switches;Power system planning;Surges","","29","","21","IEEE","4 May 2004","May 2004","","IEEE","IEEE Journals"
"Applying AI systems in the T&D arena","S. S. Venkata; Z. Sumic; S. V. Vadari; C. . -C. Liu","University of Washington, USA; University of Washington, USA; ESCA Corporation, USA; University of Washington, USA",IEEE Computer Applications in Power,"6 Aug 2002","1993","6","2","29","34","Artificial intelligence (AI) techniques and applications that are being used to help solve transmission and distribution problems are highlighted. The authors focus on expert tasks in the power transmission and distribution areas that are suitable for applying AI methodologies. The following relevant AI methodologies are described: expert systems (ES), knowledge-based systems (KBS), and intelligent decision support systems (IDSS). Applications to fault location and diagnosis, distribution system planning, and underground residential distribution system design are discussed.<>","1558-4151","","10.1109/67.207469","","https://ieeexplore.ieee.org/stamp/stamp.jsp?arnumber=207469","","Artificial intelligence;Power system modeling;Expert systems;Power engineering computing;Power engineering and energy;Application software;Problem-solving;Design engineering;Knowledge based systems;Power engineering","","9","","5","IEEE","6 Aug 2002","April 1993","","IEEE","IEEE Magazines"
"Modeling of Grid-Forming and Grid-Following Inverters for Dynamic Simulation of Large-Scale Distribution Systems","W. Du; F. K. Tuffner; K. P. Schneider; R. H. Lasseter; J. Xie; Z. Chen; B. Bhattarai","Pacific Northwest National Laboratory, Richland, WA, USA; Pacific Northwest National Laboratory, Richland, WA, USA; Pacific Northwest National Laboratory, Richland, WA, USA; Department of Electrical and Computer Engineering, University of Wisconsin-Madison, Madison, WI, USA; Pacific Northwest National Laboratory, Richland, WA, USA; Department of Electrical and Computer Engineering, University of Wisconsin-Madison, Madison, WI, USA; Pacific Northwest National Laboratory, Richland, WA, USA",IEEE Transactions on Power Delivery,"26 Jul 2021","2021","36","4","2035","2045","Historically, distribution system planning studies mainly focused on steady state and quasi-steady state analysis, with limited attention paid to dynamic analysis. This paper develops three-phase, electromechanical models for both grid-forming and grid-following inverters, and integrates them into an open source, three-phase distribution network solver, thereby enabling dynamic simulation of large-scale, three-phase unbalanced distribution systems with high penetration of inverter-based DERs. The proposed inverter models are validated against electromagnetic simulation and field test data from the CERTS/AEP microgrid testbed, and simulated in an islanded 5252 node distribution system in the GridLAB-D simulation environment. Simulation verifies the effectiveness of the proposed inverter models for large-scale distribution system analysis. Study results show that compared to traditional grid-following inverters, the high penetration of grid-forming inverters can improve the voltage and frequency stability of islanded distribution systems.","1937-4208","","10.1109/TPWRD.2020.3018647","Pacific Northwest National Laboratory; U.S. Department of Energy(grant numbers:DE-AC05-76RL01830); ","https://ieeexplore.ieee.org/stamp/stamp.jsp?arnumber=9173757","Inverter;grid-forming;grid-following;dynamic simulation;modeling;distribution systems","Inverters;Power system stability;Power system dynamics;Voltage control;Stability analysis;Integrated circuit modeling;Synchronous generators","","324","","39","IEEE","21 Aug 2020","Aug. 2021","","IEEE","IEEE Journals"
"Risk-Based Allocation of Distribution System Maintenance Resources","S. R. K. Yeddanapudi; Y. Li; J. D. McCalley; A. A. Chowdhury; W. T. Jewell","System Planning Division, PJM Interconnection Limited Liability Company, Norristown, PA, USA; Iowa State University, Ames, IA, USA; Electrical and Computer Engineering Department, Iowa State University, Ames, IA, USA; Electric System Planning Department, MidAmerican Energy, Davenport, IA, USA; Electrical Engineering Department, Wichita State University, Wichita, KS, USA",IEEE Transactions on Power Systems,"22 Apr 2008","2008","23","2","287","295","Asset management is an important activity in present day distribution system planning and operation. Utilities are constantly striving to optimize the use of resources available for maintenance while ensuring system reliability is within satisfactory limits. This paper proposes a method to allocate maintenance resources to various distribution system assets. To determine the effects of maintenance, a predictive reliability assessment tool is developed. This paper describes the model on which this tool is based. The results obtained from reliability assessment can be used along with an optimizer to allocate resources to various maintenance tasks in a distribution system.","1558-0679","","10.1109/TPWRS.2008.919316","","https://ieeexplore.ieee.org/stamp/stamp.jsp?arnumber=4494610","Power distribution maintenance;power distribution planning;power distribution reliability;risk analysis","Resource management;Maintenance;Power system reliability;Asset management;Power system planning;Power distribution;Power system interconnection;Power engineering and energy;Costs;Investments","","51","2","19","IEEE","22 Apr 2008","May 2008","","IEEE","IEEE Journals"
"An expert system for reactive power control of a distribution system. I. System configuration","M. M. A. Salama; A. Y. Chikhani","Department of Electrical & Computer Engineering, University of Waterloo, Waterloo, ONT, Canada; Department of Electrical Engineering, Royal Military College of Canada, Kingston, ONT, Canada",IEEE Transactions on Power Delivery,"6 Aug 2002","1992","7","2","940","945","An expert system configuration is developed which can be used as a money saving online controller in cooperation with the input/output interface unit. It also can be used in the distribution system planning stage. The proposed optimum reactive power compensation (ORPC) expert system utilizes the human experts (HE) heuristics rules as well as the technical literature expertise (TLE) such as algorithms and formulae to build the knowledge base of the system. The distribution system component data and network topography are stored in the database. The distribution system voltage profile is kept within the desired limits by proper choice of both shunt capacitors and voltage regulators.<>","1937-4208","","10.1109/61.127102","","https://ieeexplore.ieee.org/stamp/stamp.jsp?arnumber=127102","","Expert systems;Reactive power control;Voltage;Control systems;Power system planning;Reactive power;Humans;Surfaces;Databases","","36","3","22","IEEE","6 Aug 2002","April 1992","","IEEE","IEEE Journals"
"Distribution Planning and Operations with INtermittent Power Production","F. S. Ma; D. H. Curticer","Systems Control, Inc., Palo Alto, CA, USA; Systems Control, Inc.",IEEE Transactions on Power Apparatus and Systems,"26 Feb 2007","1982","PAS-101","8","2931","2940","The introduction of small-scale dispersed intermittent power production, such as photovoltaic nd wind electric generation into distribu-tion systems, will affect distribution system planning and operations. This paper examines the technical and economic impacts on the delivery system due to the presence of these new production sources, particularly those problems arising from their intermittent nature. A methodology for distribution planners and operators is presented as a unified framework that assesses the technical and economic impacts on planning and operations. Case studies using distribution system data and renewable resource data from specific utilities are analyzed to gain insights into the technical and economic impacts. The paper concludes with some general observations on how future distribution planning and operating processes may be changed as the distribution system is integrated with increased intermittent power sources.","0018-9510","","10.1109/TPAS.1982.317620","","https://ieeexplore.ieee.org/stamp/stamp.jsp?arnumber=4111684","","Production planning;Power system planning;Power generation economics;Production systems;Power system economics;Photovoltaic systems;Solar power generation;Wind power generation;Distributed power generation;Power generation","","18","","28","IEEE","26 Feb 2007","Aug. 1982","","IEEE","IEEE Journals"
"Assessment and Simulation of Strategies to Enhance Hosting Capacity and Reduce Power Losses in Distribution Networks","I. Benitez Cattani; E. Chaparro; B. Baran","Parque Tecnologico Itaipu - Paraguay, PY; Itaipu Binacional, PY; Universidad Nacional de Asuncion, PY",IEEE Latin America Transactions,"6 Sep 2024","2024","22","9","778","788","Distribution systems are increasingly experiencing the penetration of photovoltaic (PV) systems. Although PV penetration is beneficial up to a point, beyond that point, it begins to generate issues related to voltage levels and grid stability. In modern distribution system planning, it is essential to identify an optimal operational point where the integration of PV supports the voltage profile rather than causing any adverse effects. The purpose of this paper is to explore and evaluate strategies to enhance Hosting Capacity and reduce Power Losses in distribution systems through an optimization algorithm that iteratively uses power-flow simulations and a Multi-Objective Genetic Algorithm. Different strategies taking advantage of conventional distribution system assets are formulated to avoid new system reinforcement. The strategies include Network Reconfiguration, Capacitor Switching, On-Load Tap Changer Switching, Volt-VAR Control Settings and the Combination of all strategies. To evaluate the efficiency of each approach, a comprehensive simulation study is conducted on the IEEE 123 bus distribution system modeled in OpenDSS, with an algorithm created in Python to control the optimization process.","1548-0992","","10.1109/TLA.2024.10669252","","https://ieeexplore.ieee.org/stamp/stamp.jsp?arnumber=10669252","PV system;Power Loss;Hosting Capacity;Multi-Objective Optimization","Optimization;Linear programming;Genetic algorithms;Switches;Capacitors;Power systems;Voltage control","","5","","","IEEE","6 Sep 2024","Sept. 2024","","IEEE","IEEE Journals"
"Joint Expansion Planning Studies of EV Parking Lots Placement and Distribution Network","M. Mozaffari; H. Askarian Abyaneh; M. Jooshaki; M. Moeini-Aghtaie","Department of Electrical Engineering, Amirkabir University of Technology, Tehran, Iran; Department of Electrical Engineering, Amirkabir University of Technology, Tehran, Iran; Department of Electrical Engineering, Sharif University of Technology, Tehran, Iran; Department of Energy Engineering, Sharif University of Technology, Tehran, Iran",IEEE Transactions on Industrial Informatics,"30 Jun 2020","2020","16","10","6455","6465","Long-term distribution network planning (DNP) is considered as one of the most challenging issues for distribution network operators (DNOs). By increasing EVs in cities, it has appeared some new players such as electric vehicles (EVs) owners and electric vehicle parking lots (EVPLs) owners for DNP. In this article, we conduct a new study on the coupled dynamic expansion problem of EVPLs placement and distribution networks. To reach this goal, at first, EVs driving and charging/discharging behavior as some influential factors is modeled using an efficient probabilistic algorithm. An analytical model is then introduced to estimate the number of EVs in EVPLs at different times. To find out the optimal place for installing EVPLs and distribution network reinforcement, a multiobjective (MO) optimization model is formulated considering the main requirements of EVs users, EVPLs owners, and distribution system operators. A linear model is also derived for the energy monument of EVs in EVPLs and residential charging stations to be used in the mentioned MO expansion problem. Numerical results with various cases are presented to illustrate the main advantages of the proposed coupled expansion model. The simulation results indicate increasing the percentage of participated EVs in V2G leads to reduce the DNO costs and increase the EVPLs’ revenues. Moreover, the year of feeder reinforcement will be deferred by considering V2G mode and battery degradation.","1941-0050","","10.1109/TII.2020.2964049","","https://ieeexplore.ieee.org/stamp/stamp.jsp?arnumber=8950236","Distribution network (DN);dynamic expansion planning;electric vehicle parking lot (EVPL);V2G;battery degradation","Planning;State of charge;Distribution networks;Substations;Batteries;Indexes;Mathematical model","","62","","23","IEEE","6 Jan 2020","Oct. 2020","","IEEE","IEEE Journals"
"Reliability-Based Expansion Planning Studies of Active Distribution Networks With Multiagents","M. Kabirifar; M. Fotuhi-Firuzabad; M. Moeini-Aghtaie; N. Pourghaderi; M. Shahidehpour","Electrical Engineering Department, Sharif University of Technology, Tehran, Iran; Electrical Engineering Department, Sharif University of Technology, Tehran, Iran; Department of Energy Engineering, Sharif University of Technology, Tehran, Iran; Electrical Engineering Department, Sharif University of Technology, Tehran, Iran; Department of Electrical Engineering, Illinois Institute of Technology, Chicago, IL, USA",IEEE Transactions on Smart Grid,"21 Oct 2022","2022","13","6","4610","4623","In this paper, a multi-agent framework is proposed to address the expansion planning problem in a restructured active distribution network. In this framework, the objective and techno-economic constraints of participating agents are addressed in the expansion planning of power network and DER assets as well as the network and DERs optimal operation management. The agents include distributed generator owners and load aggregators which participate along with the distribution network operator (DNO) in the active distribution network planning. The proposed framework is formulated as a bi-level optimization problem with multi-lower levels in which the DNO optimizes the network expansion planning and operation in the upper level where the network reliability is also modeled. In the lower level problems, other participating agents optimize the expansion planning and operation of their assets. The model addresses the optimal operation of resources by clearing the local energy market. The uncertainties in the upper and the lower level problems are effectively addressed using a stochastic adaptive robust optimization approach. The proposed model is implemented on the 54-bus and 138-bus distribution networks and the results demonstrate the effectiveness and scalability of the proposed framework.","1949-3061","","10.1109/TSG.2022.3181987","Iran National Science Foundation (INSF); ","https://ieeexplore.ieee.org/stamp/stamp.jsp?arnumber=9794335","Active distribution network;distribution network operator (DNO);expansion planning problem;multi-agent;reliability;stochastic adaptive robust approach","Planning;Investment;Reliability;Uncertainty;Transformers;Stochastic processes;Costs;Distribution networks","","51","","35","IEEE","10 Jun 2022","Nov. 2022","","IEEE","IEEE Journals"
"Incidence Matrix based Method for $N-1$ Contingency Parallel Analysis of Main Transformers in Distribution Networks","Q. Zou; F. Luo; T. Zhang","Key Laboratory of Smart Grid of Ministry of Education, Tianjin University, Tianjin, China; Key Laboratory of Smart Grid of Ministry of Education, Tianjin University, Tianjin, China; Economic and Technology Research Institute, State Grid Tianjin Electric Power Company, Tianjin, China",CSEE Journal of Power and Energy Systems,"21 Apr 2025","2025","11","2","705","713","$N -1$ security is an important criterion for the development and planning of distribution networks. The existing $N-1$ contingency analysis methods of distribution networks are primarily based on the unit of components, and the faults of each component are analyzed and verified one by one. The calculation process of these methods is complicated, and the positioning effect of the weak links needed for distribution network planning is insufficient. For this reason, this paper proposes a method of $N-1$ contingency parallel analysis for main transformers based on the incidence matrix. First, the main transformer incidence matrix is established, and the load transfer process is classified into three types, according to different transfer modes, and the contact matrices are then established respectively. Second, considering the capacity constraint of main transformers and tie-lines, the corresponding capacity matrices are established. The maximum transfer capability (MTC) of the distribution network in the case of each main transformer fault is calculated by contact matrices and capacity matrices, and the $N-1$ contingency analysis result is obtained by comparing MTC with the load that needs transferring. Meanwhile, the transfer margin of the main transformers and tie-lines after transferring can be obtained in the process of $N-1$ contingency analysis, so as to find any weak links. An example is given to verify the correctness and effectiveness of the proposed method. In this paper, the $N-1$ contingency analysis results of all main transformers in the distribution network are expressed analytically through matrices operations, and the weak links can then be intuitively identified. The cumbersome operation of checking each component is avoided, and the computational efficiency is improved.","3066-9308","","10.17775/CSEEJPES.2021.01490","National Key Research and Development Program of China(grant numbers:2020YFB0906000); National Natural Science Foundation of China(grant numbers:51977140,U1866207,51207101); Natural Science Foundation of Tianjin(grant numbers:19JCYBJC21300); ","https://ieeexplore.ieee.org/stamp/stamp.jsp?arnumber=9770521","Analytical expression;distribution network;$N-1$ contingency analysis;weak link","Transformers;Distribution networks;Substations;Planning;Symmetric matrices;Security;Safety","","9","","22","","6 May 2022","March 2025","","CSEE","CSEE Journals"
"Low-carbon collaborative optimization planning source and storage of active distribution network based on equal area principle","Y. Hu; J. Zhang; X. Chang; Y. Xue; J. Su; Z. Li; K. Wang; H. Sun","College of Electrical and Power Engineering (Key Laboratory of Cleaner Intelligent Control on Coal and Electricity, Ministry of Education, Energy Internet Key Laboratory of Shanxi Province) Taiyuan University of Technology, Taiyuan 030024, China; College of Electrical and Power Engineering (Key Laboratory of Cleaner Intelligent Control on Coal and Electricity, Ministry of Education, Energy Internet Key Laboratory of Shanxi Province) Taiyuan University of Technology, Taiyuan 030024, China; College of Electrical and Power Engineering (Key Laboratory of Cleaner Intelligent Control on Coal and Electricity, Ministry of Education, Energy Internet Key Laboratory of Shanxi Province) Taiyuan University of Technology, Taiyuan 030024, China; College of Electrical and Power Engineering (Key Laboratory of Cleaner Intelligent Control on Coal and Electricity, Ministry of Education, Energy Internet Key Laboratory of Shanxi Province) Taiyuan University of Technology, Taiyuan 030024, China; College of Electrical and Power Engineering (Key Laboratory of Cleaner Intelligent Control on Coal and Electricity, Ministry of Education, Energy Internet Key Laboratory of Shanxi Province) Taiyuan University of Technology, Taiyuan 030024, China; College of Electrical and Power Engineering (Key Laboratory of Cleaner Intelligent Control on Coal and Electricity, Ministry of Education, Energy Internet Key Laboratory of Shanxi Province) Taiyuan University of Technology, Taiyuan 030024, China; Economic and Electrical Research Institute of Shanxi Electrical Power, Company of SGCC, Taiyuan 030001, China; College of Electrical and Power Engineering (Key Laboratory of Cleaner Intelligent Control on Coal and Electricity, Ministry of Education, Energy Internet Key Laboratory of Shanxi Province) Taiyuan University of Technology, Taiyuan 030024, China; Department of Electrical Engineering, Tsinghua University, Beijing 100084, China",CSEE Journal of Power and Energy Systems,"","2026","PP","99","1","11","With the increasing capacity of renewable energy, the intermittency and uncertainty of their output bring a great challenge to the balance of supply and demand in the active distribution network. Traditional active distribution network planning methods tend to plan excessive energy storage system to achieve system power balance, which increases economic and environmental costs and is not conducive to low-carbon operation. To address this problem, a novel low-carbon collaborative optimization planning source and storage of active distribution network based on equal area principle is proposed. First, a life-cycle carbon emission model is established, which comprehensively evaluates the environmental impacts from production to the disposal phase. Based on this foundation, the equal area principle is introduced for collaborative planning for renewable energy and energy storage systems. Taking the initial renewable energy consumption ability as the decoupling point to balance yearly non-consumable power to realize the optimal collaborative planning of energy storage system and renewable energy installations. Compared with traditional typical scenario methods, the proposed model has significant advantages in terms of investment and operational costs, while system carbon emission is effectively controlled through comprehensive lifecycle emission accounting. Moreover, by applying the equal area principle, optimal capacities of energy storage system and photovoltaic under varying renewable energy consumption requirements can be obtained. The results of the case studies demonstrate that under high renewable energy penetration and strict carbon emission constraints, storage system utilization and renewable energy consumption rates are substantially improved by the proposed collaborative planning strategy. The ability of the system changes in renewable energy is significantly enhanced while realizing economic and environmental benefits.","3066-9308","","10.17775/CSEEJPES.2025.03240","","https://ieeexplore.ieee.org/stamp/stamp.jsp?arnumber=11449499","Energy storage system planning;equal area principle;life cycle carbon emission;source-storage co-optimization","Carbon dioxide;Planning;Automobiles;Optimization;Economics;Costs;Collaboration;Capacity planning;Transportation;Production","","","","","","20 Mar 2026","","","CSEE","CSEE Early Access Articles"
"Current practices and customer value-based distribution system reliability planning","A. A. Chowdhury; D. O. Koval","Transmission and Distribution Planning, DAV5, MidAmerican Energy Company, Davenport, IA, USA; Department of Electrical and Computer Engineering, University of Alberta, AB, Canada",IEEE Transactions on Industry Applications,"27 Sep 2004","2004","40","5","1174","1182","Among the major issues facing utilities in today's competitive electricity market is the pressure to hold the line on rates and provide electricity with adequate quality and reliability. Utilities are increasingly recognizing that the level of supply reliability planned and designed into a system has to evolve away from levels determined basically on a technical framework using deterministic criteria, and toward a balance between minimizing costs and achieving a sustainable level of customer complaints. Assessment of the cost of maintaining a certain level of supply reliability or making incremental changes therein must include not only the utility's cost of providing such reliability and the potential revenue losses during outages, but also the interruption costs incurred by the affected customers during utility power outages. Such a cost-benefit analysis constitutes the focal point of the value-based reliability planning. Value-based reliability planning provides a rational and consistent framework for answering the fundamental economic question of how much reliability is adequate from the customer perspective and where a utility should spend its reliability dollars to optimize efficiency and satisfy customers' electricity requirements at the lowest cost. Costs to customers associated with varying levels of service reliability are significant factors that cannot be ignored. Explicit considerations of these customer interruption costs in developing supply reliability targets and in evaluating alternate proposals for network upgrade, maintenance, and system design must, therefore, be included in system planning and design process. The paper provides a brief overview of current deterministic planning practices in utility distribution system planning, and introduces a probabilistic customer value-based approach to alternate feed requirements planning for overhead distribution networks.","1939-9367","","10.1109/TIA.2004.834075","","https://ieeexplore.ieee.org/stamp/stamp.jsp?arnumber=1337040","","Maintenance;Electricity supply industry;Power system reliability;Cost benefit analysis;Power generation economics;Cost function;Proposals;Process planning;Process design;Feeds","","34","","12","IEEE","27 Sep 2004","Sept.-Oct. 2004","","IEEE","IEEE Journals"
"Overview of Loss Sensitivity Analysis in Modern Distribution Systems","M. Abujubbeh; B. Natarajan","Electrical and Computer Engineering, Kansas State University, Manhattan, KS, USA; Electrical and Computer Engineering, Kansas State University, Manhattan, KS, USA",IEEE Access,"15 Feb 2022","2022","10","","16037","16051","Distribution system planning and operation has seen many structural changes due to the increased participation of consumers in the energy market and the adaptation of new technologies such as distributed energy resources (DERs), electric vehicles (EV) and local energy storage systems (ESSs). Despite the convenience of such technologies and the gradual drop in their prices, new technical challenges (e.g., excessive power losses) have emerged at the system level. Over the past few decades, power loss minimization in distribution systems has gained popularity and the need for loss sensitivity analysis (LSA) frameworks has become a necessity for its successful implementation. Existing work on LSA mostly focuses on system planning aspects through DER optimal placement and sizing. However, enabling LSA-based system operational applications is a vital step toward the successful transition to modern distribution systems (MDSs). Therefore, this paper presents a comprehensive overview on the state of the art in LSA for MDSs. First, the theoretical formulations of existing LSA methods are summarized. Then, the applications of LSA in distribution systems are highlighted. Finally, based on the analysis of literature, open research gaps and future research pathways are discussed.","2169-3536","","10.1109/ACCESS.2022.3149481","U.S. National Science Foundation(grant numbers:1855216); ","https://ieeexplore.ieee.org/stamp/stamp.jsp?arnumber=9706145","Modern distribution systems;power loss minimization;DER integration;EV management;sensitivity analysis","Manganese;Reactive power;Planning;Voltage;Sensitivity analysis;Minimization;Economics","","12","","144","CCBY","7 Feb 2022","2022","","IEEE","IEEE Journals"
"Reliability modeling of distributed generation in conventional distribution systems planning and analysis","A. A. Chowdhury; S. K. Agarwal; D. O. Koval","MidAmerican Energy Company, Davenport, IA, USA; General Reliability, San Diego, CA, USA; Department of Electrical Engineering, University of Alberta, Edmonton, AB, Canada",IEEE Transactions on Industry Applications,"29 Sep 2003","2003","39","5","1493","1498","The primary objective of any electric utility company in the new competitive environment would be to increase the market value of the services it provides with the right amount of reliability, and at the same time, lower its costs for operation, maintenance, and construction of new facilities in order to provide lower rates for customers. The electric utility company will strive to achieve this objective via many different means, one of which is to defer the capital distribution facility requirements in favor of a distributed generation (DG) solution by an independent power producer (IPP) to meet the growing customer load demand. In this case, the distribution capital investment deferral credit received by the IPP will be dependent on the incremental system reliability improvement rendered by the DG solution. In other words, the size, location and the reliability of the DG will be based on the comparable incremental reliability provided by the distribution solution under considerations. This paper presents a reliability model for determining the DG equivalence to a distribution facility for use in distribution system planning studies in the new competitive environment.","1939-9367","","10.1109/TIA.2003.816554","","https://ieeexplore.ieee.org/stamp/stamp.jsp?arnumber=1233613","","Distributed control;Power system reliability;Power industry;Power generation;Investments;Costs;Maintenance;Power system planning;Industry Applications Society;Power system modeling","","182","2","10","IEEE","29 Sep 2003","Sept.-Oct. 2003","","IEEE","IEEE Journals"
"Distribution System Services Provided by Electric Vehicles: Recent Status, Challenges, and Future Prospects","N. Bañol Arias; S. Hashemi; P. B. Andersen; C. Træholt; R. Romero","Electrical Engineering Department, UNESP–São Paulo State University, Ilha Solteira, Brazil; Department of Electrical Engineering, Center for Electric and Energy, Technical University of Denmark, Lyngby, Denmark; Department of Electrical Engineering, Center for Electric and Energy, Technical University of Denmark, Lyngby, Denmark; Department of Electrical Engineering, Center for Electric and Energy, Technical University of Denmark, Lyngby, Denmark; Electrical Engineering Department, UNESP–São Paulo State University, Ilha Solteira, Brazil",IEEE Transactions on Intelligent Transportation Systems,"23 Dec 2019","2019","20","12","4277","4296","Trend-setting countries have promoted or even employed an increased number of electric vehicles (EVs) and other distributed energy resources (DERs) in their power systems. This development has triggered new and increasing challenges in the distribution system planning and operation, whereby the distribution systems must adapt to the increased share of DERs. However, EVs may also offer new opportunities and can be used to support the grid by providing several local and global power- and energy-based services. This paper presents a review and classification of the services potentially available from EVs for distribution systems, referred to as EV distribution system services (EV-DSS). A detailed description of recent services and approaches is given, and an assessment of the maturity of EV-DSS is provided. Moreover, challenges and prospects for future research are identified, considering key topics, such as the design of the market framework, economic assessment, battery degradation, and the impacts of the transmission system operator service provision by EVs on distribution networks. Thus, this paper offers a tool for stakeholders concerning services available from EVs and provides a broad literature framework that can be used as a base for further investigations. It is aligned with the current requirements to move toward the realistic implementations of EV-DSS.","1558-0016","","10.1109/TITS.2018.2889439","Danish Research Parker Project(grant numbers:2016-1-12410); Brazilian institution CAPES: PSDE(grant numbers:88881.135226/2016-01); ","https://ieeexplore.ieee.org/stamp/stamp.jsp?arnumber=8606438","Distribution systems;distribution system services;electric vehicles;renewable energy sources;services classification;smart grids","Batteries;Power system stability;Frequency control;Smart grids;Voltage control;Electric vehicles","","160","","155","IEEE","9 Jan 2019","Dec. 2019","","IEEE","IEEE Journals"
"A Reliability Model for Distribution Systems Incorporating Seasonal Variations in Severe Weather","K. Alvehag; L. Soder","Department of Electric Power Systems, KTH Royal Institute of Technology, Stockholm, Sweden; Department of Electric Power Systems, KTH Royal Institute of Technology, Stockholm, Sweden",IEEE Transactions on Power Delivery,"24 Mar 2011","2011","26","2","910","919","In distribution system planning and operation, accurate assessment of reliability performance is essential for making informed decisions. Also, performance-based regulation, accompanied by quality regulation, increases the need to understand and quantify differences in reliability performance between networks. Distribution system reliability performance indices exhibit stochastic behavior due to the impact of severe weather. In this paper, a new reliability model is presented which incorporates the stochastic nature of the severe weather intensity and duration to model variations in failure rate and restoration time. The model considers the impact of high winds and lightning and can be expanded to account for more types of severe weather. Furthermore, the modeling approach considers when severe weather is likely to occur during the year by using a nonhomogeneous Poisson process (NHPP). The proposed model is validated and applied to a test system to estimate reliability indices. Results show that the stochasticity in weather has a great impact on the variance in the reliability indices.","1937-4208","","10.1109/TPWRD.2010.2090363","","https://ieeexplore.ieee.org/stamp/stamp.jsp?arnumber=5669368","Distribution system reliability assessment;sequential Monte Carlo simulation;weather modeling","Lightning;Reliability;Wind speed;Power system reliability;Data models","","128","","27","IEEE","17 Dec 2010","April 2011","","IEEE","IEEE Journals"
"Optimal Distribution System Horizon Planning–Part I: Formulation","R. H. Fletcher; K. Strunz","Everett, WA, USA; Department of Electrical Engineering, University of Washington, Seattle, WA, USA",IEEE Transactions on Power Systems,"30 Apr 2007","2007","22","2","791","799","This paper is the first of a two-part paper on optimal distribution system planning. The horizon distribution planning problem and optimal distribution system model formulation are described. The horizon planning mission is to minimize future costs by determining optimal design parameters given assumptions about the future. Prior work addressed short-range and expansion planning of subsets or combinations of design parameters. The many distribution requirements and associated constraints inhibited an all-inclusive evaluation of total horizon design requirements for the 20+ year period. The proposed model and optimization formulation provides a generalized horizon planning approach and introduce a fully functioning comprehensive horizon planning model using a perspective that encompasses all necessary parameters and constraints. Parameters include: substation and distribution transformer capacities; number, size, and lengths of distribution feeders and secondary conductors; and primary voltage class. Optimal design voltage drops and reliability indices are determined. The horizon planning optimization application is described and solved in the second companion paper using continuous constrained nonlinear programming methods. The application is demonstrated with Snohomish PUD case studies","1558-0679","","10.1109/TPWRS.2007.895173","","https://ieeexplore.ieee.org/stamp/stamp.jsp?arnumber=4162591","Circuit optimization;losses;minimization methods;optimization methods;power distribution economics;power distribution lines;power distribution planning","Cost function;Substations;Optimization methods;Power distribution;Power system planning;Constraint optimization;Conductors;Minimization methods;Voltage;Power system reliability","","76","1","30","IEEE","30 Apr 2007","May 2007","","IEEE","IEEE Journals"
"Voltage Quality Assessment in a Distribution System With Distributed Generation—A Probabilistic Load Flow Approach","J. M. Sexauer; S. Mohagheghi","Colorado School of Mines, Golden, CO, US; Electrical Engineering and Computer Science Department, Colorado School of Mines, Golden, CO, USA",IEEE Transactions on Power Delivery,"20 Jun 2013","2013","28","3","1652","1662","There has been growing concern in distribution system planning regarding the potential impacts of distributed generation (DG) on power quality, specifically with regards to voltage limits, voltage imbalance, and flicker. The intermittent nature of renewable energy resources, such as wind and solar, makes a deterministic approach infeasible. It has been shown in the literature that probabilistic approaches must be adopted to truly assess the impact of DG units on the power system. This paper presents the findings of a probabilistic load-flow-based approach regarding the effects of renewable energy resources on the voltage quality in a distribution system. Statistical models have been utilized for modeling load, wind speed, and solar irradiance. Due to the unique nature of analysis, short duration variations of renewable resources have been modeled and taken into account. Simulation results are provided indicating how voltage quality is affected by distributed generation, especially on feeders with voltage regulators.","1937-4208","","10.1109/TPWRD.2013.2259599","","https://ieeexplore.ieee.org/stamp/stamp.jsp?arnumber=6515718","Distributed generation (DG) integration;flicker;power quality (PQ);probabilistic load flow;solar energy;voltage quality;wind energy","Load modeling;Voltage control;Wind turbines;Probabilistic logic;Random variables;Capacitors;Planning","","58","","30","IEEE","16 May 2013","July 2013","","IEEE","IEEE Journals"
"New Multi-Stage and Stochastic Mathematical Model for Maximizing RES Hosting Capacity—Part II: Numerical Results","S. F. Santos; D. Z. Fitiwi; M. Shafie-khah; A. W. Bizuayehu; C. M. P. Cabrita; J. P. S. Catalão","INESC-ID, Instituto Superior Técnico University of Lisbon, Lisbon, Portugal; INESC-ID, Instituto Superior Técnico University of Lisbon, Lisbon, Portugal; Faculty of Engineering, University of Porto, Porto, Portugal; INESC-ID, Instituto Superior Técnico University of Lisbon, Lisbon, Portugal; CISE-Electromechatronic Systems Research Centre, University of Beira Interior, Covilha, Portugal; INESC-ID, Instituto Superior Técnico University of Lisbon, Lisbon, Portugal",IEEE Transactions on Sustainable Energy,"20 May 2017","2017","8","1","320","330","A new multistage and stochastic mathematical model of an integrated distribution system planning problem is described in Part I. The efficiency and validity of this model are tested by carrying out a case study on a standard IEEE 41-bus radial distribution system. The numerical results show that the simultaneous integration of energy storage systems (ESSs) and reactive power sources largely enables a substantially increased penetration of variable generation (wind and solar) in the system, and consequently, reduces overall system costs and network losses. For the system, a combined wind and solar PV power of up to nearly three times the base-case peak load is installed over a three-year planning horizon. In addition, the proposed planning approach also considerably defers network expansion and/or reinforcement needs. Generally, it is clearly demonstrated in an innovative way that the joint planning of distributed generation, reactive power sources, and ESSs, brings significant improvements to the system such as reduction of losses, electricity cost, and emissions as a result of increased renewable energy sources (RESs) penetration. Besides, the proposed modeling framework considerably improves the voltage profile in the system, which is crucial for a normal operation of the system as a whole. Finally, the novel planning model proposed can be considered as a major leap forward toward developing controllable grids, which support large-scale integration of RESs","1949-3037","","10.1109/TSTE.2016.2584122","FEDER; COMPETE; Portuguese funds; FCT(grant numbers:FCOMP-01-0124-FEDER-020282,PTDC/EEA-EEL/118519/2010,UID/CEC/50021/2013); EU Seventh Framework Programme(grant numbers:309048); University of Beira Interior; Engineering Faculty; ","https://ieeexplore.ieee.org/stamp/stamp.jsp?arnumber=7498662","Distributed generation;distribution network systems;energy storage systems;integrated planning;renewable energy sources;stochastic programming","Planning;Investment;Reactive power;Capacitors;Substations;Stochastic processes;Mathematical model","","54","","9","IEEE","23 Jun 2016","Jan. 2017","","IEEE","IEEE Journals"
"Leveraging Standards to Create an Open Platform for the Development of Advanced Distribution Applications","R. B. Melton; K. P. Schneider; E. Lightner; T. E. Mcdermott; P. Sharma; Y. Zhang; F. Ding; S. Vadari; R. Podmore; A. Dubey; R. W. Wies; E. G. Stephan","Pacific Northwest National Laboratory, Richland, WA, USA; Pacific Northwest National Laboratory, Richland, WA, USA; U.S. Department of Energy, Washington, DC, USA; Pacific Northwest National Laboratory, Richland, WA, USA; Pacific Northwest National Laboratory, Richland, WA, USA; National Renewable Energy Laboratory, Golden, CO, USA; National Renewable Energy Laboratory, Golden, CO, USA; Modern Grid Solutions, Redmond, WA, USA; Incremental Systems Corporation, Bellevue, WA, USA; Department of Electrical Engineering and Computer Science, Washington State University, Pullman, WA, USA; Department of Electrical Engineering, University of Alaska Fairbanks, Fairbanks, AK, USA; Pacific Northwest National Laboratory, Richland, WA, USA",IEEE Access,"23 Jul 2018","2018","6","","37361","37370","Modern electric power distribution systems are data rich and include growing numbers of distributed energy resources and distribution automation. To take advantage of distribution automation and manage growing penetrations of distributed energy resources, distribution utilities need applications for planning and operations that use all available data and may incorporate distributed approaches to operate and control. The industry would benefit from distribution management applications based on a common platform that makes systems of each type interchangeable. This paper describes an approach to enabling cost-effective development and deployment of advanced applications for distribution system planning and operations based on development of an open-source, standards-based platform for application development called GridAPPS-D, which leverages data abstractions for application development based on standards, such as the distribution system common information model.","2169-3536","","10.1109/ACCESS.2018.2851186","U.S. Department of Energy(grant numbers:DEAC05-76RL01830); Pacific Northwest National Laboratory(grant numbers:DE-AC36-08GO28308); National Renewable Energy Laboratory; ","https://ieeexplore.ieee.org/stamp/stamp.jsp?arnumber=8397161","Distribution system analysis;dynamic simulation;power modeling;power simulation;smart grid","Unified modeling language;Data models;Planning;Standards;Distributed databases;Energy resources","","50","","20","CCBY","27 Jun 2018","2018","","IEEE","IEEE Journals"
"A Novel Data-Driven Method for Behind-the-Meter Solar Generation Disaggregation With Cross-Iteration Refinement","K. Pan; Z. Chen; C. S. Lai; C. Xie; D. Wang; Z. Zhao; X. Wu; N. Tong; L. Lei Lai; N. D. Hatziargyriou","Department of Control Engineering, School of Automation and the Department of Electrical Engineering, School of Automation, Guangdong University of Technology, Guangzhou, China; Department of Electrical Engineering, School of Automation, Guangdong University of Technology, Guangzhou, China; Department of Electrical Engineering, School of Automation, Guangdong University of Technology, Guangzhou, China; Department of Electrical Engineering, School of Automation, Guangdong University of Technology, Guangzhou, China; System Design and Engineering Department, Australian Energy Market Operator, Melbourne, VIC, Australia; Department of Electrical Engineering, School of Automation, Guangdong University of Technology, Guangzhou, China; Department of Electrical Engineering, School of Automation, Guangdong University of Technology, Guangzhou, China; Department of Electrical Engineering, School of Automation, Guangdong University of Technology, Guangzhou, China; Department of Control Engineering, School of Automation and the Department of Electrical Engineering, School of Automation, Guangdong University of Technology, Guangzhou, China; School of Electrical and Computer Engineering, National Technical University of Athens, Athens, Greece",IEEE Transactions on Smart Grid,"23 Aug 2022","2022","13","5","3823","3835","Photovoltaic (PV) generation is increasing in distribution systems following policies and incentives to promote zero-carbon emission societies. Most residential PV systems are installed behind-the-meter (BTM). Due to single meter deployment that measures the net load only, this PV generation is invisible to distribution system operators causing a negative impact on the distribution system planning and local supply and demand balance. This paper proposes a novel data-driven BTM PV generation disaggregation method using only net load and weather data, without relying on other PV proxies and PV panels’ physical models. Long Short-Term Memory (LSTM) is employed to build a generation difference fitted model (GDFM) and a consumption difference fitted model (CDFM) derived from weather data. Both difference fitted models are refined by a cross-iteration with mutual output. Finally, considering the photoelectric conversion properties, the disaggregated generation results are acquired by the refined GDFM of changing input. The proposed method has been tested with actual smart meter data of Austin, Texas and proves to increase the disaggregated accuracy as compared to current state-of-the-art methods. The proposed method is also applicable to disaggregate BTM PV systems of different manufacturing processes and types.","1949-3061","","10.1109/TSG.2022.3171656","National Natural Science Foundation of China(grant numbers:51907031); Guangdong Basic and Applied Basic Research Foundation (Guangdong–Guangxi Joint Foundation)(grant numbers:2021A1515410009); Department of Finance and Education of Guangdong Province 2016 [202]: Key Discipline Construction Program, China; Education Department of Guangdong Province: New and Integrated Energy System Theory and Technology Research Group(grant numbers:2016KCXTD022); Brunel University London BRIEF Funding; ","https://ieeexplore.ieee.org/stamp/stamp.jsp?arnumber=9766031","Data-driven;behind-the-meter;photovoltaic generation disaggregation;machine learning","Load modeling;Hidden Markov models;Data models;Meteorology;Automation;Phasor measurement units;Meters","","23","","40","IEEE","2 May 2022","Sept. 2022","","IEEE","IEEE Journals"
"Load Forecasting for Distribution Planning-Error and Impact on Design","H. L. Willis","Advanced Systems Technology, Westinghouse Electric Corporation, Pittsburgh, PA, USA",IEEE Transactions on Power Apparatus and Systems,"26 Feb 2007","1983","PAS-102","3","675","686","An investigation is made into the impact of small area load forecast errors on the planning of a power distribution system. It is shown that traditional error measures are inadequate as indicators of forecast quality. A new method of studying a power system is described. The technique is a 2-D spatial frequency analysis of power system configuration. A new error measure, based on this technique, is described and shown to assess errors proportional to their likely impact on system design. It reveals a number of concepts useful for improving load forecasting and distribution system planning.","0018-9510","","10.1109/TPAS.1983.318028","","https://ieeexplore.ieee.org/stamp/stamp.jsp?arnumber=4111983","","Load forecasting;Power system planning;Testing;Power system analysis computing;Power system measurements;System analysis and design;Computer errors;Error analysis;Power distribution;Time measurement","","18","","28","IEEE","26 Feb 2007","March 1983","","IEEE","IEEE Journals"
"Unlocking Virtual Feeder Hosting Capability for Renewable Integrations via P2P Ancillary Service Trading","Q. -Y. Zheng; S. Catun; M. A. M. Manaz; C. -N. Lu","National Sun Yat-sen University, Kaohsiung, Taiwan; National Sun Yat-sen University, Kaohsiung, Taiwan; National Sun Yat-sen University, Kaohsiung, Taiwan; National Sun Yat-sen University, Kaohsiung, Taiwan",IEEE Transactions on Industry Applications,"19 Aug 2025","2025","61","5","8100","8110","Facing climate change, the net zero challenge, the RE100 global initiative, and the EU carbon border adjustment mechanism (CBAM) have led to a greater appetite for green energy and resulted in increased interconnections of distributed energy resources (DER) to the power grid. This paradigm shift in energy mix comes with operational challenges, such as bi-directional power flows, power quality, and line overloads in areas without sufficient hosting capacity. Distribution feeder renewable hosting capacity was conservatively determined by the distribution system operator (DSO) based on factors such as thermal ratings of network components, voltage regulation, short circuit level, and power quality considerations. Better utilization of network resources and higher hosting capacity can be realized by employing smart, flexible DER dispatch mechanisms. Considering system security requirements, this paper showcases dynamic “virtual feeder capacities” obtainable from proactive peer-to-peer (P2P) blockchain-based ancillary service trading through a decentralized marketplace. Numerical simulations and cost-benefit analyses results indicate that leveraging ancillary services from increased prosumer participations could resolve potential intermittent operation security problems and unlock additional capacity for higher renewable integrations in the existing distribution networks to boost RE100 goal and serve as non-wire alternatives in integrated distribution system planning.","1939-9367","","10.1109/TIA.2025.3567412","National Science and Technology Council(grant numbers:NSTC 112-2221-E-110-006); ","https://ieeexplore.ieee.org/stamp/stamp.jsp?arnumber=10989488","Decentralized voltage regulation;distributed energy resources;energy blockchain;energy market;hosting capacity;inverter-based resources;renewable energy","Renewable energy sources;Distributed power generation;Blockchains;Peer-to-peer computing;Voltage control;Power system dynamics;Smart contracts;Voltage control;Real-time systems;Reactive power;Climate change","","1","","33","IEEE","6 May 2025","Sept.-Oct. 2025","","IEEE","IEEE Journals"
"Robust Switch Selection in Radial Distribution Systems Using Combinatorial Optimization","H. Mavalizadeh; O. Homaee; R. Dashti; J. M. Guerrero; H. H. Alhelou; P. Siano","Fanavaran Moj Khatam, Tehran, Iran; School of Electrical Engineering, Iran University of Science and Technology, Tehran, Iran; School of Advanced Technologies, Iran University of Science and Technology, Tehran, Iran; Department of Energy Technology, Centre for Research on Microgrids (CROM), Aalborg University, Aalborg, Denmark; Department of Electrical Power Engineering, Faculty of Mechanical and Electrical Engineering, Tishreen University, Lattakia, Syria; Department of Management & Innovation Systems, University of Salerno, Fisciano, Italy",CSEE Journal of Power and Energy Systems,"30 May 2022","2022","8","3","933","940","Selecting the best type of equipment among available switches with different prices and reliability levels is a significant challenge in distribution system planning. In this paper, the optimal type of switches in a radial distribution system is selected by considering the total cost and reliability criterion and using the weighted augmented epsilon constraint method and combinatorial optimization. A new index is calculated to assess the robustness of each Pareto solution. Moreover, for each failure, repair time is considered based on historical data. Monte Carlo simulations are used to consider the switch failure uncertainty and fault repair time uncertainty in the model. The proposed framework is applied to an RTBS Bus-2 test system. Furthermore, the model is also applied to an industrial system to verify the proposed method's excellent performance in larger practical engineering problems.","3066-9308","","10.17775/CSEEJPES.2020.05660","","https://ieeexplore.ieee.org/stamp/stamp.jsp?arnumber=9666829","Combinatorial optimization;Monte Carlo Simulation;multi-objective optimization;radial distribution system;reliability;robustness","Switches;Reliability;Costs;Robustness;Load modeling;Optimization;Uncertainty","","","","27","","30 Dec 2021","May 2022","","CSEE","CSEE Journals"
"Customer Classification and Load Profiling Method for Distribution Systems","A. Mutanen; M. Ruska; S. Repo; P. Jarventausta","Department of Electrical Energy Engineering, Tampere University of Technology, Tampere, Finland; VTT Technical Research Center of Finland, Espoo, Finland; Department of Electrical Energy Engineering, Tampere University of Technology, Tampere, Finland; Department of Electrical Energy Engineering, Tampere University of Technology, Tampere, Finland",IEEE Transactions on Power Delivery,"23 Jun 2011","2011","26","3","1755","1763","In Finland, customer class load profiles are used extensively in distribution network calculation. State estimation systems, for example, use the load profiles to estimate the state of the network. Load profiles are also needed to predict future loads in distribution network planning. In general, customer class load profiles are obtained through sampling in load research projects. Currently, in Finland, customer classification is based on the uncertain customer information found in the customer information system. Customer information, such as customer type, heating solution, and tariff, is used to connect the customers with corresponding customer class load profiles. Now that the automatic meter-reading systems are becoming more common, customer classification and load profiling could be done according to actual consumption data. This paper proposes the use of the ISODATA algorithm for customer classification. The proposed customer classification and load profiling method also includes temperature dependency correction and outlier filtering. The method is demonstrated in this paper by studying a set of 660 hourly metered customers.","1937-4208","","10.1109/TPWRD.2011.2142198","","https://ieeexplore.ieee.org/stamp/stamp.jsp?arnumber=5771144","Clustering;ISODATA;K-means;load profiles;load research","Load modeling;Temperature dependence;Electricity;Temperature measurement;Indexes;Energy consumption;Land surface temperature","","154","","18","IEEE","19 May 2011","July 2011","","IEEE","IEEE Journals"
"Overview of Electric Energy Distribution Networks Expansion Planning","V. Vahidinasab; M. Tabarzadi; H. Arasteh; M. I. Alizadeh; M. Mohammad Beigi; H. R. Sheikhzadeh; K. Mehran; M. S. Sepasian","Department of Electrical Engineering, Abbaspour School of Engineering, Shahid Beheshti University, Tehran, Iran; Department of Electrical Engineering, Abbaspour School of Engineering, Shahid Beheshti University, Tehran, Iran; Power System Planning and Operation Group, Niroo Research Institute, Tehran, Iran; Faculty of Electrical and Computer Engineering, Tarbiat Modares University, Tehran, Iran; Department of Electrical Engineering, Abbaspour School of Engineering, Shahid Beheshti University, Tehran, Iran; Department of Electrical Engineering, Abbaspour School of Engineering, Shahid Beheshti University, Tehran, Iran; School of Electronic Engineering and Computer Science, Queen Mary University of London, London, U.K.; Department of Electrical Engineering, Abbaspour School of Engineering, Shahid Beheshti University, Tehran, Iran",IEEE Access,"26 Feb 2020","2020","8","","34750","34769","Planning of the electric distribution networks is complex and about upgrading the system to satisfy the demand and constraints with the best economic plan. The planning alternatives include the expansion of substations, installing new distributed generation (DG) facilities, upgrading distribution feeders, etc. In the modern networks, distribution planners must gain the confidence of the reversibility of the investment where renewable energy resources (RERs) inject clean and cost-effective electrical power to respond to the rising demand and satisfy environmental standards. This paper is an exhaustive review on the distribution network expansion planning (DEP) including the modelling of DEP (possible objective functions, problem constraints, different horizon time, and problem variables), optimization model (single/multi-objective), the expansion of distributed energy resources (DERs), problem uncertainties, etc. We discuss the requirements of integrated energy district master planning to avoid conflicts between the goal of independence of district planning on energy, e.g. heat and electricity, and that of dependencies on the local electric utilities regarding instant power balance and stability services. Finally, we describe the primary future R&D trends in the field of distribution network planning.","2169-3536","","10.1109/ACCESS.2020.2973455","DFID; Engineering and Physical Sciences Research Council; ","https://ieeexplore.ieee.org/stamp/stamp.jsp?arnumber=8995556","Distribution expansion planning;distributed energy resources;multi-objective optimization;decomposition optimization;uncertainty handling","Planning;Distribution networks;Substations;Linear programming;Reliability;Investment;Standards","","136","","184","CCBY","12 Feb 2020","2020","","IEEE","IEEE Journals"
"A Fast Adequacy Analysis for Radial Distribution Networks Considering Reconfiguration and DGs","A. Arefi; G. Ledwich; G. Nourbakhsh; B. Behi","Discipline of Engineering and Energy, Murdoch University, Perth, Australia; School of Electrical Engineering and Robotics, Queensland University of Technology, Brisbane, Australia; School of Electrical Engineering and Robotics, Queensland University of Technology, Brisbane, Australia; Discipline of Engineering and Energy, Murdoch University, Perth, Australia",IEEE Transactions on Smart Grid,"20 Aug 2020","2020","11","5","3896","3909","The current searching schemes in reliability evaluation of radial distribution systems require complicated and extensive codes, that contribute to the majority of the CPU times. This paper proposes a new one-step method operating with a set of binary descriptor matrices, replacing the searching, to calculate load and system reliability indices. In this technique, `fuse to branch' and `switch to branch' are introduced and employed to facilitate the solutions along with the use of bus-injection to branch-current matrices. In this approach, the cross-connects operation, islanding mode of small-scale DGs, and network constraints are also considered as part of the adequacy evaluation. The proposed technique is highly efficient for long-term distribution network planning and optimization where many cross-connects are involved. The proposed technique is applied to RBTS Bus 2 and 4, as well as a realistic 747-node distribution network. Results for the large distribution planning of the 747-node network demonstrate the computational time is reduced from 61 days using the traditional method to 4.6 hours based on the proposed technique.","1949-3061","","10.1109/TSG.2020.2977211","Queensland Government through the National and International Research Alliances Program; Energy Queensland; Murdoch University through the internal Strategic Research Fund (SRF)(grant numbers:TSG-00223-2019); ","https://ieeexplore.ieee.org/stamp/stamp.jsp?arnumber=9018064","Adequacy evaluation;battery;electric distribution network;distributed generation;failure rate;reliability;SAIDI;SAIFI;unavailability","Switches;Planning;Fuses;Reliability engineering;1/f noise;Power system reliability","","30","","27","IEEE","28 Feb 2020","Sept. 2020","","IEEE","IEEE Journals"
"Field Trial of Coordinated Control of PV and Energy Storage Units and Analysis of Power Quality Measurements","O. S. Nduka; L. P. Kunjumuhammed; B. C. Pal; A. Majumdar; Y. Yu; S. Maiti; A. R. Ahmadi","Control and Power Group, Imperial College London, London, U.K.; Power System Group, Mitsubishi Electric Europe BV, London, U.K.; Control and Power Group, Imperial College London, London, U.K.; DEPsys SA, Lausanne, Switzerland; Control and Power Group, Imperial College London, London, U.K.; Department of Electrical Engineering, IIT Kharagpur, Kharagpur, India; Smart Grid Development, UK Power Networks, London, U.K.",IEEE Access,"7 Jan 2020","2020","8","","1962","1974","Trends support low voltage distribution networks will soon experience significant uptake of customer-owned low-carbon technology (LCT) devices especially rooftop photovoltaics (PVs) and small-scale energy storage (SSES) systems. This paradigm shift will introduce some significant challenges in modern distribution network planning and operations owing to the temporal nature of modern demand. Therefore, it became relevant to investigate the UK low voltage (LV) network operations considering high uptake of PVs and SSESs through both field measurements and desktop studies. The aim was to validate through field trials, the flexibility benefits of peak demand reduction and reverse power flow mitigation through smart control of customer-owned SSESs. It was shown that peak demand of up to 60% could be achieved in UK distribution network through the smart control of these devices. In tandem with the demand reduction, the study revealed that type-tested SSES power interface units do not pose significant power quality risks even for 100% customer penetration.","2169-3536","","10.1109/ACCESS.2019.2961134","UK Power Networks NIA (Network Innovation Allowance) project(grant numbers:NIA_UKPN0021); ","https://ieeexplore.ieee.org/stamp/stamp.jsp?arnumber=8937556","Ancillary services;coordinated control;distribution networks;low carbon technology;low voltage;photovoltaics;power quality;small-scale energy storage systems","Harmonic analysis;Energy storage;Distribution networks;Power quality;Europe;Market research;Current measurement","","14","","37","CCBY","20 Dec 2019","2020","","IEEE","IEEE Journals"
"Planning Mechanism Design and Benefit Analysis of Electric Energy Substitution: A Case Study of Tobacco Industry in Yunnan Province, China","K. Liu; Q. Wang; Z. Luo; X. Zhao; S. Su; X. Zhang","Faculty of Electric Power Engineering, Kunming University of Science and Technology, Kunming, China; Faculty of Electric Power Engineering, Kunming University of Science and Technology, Kunming, China; Faculty of Electric Power Engineering, Kunming University of Science and Technology, Kunming, China; Yunnan Power Grid Company Ltd., Electric Power Institute, Kunming, China; Yunnan Power Grid Company Ltd., Electric Power Institute, Kunming, China; Yunnan Power Grid Company Ltd., Electric Power Institute, Kunming, China",IEEE Access,"22 Jan 2020","2020","8","","12867","12883","The problem of fossil energy shortage and pollution has become increasingly prominent. In China, government-led electric energy substitution projects are being carried out in nationwide, aiming at the end of energy consumption links, using electricity instead of coal-fired and oil-fired energy consumption, in order to optimize the energy structure and achieve the goal of energy conservation and emission reduction. Aiming at the planning and benefit sharing of electric energy substitution project, this research first designs the planning mechanism of electric energy substitution for productive users, analyses distribution network planning, transformation subsidy and so on, and puts forward three schemes. Secondly, based on the cooperative game theory, the benefit allocation model of electric energy substitution project is established. Finally, we take the flue-cured tobacco project about replacing coal with electricity in three areas of Yunnan province as an example to analyze, optimize the game strategy, and put forward three indicators to measure the benefits of the participants in the project. The pollution reduction situation that can not be converted into economic benefits is counted. The modeling results show that the density of users geographically will directly affect the cost of the distribution network transformation. The coal flue-cured tobacco heat loss and serious pollution, after optimization, power grid enterprises can quickly recover investment.","2169-3536","","10.1109/ACCESS.2020.2964696","National Natural Science Foundation of China(grant numbers:51907084); Yunnan Provincial Talents Training Program(grant numbers:KKSY201704027); Yunnan Provincial Department of Education(grant numbers:2018JS032); ","https://ieeexplore.ieee.org/stamp/stamp.jsp?arnumber=8951172","Electric energy substitution;mechanism design;benefit analysis;tobacco industry","Planning;Coal;Energy consumption;Industries;Resistance heating","","14","","52","CCBY","7 Jan 2020","2020","","IEEE","IEEE Journals"
"Direct Current Transformer Impact on the DC Power Distribution Networks","R. Pillon Barcelos; D. Dujić","Power Electronics Laboratory, EPFL, Lausanne, Switzerland; Power Electronics Laboratory, EPFL, Lausanne, Switzerland",IEEE Transactions on Smart Grid,"21 Jun 2022","2022","13","4","2547","2556","The latest developments in dc transformer technology are enabling larger and more complex dc power distribution systems. However, the literature is scarce regarding the investigation and quantification of its impact on the dc grid. Therefore, this paper analyses the impact of the dc transformer location on the system’s characteristics to provide enough information to predict the system performances for future dc grids. To determine the critical resonant frequencies of the system, the power converters outer control loop dynamic are included to provide a better representation in frequency domain, and enable its evaluation for the addition of new equipment to the power distribution network. The proposed solution has an expansible methodology, allowing its application in large systems and easy impedance response assessment. Moreover, the proposed solution is independent of the ac grid backup solutions, allowing the dc power distribution network planning to deal only with the dc variables. Finally, theoretical developments are validated using simulations, and the steady-state and impedance identification process is described in detail.","1949-3061","","10.1109/TSG.2022.3162310","European Research Council (ERC) under the European Union’s Horizon 2020 Research and Innovation Programme through EMPOWER Project(grant numbers:818706); ","https://ieeexplore.ieee.org/stamp/stamp.jsp?arnumber=9743405","DC power system;DCT;impedance;modal analysis;multi converters","Discrete cosine transforms;Load modeling;Integrated circuit modeling;Voltage control;Impedance;Admittance;Resonant frequency","","10","","36","IEEE","25 Mar 2022","July 2022","","IEEE","IEEE Journals"
"Trade-Offs in Meter Deployment for Distribution Network State Estimation Considering Measurement Uncertainty","J. Xu; Z. Wu; Q. Hu; C. Zhu; X. Dou","School of Electrical Engineering, Southeast University, Nanjing, China; School of Electrical Engineering, Southeast University, Nanjing, China; School of Electrical Engineering, Southeast University, Nanjing, China; Zhejiang Electric Power Co., Ltd., Hangzhou, China; School of Electrical Engineering, Southeast University, Nanjing, China",IEEE Access,"4 Jun 2019","2019","7","","66123","66136","Future power distribution networks are characterized by changes of uncertain behavior due to the integration of distributed generators (DG) and prosumers, and the design of meter deployment is more critical for the safe and effective network monitoring system. The use of any available and the newly installed metering devices such as micro phasor measurement units (μPMU) and smart meters (SM), could offer much accurate and real-time measuring data. This paper investigates a novel meter deployment method for the distribution network planning, with the objective of ensuring the quality of the state estimation (SE) under consideration of measurement uncertainty, while keeping the total amount of heterogeneous meters at a minimum. In particular, the measurement uncertainty in the SE is depicted via the interval arithmetic (IA) theory, which could offer advantageous over the existing probabilistic and fuzzy approaches. The case studies and comparison results based on an actual distribution network demonstrate the feasibility of the proposed IA-based SE algorithm and the meter deployment method.","2169-3536","","10.1109/ACCESS.2019.2917928","National Natural Science Foundation of China(grant numbers:51677025); State Grid Corporation of China(grant numbers:52110417000A); Summit of the Six Top Talents’ Project of Jiangsu Province(grant numbers:XNY-005); Fundamental Research Funds for the Central Universities of China(grant numbers:KYLX16_0212); ","https://ieeexplore.ieee.org/stamp/stamp.jsp?arnumber=8718637","Power distribution network;meter deployment;state estimation;distributed generation;micro-phasor measurement unit;smart meter;measurement uncertainty","Meters;Measurement uncertainty;Uncertainty;Power systems;State estimation;Phasor measurement units;Optimization","","4","","41","OAPA","20 May 2019","2019","","IEEE","IEEE Journals"
"Optimal Siting and Sizing of Distributed Generators in Distribution Systems Considering Uncertainties","Z. Liu; F. Wen; G. Ledwich","South China University of Technology, Guangzhou, China; Gardens Point, Queensland University of Technology, Brisbane, QLD, Australia; Gardens Point, Queensland University of Technology, Brisbane, QLD, Australia",IEEE Transactions on Power Delivery,"10 Oct 2011","2011","26","4","2541","2551","Some uncertainties, such as the uncertain output power of a plug-in electric vehicle (PEV) due to its stochastic charging and discharging schedule, that of a wind generation unit due to the stochastic wind speed, and that of a solar generating source due to the stochastic illumination intensity, volatile fuel prices, and future uncertain load growth could lead to some risks in determining the optimal siting and sizing of distributed generators (DGs) in distribution system planning. Given this background, under the chance constrained programming (CCP) framework, a new method is presented to handle these uncertainties in the optimal siting and sizing of DGs. First, a mathematical model of CCP is developed with the minimization of the DGs' investment cost, operating cost, maintenance cost, network loss cost, as well as the capacity adequacy cost as the objective, security limitations as constraints, and the siting and sizing of DGs as optimization variables. Then, a Monte Carlo simulation-embedded genetic-algorithm-based approach is employed to solve the developed CCP model. Finally, the IEEE 37-node test feeder is used to verify the feasibility and effectiveness of the developed model and method, and the test results have demonstrated that the voltage profile and power-supply reliability for customers can be significantly improved and the network loss substantially reduced.","1937-4208","","10.1109/TPWRD.2011.2165972","","https://ieeexplore.ieee.org/stamp/stamp.jsp?arnumber=6026244","Chance-constrained programming;distributed generator;distribution system;genetic algorithm;Monte Carlo simulation;plug-in electric vehicle;siting and sizing","Distributed power generation;Monte Carlo methods;Uncertainty;Electric vehicles;Genetic algorithms","","373","","30","IEEE","23 Sep 2011","Oct. 2011","","IEEE","IEEE Journals"
"Critical Review of Data, Models and Performance Metrics for Wind and Solar Power Forecast","V. Prema; M. S. Bhaskar; D. Almakhles; N. Gowtham; K. U. Rao","Department of Electrical and Electronics Engineering, B.M.S. College of Engineering, Bengaluru, India; Department of Electrical Engineering, College of Engineering, Renewable Energy Laboratory, Prince Sultan University, Riyadh, Saudi Arabia; Department of Electrical Engineering, College of Engineering, Renewable Energy Laboratory, Prince Sultan University, Riyadh, Saudi Arabia; Department of Electrical and Electronics Engineering, Vidyavardhaka College of Engineering, Mysuru, India; Department of Electrical and Electronics Engineering, R.V. College of Engineering, Bengaluru, India",IEEE Access,"6 Jan 2022","2022","10","","667","688","Global climatic changes and increased carbon footprints provided the main impetus for the decrease in the use of fossil fuels for electricity generation and transportation. Matured manufacturing technologies of solar PV panels and on-shore and off-shore windmills have brought down the cost of generation of electricity using solar energy on par with conventional fossil fuel. Initially, solar and wind power generation was envisioned for microgrids, serving small local communities. However, advancements in power electronics have now facilitated large solar and wind farms to be integrated with main power grids. In this context, hosting capacity, which is the amount of distributed energy resources a grid can accommodate, without significant infrastructure up-gradation, has gained importance. In determining the hosting capacity at a particular location, the uncertainties of wind and solar power generation play a role. Effective forecasting models using time-series weather data can be built to predict wind and solar power generation. This forecast is essential to ensure proper grid operation and control when renewable energy sources are already installed. The forecast is also useful in the planning stages for investment decisions and distribution system planning. While long-term forecasts are rarely needed for the operation of integrated grids, accurate short-term predictive models are necessary for scheduling. This paper presents an extensive review of various forecast models available in the literature. The study mainly focuses on the short-term forecast, providing a critical review of the duration of data used in each model and a synoptic comparison of their performance indices.","2169-3536","","10.1109/ACCESS.2021.3137419","Renewable Energy Laboratory (REL), Department of Communications and Networks Engineering, College of Engineering, Prince Sultan University, Riyadh, Saudi Arabia. The Article Processing Charges (APC) of this publication is paid by Prince Sultan University, Riyadh, Saudi Arabia; ","https://ieeexplore.ieee.org/stamp/stamp.jsp?arnumber=9658498","Forecast techniques;forecast models;solar power;wind power","Wind forecasting;Predictive models;Wind power generation;Biological system modeling;Renewable energy sources;Wind energy;Data models","","135","","156","CCBY","22 Dec 2021","2022","","IEEE","IEEE Journals"
"Distribution Network Expansion Planning With an Explicit Formulation for Reliability Assessment","G. Muñoz-Delgado; J. Contreras; J. M. Arroyo","Escuela Técnica Superior de Ingenieros Industriales, Universidad de Castilla-La Mancha, Ciudad Real, Spain; Escuela Técnica Superior de Ingenieros Industriales, Universidad de Castilla-La Mancha, Ciudad Real, Spain; Escuela Técnica Superior de Ingenieros Industriales, Universidad de Castilla-La Mancha, Ciudad Real, Spain",IEEE Transactions on Power Systems,"17 Apr 2018","2018","33","3","2583","2596","This paper investigates the multistage expansion planning problem of a distribution network considering reliability. Thus, the best alternative, location, and installation time for the candidate assets are identified while jointly accounting for economic and reliability aspects. As a major salient feature, the conventional simulation-based reliability assessment is equivalently implemented through algebraic expressions whereby the effect of the network topology is explicitly represented by decision variables of the optimization process. For expository purposes, the focus is placed on the expected energy not supplied, which is a widely-used metric for reliability assessment. The resulting optimization problem is cast as an instance of mixed-integer linear programming. Hence, unlike existing heuristic and metaheuristic solution techniques for reliability-constrained distribution system planning, the proposed approach is finitely convergent to the optimal solution and can be readily implemented using commercially available software. Simulation results show the effective performance of the proposed methodology.","1558-0679","","10.1109/TPWRS.2017.2764331","Ministry of Economy and Competitiveness of Spain(grant numbers:ENE2015-63879-R); Junta de Comunidades de Castilla-La Mancha(grant numbers:POII-2014-012-P,PRE2014/8064); Universidad de Castilla-La Mancha(grant numbers:GI20173944); ","https://ieeexplore.ieee.org/stamp/stamp.jsp?arnumber=8071028","Distribution network expansion planning;mixed-integer linear programming;multistage;reliability","Reliability;Planning;Power system reliability;Substations;Investment;Energy loss;Network topology","","107","","29","IEEE","18 Oct 2017","May 2018","","IEEE","IEEE Journals"
"Value-based distribution reliability assessment and planning","Rong-Liang Chen; K. Allen; R. Billinton","Scarborough Public Utilities Commission, Scarborough, ONT, Canada; Scarborough Public Utilities Commission, Scarborough, ONT, Canada; University of Saskatchewan, Saskatoon, SAS, Canada",IEEE Transactions on Power Delivery,"6 Aug 2002","1995","10","1","421","429","This paper presents a reliability assessment method for radial distribution systems. It combines, the radial network reliability and the customer interruption costs to form the Value-Based Distribution Reliability Assessment (VBDRA) methodology, which is a valuable tool for distribution system planning incorporating customer interruption costs. The proposed method is implemented in a Lotus 1-2-3 macro program with a specially designed data structure for the radial network. The analysis of the proposed computational method shows that the method is valid and fast in practical applications. Various applications of VBDRA planning at the Scarborough Public Utilities are reported in the paper.<>","1937-4208","","10.1109/61.368371","","https://ieeexplore.ieee.org/stamp/stamp.jsp?arnumber=368371","","Costs;Computer network reliability;Maintenance;Equipment failure;Decision making;Data structures;Databases;Failure analysis;History;Power industry","","43","","28","IEEE","6 Aug 2002","Jan. 1995","","IEEE","IEEE Journals"
"Soft Open Points-Assisted Resilience Enhancement of Power Distribution Networks Against Cyber Risks","L. Ma; L. Wang; Z. Liu","Department of Electrical Engineering and Computer Science, University of Wisconsin-Milwaukee, Milwaukee, WI, USA; Department of Electrical Engineering and Computer Science, University of Wisconsin-Milwaukee, Milwaukee, WI, USA; Department of Electrical Engineering and Computer Science, University of Wisconsin-Milwaukee, Milwaukee, WI, USA",IEEE Transactions on Power Systems,"23 Dec 2022","2023","38","1","31","41","Cyberattacks are increasingly threatening the normal operation of electric power grids. The purpose of this study is to develop an optimization model for planning and operation of distribution systems to enhance the resilience to cyberattacks. A new distribution system planning method is presented utilizing a Defender-Attacker-Defender (DAD) tri-level model to improve the system resilience to withstand potential disruptions from cyberattacks. In the first level of the model, the system planner optimizes the Soft Open Points (SOPs) installation in the planning stage. The attacker’s objective in the second level of the model is to change the status of the network circuit breakers and jam the communication maximizing disruption of the system. The optimization of Distribution Generators’ (DGs’) outputs, SOPs’ power flow, and topology reconfiguration are comprehensively considered in the third level. The novel model presented in this paper considers hardening measures of the SOPs in response to the attacks on distribution systems. The Column and Constraint Generation (C&CG) algorithm is utilized to solve the proposed DAD model. A procedure is devised to solve the two-layer subproblem (the Attacker-Defender model), with the bottom layer being a Mixed Integer Second Order Cone Programming (MISOCP) problem. Finally, the proposed models are validated in 33-bus and 135-bus test systems. The results show that the installation of SOPs significantly improves the service restoration under cyberattacks. Both the number and location of SOPs influence the extent of restored service, and differing SOP allocation schemes may lead to similar restoration outcomes. The proposed models and techniques could also be extended to deal with other similar problems in industrial cyber-physical systems.","1558-0679","","10.1109/TPWRS.2022.3165169","National Science Foundation(grant numbers:ECCS1711617); ","https://ieeexplore.ieee.org/stamp/stamp.jsp?arnumber=9750876","Distribution systems;Defender-Attacker-Defender (DAD) model;soft open points;power system resilience","Optimization;Resilience;Power systems;Power measurement;Planning;Mathematical models;Load modeling","","42","","30","IEEE","6 Apr 2022","Jan. 2023","","IEEE","IEEE Journals"
"Optimal Feeder Routing Based on the Bacterial Foraging Technique","S. Singh; T. Ghose; S. K. Goswami","Department of Electrical and Electronics Engineering, Birla Institute of Technology, Mesra, India; Department of Electrical and Electronics Engineering, Birla Institute of Technology, Mesra, India; Department of Electrical Engineering, Jadavpur University, Kolkata, India",IEEE Transactions on Power Delivery,"22 Dec 2011","2012","27","1","70","78","A new method for optimal feeder routing in radial distribution system planning has been reported in this paper. This method harnesses the efficacy of the bacterial foraging technique for solving combinatorial optimization problems with faster convergence and enhanced probability to achieve a global optimum solution of the distribution planning problem. In this new planning method, bacterial foraging technique is used in a different way so that it does not require tuning of all parameters. The planning algorithm provides optimal feeder routes to connect the load nodes. The result of test cases reflects the potential of this new planning technique in optimizing the network structure.","1937-4208","","10.1109/TPWRD.2011.2166567","","https://ieeexplore.ieee.org/stamp/stamp.jsp?arnumber=6035751","Algorithms;load-flow analysis;networks;optimization methods;power distribution planning","Equations;Routing;Mathematical model;Optimization","","33","","15","IEEE","6 Oct 2011","Jan. 2012","","IEEE","IEEE Journals"
"ST-NILM: A Wavelet Scattering-Based Architecture for Feature Extraction and Multilabel Classification in NILM Signals","E. L. de Aguiar; L. da Silva Nolasco; A. E. Lazzaretti; D. R. Pipa; H. S. Lopes","Department of Electronics, Federal University of Technology–Paraná, Curitiba, Brazil; Department of Electronics, Federal University of Technology–Paraná, Curitiba, Brazil; Department of Electronics, Federal University of Technology–Paraná, Curitiba, Brazil; Department of Electronics, Federal University of Technology–Paraná, Curitiba, Brazil; Department of Electronics, Federal University of Technology–Paraná, Curitiba, Brazil",IEEE Sensors Journal,"1 Apr 2024","2024","24","7","10540","10550","Nonintrusive load monitoring (NILM) is a relevant tool for improving energy consumption habits, contributing to energy conservation and distribution system planning. In recent years, high-frequency strategies using deep learning have been presented in the literature, achieving the state-of-the-art results for detection, feature extraction, and classification of aggregated electrical loads, particularly with the architecture defined as deep neural network model for detection, feature extraction, and multilabel classification (DeepDFML). DeepDFML used a deep convolutional network (DCN) whose trained weights were shared for different output fully connected networks. The performance of DeepDFML depended on the availability of data and data augmentation (DA) strategies. Given this scenario, we propose the ST-NILM, a new integrated architecture based on the scattering transform (ST). ST-NILM has a DCN with analytical wavelet-based nontrained weights, shared with fully connected output networks that perform event detection and multilabel classification of aggregate loads. We compared ST-NILM and DeepDFML for the LIT-SYN dataset. ST-NILM achieved equivalent detection results to DeepDFML for two and three aggregated loads and performed better for single loads. The hardware implementation shows that ST-NILM consumes less memory, less GPU load, and substantially less computational effort than DeepDFML. ST-NILM presents comparable or even superior results than other state-of-the-art deep-learning-based methods.","1558-1748","","10.1109/JSEN.2024.3360188","CNPq for the Research(grant numbers:306569/2022-1); ","https://ieeexplore.ieee.org/stamp/stamp.jsp?arnumber=10436052","Deep learning;multilabel classification;nonintrusive load monitoring (NILM);wavelet scattering","Feature extraction;Convolutional neural networks;Time-frequency analysis;Scattering;Sensors;Data mining","","31","","48","IEEE","13 Feb 2024","1 April1, 2024","","IEEE","IEEE Journals"
"Nondetection Zone Analytics for Unintentional Islanding in a Distribution Grid Integrated With Distributed Energy Resources","Y. Li; P. Zhang; W. Li; J. N. Debs; D. A. Ferrante; D. J. Kane; S. N. Woolard; R. Kalbfleisch; K. B. Bowes; A. J. Kasznay","Department of Electrical and Computer Engineering, University of Connecticut, Storrs, CT, USA; Department of Electrical and Computer Engineering, University of Connecticut, Storrs, CT, USA; State Key Laboratory of Power Transmission Equipment and System Security and New Technology, Chongqing University, Chongqing, China; Eversource Energy, Berlin, CT, USA; Eversource Energy, Berlin, CT, USA; Eversource Energy, Berlin, CT, USA; Eversource Energy, Berlin, CT, USA; Eversource Energy, Berlin, CT, USA; Eversource Energy, Berlin, CT, USA; United Illuminating Company, New Haven, CT, USA",IEEE Transactions on Sustainable Energy,"14 Dec 2018","2019","10","1","214","225","Given the progressively deeper integration of distributed energy resources (DERs), evaluating the potential unintentional islanding hazards in distribution networks becomes increasingly important for distribution system planning and operations. In this paper, a rigorous theoretical analysis is used to devise a DER-driven nondetection zone (D$^{2}$NDZ) method, which is then implemented through a data-driven learning-based approach. Test results indicate that D$^{2}$NDZ can quickly and effectively estimate the nondetection zones for any given distribution feeders, while avoiding numerous and time-consuming electromagnetic transient simulations. D$^{2}$NDZ software has been deployed in Eversource Energy, a major power utility company in the northeastern U.S. In practice, D$^{2}$NDZ reduces utilities engineers’ case study time from months to just a few minutes.","1949-3037","","10.1109/TSTE.2018.2830748","National Science Foundation(grant numbers:1647209); Eversource Energy Center(grant numbers:6200980,6200990); ","https://ieeexplore.ieee.org/stamp/stamp.jsp?arnumber=8350338","DER-driven non-detection zone;distribute energy resource;non-detection zone;unintentional islanding;IEEE Standard 1547","Islanding;Reactive power;Carbon;Steady-state;Hazards;Planning;Companies","","27","","32","IEEE","26 Apr 2018","Jan. 2019","","IEEE","IEEE Journals"
"An improvement project for distribution transformer load management in Taiwan","Yen-Ting Chao; Sheng-Ta Lee; Hong-Chan Chang; Tsai-Hsiang Chen","Department of Electrical Engineering, National Taiwan University of Science and Technology, Taipei, Taiwan; Department of Electrical Engineering, National Taiwan University of Science and Technology, Taipei, Taiwan; Department of Electrical Engineering, National Taiwan University of Science and Technology, Taipei, Taiwan; Department of Electrical Engineering, National Taiwan University of Science and Technology, Taipei, Taiwan",IEEE Transactions on Power Systems,"13 May 2003","2003","18","2","875","881","This paper introduces an application program that is based on an automated mapping/facilities management/geographic information system (AM/FM/GIS) to provide information expectation, load forecasting, and power flow calculation capability in distribution systems. First, the database and related data structure used in the Taipower distribution automation pilot system is studied and thoroughly analyzed. Then, our program, developed by the AM/FM FRAMME and Visual Basic software, is integrated into the above pilot system. Moreover, this paper overcomes the weak points of the pilot system, such as difficult use, incomplete function, nonuniform sampling for billing and dispatch of bills and inability to simultaneously transfer customer data. This program can enforce the system and can predict future load growth on distribution feeders, considering the effects of temperature variation, and power needed for air-conditioners. In addition, on the basis of load density and diversity factors of typical customers, the saturation load of a new housing zone can be estimated. As for the power flow analysis, it can provide three-phase quantities of voltage drop at each node, the branch current, and the system loss. The program developed in this study can effectively aid public electric utilities in distribution system planning and operation.","1558-0679","","10.1109/TPWRS.2003.811001","","https://ieeexplore.ieee.org/stamp/stamp.jsp?arnumber=1198327","","Load management;Geographic Information Systems;Circuit faults;Energy management;Information management;Power system management;Load forecasting;Load flow;Visual databases;Data structures","","17","","13","IEEE","13 May 2003","May 2003","","IEEE","IEEE Journals"
"Phase Identification in Unobservable Distribution Systems","S. Dahale; A. Pahwa; B. Natarajan","Electrical and Computer Engineering, Kansas State University, Manhattan, USA; Electrical and Computer Engineering, Kansas State University, Manhattan, USA; Electrical and Computer Engineering, Kansas State University, Manhattan, USA",IEEE Transactions on Power Delivery,"22 Sep 2023","2023","38","5","3067","3075","Accurate network and phase connectivity models are crucial to distribution system planning, operations, and situational awareness. In this regard, this paper proposes a novel phase identification approach for unbalanced distribution networks where phases are insufficiently labeled and measurements are limited (i.e., system is unobservable). The proposed approach utilizes the nodal voltage magnitude measurements for clustering the graph representing the phase connectivity information. The proposed approach consists of an optimization formulation that infers the connectivity of the entire multi-phase distribution network in a single shot. Simulation results on IEEE 37, IEEE 123 and EPRI Ckt5 bus test system illustrate the ability of the proposed approach to accurately identify the phase labels under varying availability of data, phase labels errors, and unknown phase connectivity information. The accuracy of the proposed approach is above 90% under these different scenarios and offers gain over 70% over existing state of the art spectral clustering based approaches for phase identification.","1937-4208","","10.1109/TPWRD.2023.3266302","Department of Energy, Office of Energy Efficiency and Renewable Energy, Solar Energy Technologies Office(grant numbers:DE-EE0008767); ","https://ieeexplore.ieee.org/stamp/stamp.jsp?arnumber=10098964","Phase identification;distribution system;unobservability;clustering;graph signal processing","Voltage measurement;Phase measurement;Symmetric matrices;Optimization;Laplace equations;Topology;Substations","","13","","30","IEEE","11 Apr 2023","Oct. 2023","","IEEE","IEEE Journals"
"A MILP Model for Simultaneous Optimal Placement, Sizing, and Operation of PV Distributed Generation and D-STATCOMs in Distribution Systems","L. A. G. Pareja; O. G. Carmona; J. M. López-Lezama","Department of Electrical Engineering, Londrina State University (UEL), Londrina, Paraná, Brazil; Technological University of Pereira (UTP), Pereira, Risaralda, Colombia; Departamento de Ingeniería Eléctrica, Facultad de Ingeniería, Grupo de Investigación GIMEL, Universidad de Antioquia (UdeA), Medellín, Colombia",IEEE Access,"1 Sep 2025","2025","13","","149947","149964","The increasing penetration of photovoltaic distributed generation (PV-DG) and the growing demand for reactive power compensation in power distribution systems (PDS) require coordinated planning and operational strategies to improve system efficiency and stability. This paper presents a novel Mixed-Integer Linear Programming (MILP) model for the simultaneous optimal placement, sizing, and operation of both PV-DG units and Distribution Static Synchronous Compensators (D-STATCOMs) in radial PDS. The proposed model incorporates multi-period optimization, enabling the dynamic dispatch of active and reactive power from PV-DG units and D-STATCOMs based on hourly load profiles. In addition, it includes detailed modeling of network constraints, such as voltage limits, branch flow limits, and nodal power balance. The optimization problem is formulated in AMPL and solved using the CPLEX solver to ensure global optimality and computational efficiency. The model is validated on the IEEE 33-bus, 69-bus, and 136-bus test systems. The results show that the proposed coordinated planning and operation strategy achieves significant improvements, including reductions in active power losses of up to 68.63%, increases in voltage levels of up to 7.69%, and investment cost savings of up to 41.75%. The MILP-based model guarantees reproducibility and scalability, making it a robust and practical tool for modern distribution system planning.","2169-3536","","10.1109/ACCESS.2025.3602002","Coordination for the Improvement of Higher Education Personnel (CAPES), Case Number: 88881.770069/2022-01, DS (Social Demand Program)(grant numbers:FC001); Araucaria Foundation under Agreement 286/2022; Londrina State University (UEL), Brazil; ","https://ieeexplore.ieee.org/stamp/stamp.jsp?arnumber=11134423","Power distribution systems;photovoltaic generator;static synchronous compensator;mixed-integer linear programming;power losses","Automatic voltage control;Reactive power;Costs;Metaheuristics;Indexes;Load modeling;Load flow;Voltage;Planning;Optimization","","7","","46","CCBY","22 Aug 2025","2025","","IEEE","IEEE Journals"
"Accelerated Benders Decomposition for Enhanced Co-Optimized T&D System Planning","W. R. Faria; G. Muñoz-Delgado; J. M. Arroyo; J. Contreras; B. R. Pereira","Department of Electrical and Computer Engineering, University of São Paulo, São Carlos, SP, Brazil; Escuela Técnica Superior de Ingeniería Industrial, Universidad de Castilla-La Mancha, Ciudad Real, Spain; Escuela Técnica Superior de Ingeniería Industrial, Universidad de Castilla-La Mancha, Ciudad Real, Spain; Escuela Técnica Superior de Ingeniería Industrial, Universidad de Castilla-La Mancha, Ciudad Real, Spain; Department of Electrical and Computer Engineering, University of São Paulo, São Carlos, SP, Brazil",IEEE Transactions on Power Systems,"22 Apr 2025","2025","40","3","2297","2309","This paper addresses the decision-making problem associated with generation and network investments within the context of co-optimized transmission and distribution system planning. The proposed expansion planning problem differs from existing formulations due to the joint consideration of three major complicating factors. First, discrete generation investments are considered at both system levels, thereby requiring binary decision variables. Secondly, the nonlinear behavior of the distribution network is accurately modeled using second-order cone programming. In addition, both long- and short-term uncertainty sources are precisely characterized by a scenario-based stochastic programming framework. The proposed model is cast as a mixed-integer second-order cone program that is challenging for the methodologies previously used for solving simpler instances of co-optimized transmission and distribution planning. In order to circumvent this computational issue, this paper presents an enhanced and novel application of Benders decomposition featuring two acceleration strategies respectively tailored to the master problem and the subproblem into which the problem at hand is decomposed. Numerical simulations demonstrate the economic and operational advantages of the proposed approach, in the form of 75.2% cost savings and load shedding decrease down to 0, as well as its computational superiority over available solution techniques, which is backed by reductions in the running times ranging between 74.5% and 99.8%.","1558-0679","","10.1109/TPWRS.2024.3467909","Fundação de Amparo à Pesquisa do Estado de São Paulo(grant numbers:2021/04628-0); CNPq(grant numbers:408464/2023-2); EU Horizon Europe Programme(grant numbers:101160614); MICIN/AEI/10.13039/501100011033; ERDF/EU(grant numbers:PID2021-122579OBI00,PID2021-126566OB-I00); Junta de Comunidades de Castilla-La Mancha; Spanish Ministry of Finance and Civil Service; European Union Funds; ERDF(grant numbers:SBPLY/21/180501/000154); University of Castilla-La Mancha; European Commission; ERDF(grant numbers:2023-GRIN-34074); ","https://ieeexplore.ieee.org/stamp/stamp.jsp?arnumber=10693564","Benders decomposition;co-optimized transmission and distribution planning;network and generation investment decisions;stochastic programming","Indexes;Uncertainty;Planning;Investment;Biological system modeling;Generators;Costs","","6","","42","IEEE","25 Sep 2024","May 2025","","IEEE","IEEE Journals"
"Computerized Distribution Load Forecast for the City of Bangkok","V. Palayanon; A. Sinsawad; B. Juramongkorn; H. L. Willis; R. W. Powell; H. N. Tram","Metropolitan Electricity Authority, Bangkok, Thailand; Metropolitan Electricity Authority, Bangkok, Thailand; Metropolitan Electricity Authority, Bangkok, Thailand; Advanced Systems Technology, Westinghouse Electric Corporation, Pittsburgh, PA, USA; Advanced Systems Technology, Westinghouse Electric Corporation, Pittsburgh, PA, USA; Advanced Systems Technology, Westinghouse Electric Corporation, Pittsburgh, PA, USA",IEEE Transactions on Power Systems,"12 Nov 2007","1987","2","1","218","225","The primary purpose of load growth forecasting for distribution system planning is to provide an estimate of the future power needs of an electric utility. This estimate will be used as a guide on deciding when, where and how the new capacity must be built and how arrangements must be made for additional demand. Therefore, an accurate, good quality load forecast is essential to effective planning. In the wake of rapid growth and urban development in Bangkok, Thailand, the Metropolitan Electricity Authority (MEA) has implemented a new computerized technique to improve the quality of its distribution load forecast. This paper describes the technique and MEA's experience of its implementation and evaluation, which can benefit distribution planners of other urban cities.","1558-0679","","10.1109/TPWRS.1987.4335103","","https://ieeexplore.ieee.org/stamp/stamp.jsp?arnumber=4335103","","Distributed computing;Load forecasting;Cities and towns;Power system planning;Substations;Senior members;Power distribution;Capacity planning;Power industry;Technology planning","","5","","15","IEEE","12 Nov 2007","Feb. 1987","","IEEE","IEEE Journals"
"Two-Stage Chance-Constrained Flexible Interconnection Planning for Distribution Areas: A Sampling-Decomposition Approach","J. Li; Q. Rao; Z. Shuai; L. Zhu; C. Zhang; Q. Zhou","Hunan Engineering Research Center for Electric Power Emergency Technology, the College of Electrical and Information Engineering, and the State Key Laboratory of High-Efficiency and High-Quality Conversion for Electric Power, Hunan University, Changsha, China; Hunan Engineering Research Center for Electric Power Emergency Technology, the College of Electrical and Information Engineering, and the State Key Laboratory of High-Efficiency and High-Quality Conversion for Electric Power, Hunan University, Changsha, China; Hunan Engineering Research Center for Electric Power Emergency Technology, the College of Electrical and Information Engineering, and the State Key Laboratory of High-Efficiency and High-Quality Conversion for Electric Power, Hunan University, Changsha, China; Hunan Engineering Research Center for Electric Power Emergency Technology, the College of Electrical and Information Engineering, and the State Key Laboratory of High-Efficiency and High-Quality Conversion for Electric Power, Hunan University, Changsha, China; Hunan Engineering Research Center for Electric Power Emergency Technology, the College of Electrical and Information Engineering, and the State Key Laboratory of High-Efficiency and High-Quality Conversion for Electric Power, Hunan University, Changsha, China; Hunan Engineering Research Center for Electric Power Emergency Technology, the College of Electrical and Information Engineering, and the State Key Laboratory of High-Efficiency and High-Quality Conversion for Electric Power, Hunan University, Changsha, China",IEEE Transactions on Smart Grid,"22 Apr 2026","2026","17","3","1805","1816","The widespread integration of distributed energy resources (DERs) introduces unprecedented uncertainties and complexities in distribution system planning. To enhance local DER accommodation, low-voltage flexible DC interconnection technology has advanced rapidly, enabling capacity sharing and mutual energy support among distribution areas (DAs). This paper proposes a novel planning methodology to optimize flexible DC interconnection device placement. First, a novel initial solution filtering approach is devised based on comprehensive evaluation metrics considering influencing factors like line distances, energy surplus and transformer loading rate to preliminarily screen feasible DA interconnection pairs. Subsequently, a two-stage chance-constrained stochastic programming (TCCSP) model is established for placing DC interconnection devices, with voltage limits, transformer loading limits and DER utilization levels formulated as chance constraints. To solve the TCCSP efficiently, an innovative sampling-decomposition algorithm is developed by integrating sampling average approximation (SAA) method with column-and-constraint generation (CCG) algorithm, converting the chance constraints into tractable deterministic equivalents and decomposing the problem into a master problem with multiple scenario-specific subproblems. Finally, numerical tests on the IEEE 123-bus distribution network validate the high efficiency and effectiveness of the proposed planning method.","1949-3061","","10.1109/TSG.2025.3641716","National Natural Science Foundation of China(grant numbers:52377095,52437008,52477090,52207094); Science and Technology Innovation Program of Hunan Province(grant numbers:2023RC3114,2024RC3110,2025RC1023); ","https://ieeexplore.ieee.org/stamp/stamp.jsp?arnumber=11284899","Flexible DC interconnection planning;chance constraints;sampling-decomposition algorithm","Planning;Transformers;Loading;Stochastic processes;Low voltage;Load modeling;Uncertainty;Indexes;Distributed power generation;Programming","","2","","36","IEEE","8 Dec 2025","May 2026","","IEEE","IEEE Journals"
"Maximizing Grid Support of Electric Vehicles by Coordinating Residential Charging: Insights From an Arizona Feeder Case Study","M. GOLGOL; A. Pal; V. Vittal; C. Kessinger; E. Palomino; K. Girardi","School of Electrical, Computer, and Energy Engineering, Arizona State University, Tempe, AZ, USA; School of Electrical, Computer, and Energy Engineering, Arizona State University, Tempe, AZ, USA; School of Electrical, Computer, and Energy Engineering, Arizona State University, Tempe, AZ, USA; Salt River Project (SRP), Scottsdale, AZ, USA; Salt River Project (SRP), Scottsdale, AZ, USA; Salt River Project (SRP), Scottsdale, AZ, USA",IEEE Open Access Journal of Power and Energy,"21 Jan 2026","2026","13","","27","38","The installation of high-capacity fast electric vehicle (EV) chargers at the residential level is posing a significant risk to the distribution grid. This is because the increased demand from such forms of charging could exceed the ratings of the distribution assets, particularly, transformers. Addressing this issue is critical, given that current infrastructure upgrades to enhance EV hosting capacity are both costly and time-consuming. This study addresses this challenging problem by introducing a novel algorithm to maximize residential EV charging without overloading any transformer within the feeder. The proposed method is applied to a real-world utility feeder in Arizona, which includes 120 transformers of varying capacities. The results demonstrate that this approach effectively manages a substantial number of EVs without overloading the transformers. It also identifies locations that must be prioritized for future upgrades. The proposed framework can serve as a valuable reference tool for utilities when conducting distribution system planning for supporting the growing EV penetration.","2687-7910","","10.1109/OAJPE.2025.3645250","Salt River Project (SRP) and Arizona State University (ASU) under a Research Collaboration Agreement; ","https://ieeexplore.ieee.org/stamp/stamp.jsp?arnumber=11303219","Charging coordination;electric vehicle charging;hosting capacity;residential charging","Transformers;Batteries;State of charge;Electric vehicle charging;Distance measurement;Reviews;Optimization;Load modeling;Connectors;Automobiles","","1","","38","CCBY","17 Dec 2025","2026","","IEEE","IEEE Journals"
"Multi-Objective Energy Management Optimization on Grid-Integrated Microgrid Using Multi-Agent Deep Reinforcement Learning for Enhanced System Stability in HRES and BESS","K. P. Y. Myint; A. Deanseekeaw; J. Pahasa; P. Boonraksa; T. Boonraksa; B. Marungsri","School of Electrical Engineering, Suranaree University of Technology, Nakhon Ratchasima, Thailand; School of Electrical Engineering, Suranaree University of Technology, Nakhon Ratchasima, Thailand; Department of Electrical Engineering, School of Engineering, University of Phayao, Phayao, Thailand; Department of Mechatronics Engineering, Rajamangala University of Technology Suvarnabhumi, Nonthaburi, Thailand; School of Electrical Engineering, Rajamangala University of Technology Rattanakosin, Salaya, Nakhon Pathom, Thailand; School of Electrical Engineering, Suranaree University of Technology, Nakhon Ratchasima, Thailand",IEEE Access,"5 Mar 2026","2026","14","","32905","32926","The integration of BESS and RES is crucial for modern power grids, yet their optimal placement and sizing remain complex challenges due to the interdependent goals of minimizing power losses and maintaining voltage stability. This paper proposes a novel multi-agent deep reinforcement learning framework to jointly optimize the location and sizing of BESS, photovoltaic, and wind resources in a grid-connected distribution network. The primary objectives are to minimize active power loss and enhance voltage profile stability, as directly measured by the Voltage Stability Index and Voltage Deviation Index. To demonstrate the framework’s efficacy, we implement and compare three advanced MADRL algorithms Multi-Agent Deep Deterministic Policy Gradient (MADDPG), Multi-Agent Soft Actor-Critic (MASAC), and Multi-Agent Advantage Actor-Critic (MAA2C) on a modified IEEE 33-bus test system under residential, commercial, and mixed load profiles. The key contribution of this work is a scalable, model-free coordination strategy that directly addresses the coupled location and sizing problem for multiple DER types, overcoming the limitations of traditional iterative or centralized optimization methods. Comprehensive simulations reveal that the MADDPG-based agent consistently achieves the strongest technical performance across all test scenarios. Specifically, it reduces energy losses by up to 45.23% and improves voltage stability indices by over 15% compared to baseline scenarios, while maintaining a favourable balance between technical superiority and economic feasibility. The results underscore the potential of the proposed MADDPG-driven framework as a robust and effective tool for real-world distribution system planning, enabling enhanced operational resilience through intelligent DER coordination.","2169-3536","","10.1109/ACCESS.2026.3668993","Suranaree University of Technology; Rajamangala University of Technology Rattanakosin; University of Phayao; Rajamangala University of Technology Suvarnabhumi; Suranaree University of Technology, Thailand (Kittibundit Scholarship); ","https://ieeexplore.ieee.org/stamp/stamp.jsp?arnumber=11415591","Multi-agent DRL;microgrids;energy management;voltage stability;HRES;BESS","Microgrids;Costs;Power system stability;Energy management;Voltage;Stability criteria;Renewable energy sources;Optimization;Deep reinforcement learning;Load modeling","","1","","44","CCBY","27 Feb 2026","2026","","IEEE","IEEE Journals"
"Analysis of IEEE 1547 Voltage–Reactive Power Mode Control Impact on the Energy Generation Curtailment of Grid-Connected Photovoltaic Systems","W. A. M. Issa; L. Galotto Junior; L. M. Tolbert; J. O. P. Pinto","Federal University of Mato Grosso do Sul, Campo Grande, Brazil; Federal University of Mato Grosso do Sul, Campo Grande, Brazil; Min H. Kao Department of Electrical Engineering and Computer Science, The University of Tennessee, Knoxville, TN, USA; Oak Ridge National Laboratory, Oak Ridge, TN, USA",IEEE Open Journal of Industry Applications,"9 Jan 2026","2026","7","","48","64","This work presents an analysis of the reduction in energy generation of grid-connected photovoltaic (PV) systems due to their compliance with the IEEE 1547 voltage–reactive power mode control, also known as volt-var, exposing the linkage of this phenomenon with factors such as the strength of the feeder, loading conditions, and the distributed generation penetration. In this study, two batches of three sequences of full-year simulations were conducted using the open-source software OpenDSS in co-simulation with MATLAB, involving three different feeders with and without tap changers activated over different penetration levels of PVs. In order to adequately simulate the time series of annual solar irradiance, a model of solar transposition and a methodology for the choice of the solar panels' tilt angle were adopted in conjunction with a solar radiation dataset obtained from the National Solar Research Database. One notable finding is that for a given feeder, there is an optimal penetration percentage at which the required relative curtailment is minimized. Below this condition, the loss of generation opportunity is mostly caused by the feeder's own voltage regulation issues (i.e., those that happen without PVs), while above it, loss of generation is mostly caused by reverse power flow. It was observed that weak feeders tend to have higher levels of curtailment under both low and high penetration percentages, while strong feeders may share the same conclusion for low levels only. Seasonal variation of available solar irradiation has a measurable influence on the curtailment. Fixed capacitor banks significantly reduce the generation curtailment due to voltage support compliance from the PV inverters when their penetration level is low, while the expected curtailment for high levels of penetration is much lower than anticipated. Although tap changers are capable of reducing the effort demanded from most of the distributed generation inverters, in some cases, they can also increase the effort from others located in specific regions outside of their effective sections. This study makes three main contributions: 1) it integrates IEEE 1547 compliance, feeder loading/strength, distributed energy resource (DER) penetration, and real irradiance models into a long-term simulation framework; 2) it provides practical insights that can support standard setting, distribution system planning, and inverter programming; and 3) it enables the estimation of hosting capacity based on the maximum curtailment tolerable for consumer-owned DERs, thereby supporting technical and economic investment analyses.","2644-1241","","10.1109/OJIA.2025.3627886","","https://ieeexplore.ieee.org/stamp/stamp.jsp?arnumber=11223786","Distributed energy resources (DERs);energy generation curtailment;IEEE 1547 standard;photovoltaic (PV) systems;volt-var;voltage–reactive power mode","Reactive power;Voltage control;Load flow;Inverters;Distributed power generation;Tap changers;Capacitors;Voltage;Load modeling;Photovoltaic systems","","1","","29","CCBY","31 Oct 2025","2026","","IEEE","IEEE Journals"
"Deterministic Criteria","A. Chowdhury; D. Koval",NA; NA,Power Distribution System Reliability: Practical Methods and Applications,"","2009","","","285","300","<![CDATA[<P>This chapter contains sections titled: <UL> <LI> <P>Introduction</P> </LI> <LI> <P>Current Distribution Planning and Design Criteria</P> </LI> <LI> <P>Reliability Cost Versus Reliability Benefit Trade-Offs in Distribution System Planning</P> </LI> <LI> <P>Alternative Feed Requirements for Overhead Distribution Systems</P> </LI> <LI> <P>Examples of Deterministic Planning Guidelines for Alternative Feed Requirements</P> </LI> <LI> <P>Value-Based Alternative Feeder Requirements Planning</P> </LI> <LI> <P>Conclusions</P> </LI> <LI> <P>References</P> </LI> </UL> </P>]]>","","9780470459348","10.1002/9780470459355.ch11","","https://ieeexplore.ieee.org/xpl/ebooks/bookPdfWithBanner.jsp?fileName=5396773.pdf&bkn=5361031&pdfType=chapter","","","","","","","","19 Jan 2010","","","IEEE","Wiley-IEEE Press eBook Chapters"
"Grid-Constrained Planning for Scalable Hydrogen Production and Refueling at Transit Bus Depots","H. N. Khalil; A. A. Al-Obaidi; H. E. Z. Farag; M. Mohamed; A. Asif","Department of Electrical Engineering and Computer Science, York University, Toronto, ON, Canada; Department of Electrical Engineering and Computer Science, York University, Toronto, ON, Canada; Department of Electrical Engineering and Computer Science, York University, Toronto, ON, Canada; Department of Civil Engineering, McMaster University, Hamilton, ON, Canada; Department of Electrical Engineering and Computer Science, York University, Toronto, ON, Canada",IEEE Transactions on Transportation Electrification,"23 Jul 2026","2026","12","4","6717","6733","The adoption of hydrogen fuel cell buses (FCBs) promises to decarbonize public transit, but their viability hinges on overcoming the refueling infrastructure challenge. Converting central diesel depots into hydrogen refueling stations (HRSs) requires accommodating massive electrical demands for on-site electrolysis. These demands must be scalable over time to match phased fleet deployment, manage financial risk, and operate within the tight capacity constraints of aging distribution feeders. To that end, this article proposes a novel planning framework for the phased conversion of transit depots under grid constraints. The framework coordinates the modular deployment of electrolyzers and storage to align infrastructure capacity with FCB adoption triggers, ensuring scalable and feasible fueling operations. A non-wires alternative (NWA) design and integration mechanism is developed to incorporate the depot’s flexibility into distribution system planning, which enables the deferral or mitigation of costly feeder upgrades. Further, a penalty-based mechanism is introduced to balance grid service participation against fueling reliability. Numerical studies using real-world depot data confirm that the approach reliably supports fleet growth, defers feeder upgrades, and generates new revenue from the NWA program, which significantly improves the financial viability of FCB deployment.","2332-7782","","10.1109/TTE.2026.3679996","Independent Electricity System Operator (IESO), Ontario, Canada; ","https://ieeexplore.ieee.org/stamp/stamp.jsp?arnumber=11473294","Distribution feeder constraints;hydrogen bus depots;modular electrolyzer;nonwires alternatives (NWA);phased infrastructure conversion","Feeds;Radio broadcasting;Frequency modulation;Electronic mail;Modulation;Radio broadcasting;Radio access networks;Regional area networks;Message systems;Frequency modulation","","","","31","IEEE","2 Apr 2026","Aug. 2026","","IEEE","IEEE Journals"
"Harmonics Effect Mitigation","A. A. Sallam; O. P. Malik","Suez Canal University, Egypt; NA",Electric Distribution Systems,"","2019","","","403","428","It is necessary to look for solutions to eliminate the harmonics or at least mitigate their negative effects so that they fall within the accepted limits set by the standards. The solutions can be classified into three classes. The first class is concerned with the distribution system, planning to determine how the installation can be modified. The second class of solutions deals with the use of special devices in the power supply system such as inductors and special transformers. If the first and second classes of solutions are not sufficient to attenuate the harmonics, the third class of solutions requiring the use of filters can be applied. Passive filters offer both power factor (PF) correction and large capacity for current filtering. Installations where the passive filters are installed must be sufficiently stable, that is, a low level of load fluctuations.","","9781119509301","10.1002/9781119509332.ch15","","https://ieeexplore.ieee.org/xpl/ebooks/bookPdfWithBanner.jsp?fileName=8538830.pdf&bkn=8538803&pdfType=chapter","","Power harmonic filters;Harmonic analysis;Passive filters;Active filters;Impedance;Inductors;Conductors","","","","","","19 Nov 2018","","","IEEE","Wiley-IEEE Press eBook Chapters"
"Dynamic Validation of CNN-Based Surrogate Models for Inverter-Based Resources in Open-Source Solvers","S. Subedi; J. Choi; Y. Xue","Electrification and Energy Infrastructures Division, Oak Ridge National Laboratory, Oak Ridge, TN, USA; Electrification and Energy Infrastructures Division, Oak Ridge National Laboratory, Oak Ridge, TN, USA; Electrification and Energy Infrastructures Division, Oak Ridge National Laboratory, Oak Ridge, TN, USA",IEEE Open Access Journal of Power and Energy,"27 Feb 2026","2026","13","","157","168","Traditionally, distribution system planning has focused on steady-state analyses, with limited consideration of dynamic behavior. However, as large or medium-scale inverter-based resources (IBRs), particularly grid-following (GFL) inverters in commercial or industry buildings, become more prevalent, understanding their dynamic impact is essential for grid planning and operation. This article presents an innovative deep-learning (DL)-approach using convolutional neural networks technique to model the GFL inverters. Developed from real grid-tied commercial IBR transient data, these dynamic DL models overcome proprietary constraints by requiring minimal knowledge of internal converter physics while maintaining high accuracy and flexibility. To demonstrate their applicability, the models were incorporated into GridLAB-D, an open-source, three-phase distribution analysis tool. This integration enables dynamic simulations of large-scale distribution networks with high IBR penetration stability analysis. Rigorous testing and validation, aligned with industry standards, confirmed the reliability and efficiency of this approach, paving the way for enhanced planning and operational assessments of modern power systems.","2687-7910","","10.1109/OAJPE.2026.3666455","UT-Battelle, LLC, through U.S. Department of Energy (DOE)(grant numbers:DE-AC05-00OR22725); U.S. Department of Energy’s Office of the Energy Efficiency and Renewable Energy (EERE) under the Solar Energy Technologies Office(grant numbers:38453); ","https://ieeexplore.ieee.org/stamp/stamp.jsp?arnumber=11407947","Deep-learning;grid-following;industry standard;inverter-based resources;open-source","Data models;Computational modeling;Grid following;Convolutional neural networks;Training;Power system dynamics;Analytical models;Transient analysis;Inverter-based resource;Filters","","","","36","CCBY","23 Feb 2026","2026","","IEEE","IEEE Journals"
"Coordinated Voltage Control in Distribution Networks Including Several Distributed Energy Resources","A. Kulmala; S. Repo; P. Järventausta","Department of Electrical Engineering, Tampere University of Technology, Tampere, Finland; Department of Electrical Engineering, Tampere University of Technology, Tampere, Finland; Department of Electrical Engineering, Tampere University of Technology, Tampere, Finland",IEEE Transactions on Smart Grid,"20 May 2017","2014","5","4","2010","2020","Connecting distributed generation (DG) to weak distribution networks can often cause voltage rise problems. Traditionally, these voltage rise problems have been mitigated by passive methods such as reinforcing the network. This can, however, lead to high connection costs of DG. The connection costs can in many cases be lowered if active voltage control methods are used instead of the passive approach. In this paper, two coordinated voltage control algorithms suitable for usage in distribution networks including several distributed energy resources are proposed and studied. The first algorithm uses control rules to determine its control actions and the second algorithm utilizes optimization. The operation of the implemented algorithms is, at first, studied using time domain simulations. Thereafter, the network effects and costs of both algorithms are compared using statistical distribution network planning and also practical implementation issues are discussed.","1949-3061","","10.1109/TSG.2014.2297971","","https://ieeexplore.ieee.org/stamp/stamp.jsp?arnumber=6805675","Distributed power generation;power distribution;power system management;reactive power control;voltage control","Voltage control;Substations;Reactive power;Mathematical model;Load modeling;Delays;Reactive power control","","215","","36","IEEE","25 Apr 2014","July 2014","","IEEE","IEEE Journals"
"Integrated Distribution Systems Planning to Improve Reliability Under Load Growth","I. Ziari; G. Ledwich; A. Ghosh; G. Platt","School of Engineering Systems, Queensland University of Technology, Brisbane, Australia; School of Engineering Systems, Queensland University of Technology, Brisbane, Australia; School of Engineering Systems, Queensland University of Technology, Brisbane, Australia; CSIRO Energy Technology, Newcastle, Australia",IEEE Transactions on Power Delivery,"3 Apr 2012","2012","27","2","757","765","In this paper, an integrated methodology is proposed for planning distribution networks in which the operation of distributed generators (DGs) and cross-connections (CCs) is optimally planned. Distribution lines and high-voltage/medium-voltage (HV/MV) transformers are also optimally upgraded in order to improve system reliability and to minimize line losses under load growth. An objective function is constituted, composed of the investment cost, loss cost, and reliability cost. The energy savings that result from installing DGs is also included in this function. The bus voltage and line current are maintained within their standard bounds as constraints. DG output power is used as another constraint, where this should not be less than 30% of the generator's rated power; otherwise, the unit is not switched on. The modified discrete particle swarm optimization (PSO) method is employed in this paper for optimizing this planning problem. To evaluate the proposed approach, the distribution system connected to bus 4 of the Roy Billinton test system is used. Four different scenarios are assessed. In the first scenario, a basic planning approach is studied. In the second scenario, the use of DG is planned to avoid the line and transformer upgrading. In the third scenario, CC-based planning is studied when no DG exists. Finally, the proposed technique, in which all technologies are included, is investigated in the fourth scenario. The outcomes demonstrate that the lowest cost plan results when all technologies are incorporated as proposed in this paper. A study is performed to evaluate the accuracy and robustness of the proposed PSO-based optimization method. The results highlight the applicability of this method for solving the distribution network planning problem.","1937-4208","","10.1109/TPWRD.2011.2176964","","https://ieeexplore.ieee.org/stamp/stamp.jsp?arnumber=6122478","Distribution system;optimization method;reliability;planning","Planning;Reliability;Conductors;Investments;Optimization methods;Power generation;Switches","","103","","31","IEEE","4 Jan 2012","April 2012","","IEEE","IEEE Journals"
"Incorporating PV Inverter Control Schemes for Planning Active Distribution Networks","S. S. AlKaabi; V. Khadkikar; H. H. Zeineldin","Department of Electrical Engineering and Computer Science, Institute Centre for Energy (i-Energy), Masdar Institute, Abu Dhabi, United Arab Emirates; Department of Electrical Engineering and Computer Science, Institute Centre for Energy (i-Energy), Masdar Institute, Abu Dhabi, United Arab Emirates; Department of Electrical Engineering and Computer Science, Institute Centre for Energy (i-Energy), Masdar Institute, Abu Dhabi, United Arab Emirates",IEEE Transactions on Sustainable Energy,"20 May 2017","2015","6","4","1224","1233","The distribution network planning under active network management (ANM) schemes is becoming of interest due to substantial benefits in facilitating the increasing integration of renewable energy sources. This paper presents various potential ANM schemes based on the photovoltaic inverter control (PVIC) considering enhanced utilization of the inverter reactive power capability. Depending on the active power generation of PV arrays, inverter size and desired reactive power settings, several PVIC schemes are proposed. The PVIC schemes are incorporated in the optimal power flow (OPF) and formulated as a nonlinear programming (NLP) problem. In this study, the PVIC schemes are applied to maximize the total wind-distributed generation (DG) penetration on a typical U.K. distribution system. Various case studies are presented and compared to evaluate the performance. The results show that the proposed schemes can significantly increase the wind penetration levels by 45.4% and up to 92.3%.","1949-3037","","10.1109/TSTE.2015.2422305","Masdar Institute; Abu Dhabi Water and Electricity Authority (ADWEA); ","https://ieeexplore.ieee.org/stamp/stamp.jsp?arnumber=7108067","Active network management (ANM);distributed generation (DG);optimal power flow (OPF);power distribution planning;Active network management (ANM);distributed generation (DG);optimal power flow (OPF);power distribution planning","Reactive power;Power system planning;Distributed power generation;Load flow","","58","","43","IEEE","14 May 2015","Oct. 2015","","IEEE","IEEE Journals"
"Large-Scale Distribution Planning—Part II: Macro-Optimization With Voronoi's Diagram And Tabu Search","A. Navarro; H. Rudnick","Electrical Engineering Department, Pontificia Universidad Católica de Chile, Santiago, Chile; Electrical Engineering Department, Pontificia Universidad Católica de Chile, Santiago, Chile",IEEE Transactions on Power Systems,"21 Apr 2009","2009","24","2","752","758","This paper is the second of two and presents a planning methodology for low-voltage distribution network planning. Combined optimization of transformers and associated networks is applied, considering the street layout which connects the different consumers. In the first section, a planning zone division into smaller mini-zones is performed; the smaller zones are optimized independently. This second section develops macro-optimization methodologies that use the results and techniques of the previous stage, which allow performing a global analysis of the planning zone. Three methodologies are proposed, one based on Voronoi polygons to obtain irregular mini-zones that incorporate proximity between consumers. Another is based on network recombination, with the purpose of finding potential savings produced by combining neighboring networks. Lastly, the sequential application of Voronoi polygons and network recombination is performed. The methodology is applied to a zone having 20 215 consumers distributed in an area of 12.9 km2 , corresponding to a district in the city of Santiago, Chile, to subsequently apply this to the entire city, an area having a surface of 2118 km2 and approximately 1300 000 customers.","1558-0679","","10.1109/TPWRS.2009.2016594","","https://ieeexplore.ieee.org/stamp/stamp.jsp?arnumber=4813187","Low voltage;network planning;power distribution planning;tabu search;Voronoi","Large-scale systems;Transformers;Conductors;Costs;Cities and towns;Network topology;Performance analysis;Power distribution;Iterative algorithms","","57","","10","IEEE","10 Apr 2009","May 2009","","IEEE","IEEE Journals"
"Locational Marginal Value of Distributed Energy Resources as Non-Wires Alternatives","P. Andrianesis; M. Caramanis; R. D. Masiello; R. D. Tabors; S. Bahramirad","Systems Engineering Division, Boston University, Boston, USA; Systems Engineering Division, Boston University, Boston, USA; Quanta Technology, LLC, Raleigh, USA; TCR Inc., Boston, USA; ComEd, Chicago, USA",IEEE Transactions on Smart Grid,"24 Dec 2019","2020","11","1","270","280","In this paper, we address the issue of valuating distributed energy resources (DERs) as non-wires alternatives (NWAs) against wires investments in the traditional distribution network planning process. Motivated by the recent literature on distribution locational marginal prices, we propose a framework that allows the planner to identify rigorously the short-term locational marginal value (LMV) of DERs using the notion of marginal cost of capacity (MCC) of the best grid investment alternative to monetize hourly network constraint violations encountered during a yearly rate base timescale. We apply our methodology on two actual distribution feeders anticipated to experience overloads in the absence of additional DERs, and present numerical results on desirable LMV-based generic DER adoption targets and associated costs that can offset or delay different types of grid wires investments. We close with a discussion on policy and actual DER adoption implementation.","1949-3061","","10.1109/TSG.2019.2921205","Alfred P. Sloan Foundation(grant numbers:G-2017-9723); National Science Foundation(grant numbers:1733827); Commonwealth Edison; ","https://ieeexplore.ieee.org/stamp/stamp.jsp?arnumber=8731686","Distributed energy resources;locational marginal value;non-wires alternatives","Investment;Reactive power;Wires;Spatiotemporal phenomena;Energy resources;Planning;Cogeneration","","42","","36","IEEE","5 Jun 2019","Jan. 2020","","IEEE","IEEE Journals"
"Reliability Worth Analysis of Distribution Systems Using Cascade Correlation Neural Networks","A. Heidari; V. G. Agelidis; J. Pou; J. Aghaei; A. M. Y. M. Ghias","School of Electrical Engineering and Telecommunications, The University of New South Wales, Sydney, NSW, Australia; Department of Electrical Engineering, Technical University of Denmark, Elektrovj, Lynbgy, Denmark; School of Electrical and Electronic Engineering, Nanyang Technology University, Singapore; Department of Electrical and Electronics Engineering, Shiraz University of Technology, Shiraz, Iran; Department of Electrical and Computer Engineering, University of Sharjah, Sharjah, UAE",IEEE Transactions on Power Systems,"20 Dec 2017","2018","33","1","412","420","Reliability worth analysis is of great importance in the area of distribution network planning and operation. The reliability worth's precision can be affected greatly by the customer interruption cost model used. The choice of the cost models can change system and load point reliability indices. In this study, a cascade correlation neural network is adopted to further develop two cost models comprising a probabilistic distribution model and an average or aggregate model. A contingency-based analytical technique is adopted to conduct the reliability worth analysis. Furthermore, the possible effects of adding distributed generation units into the network are evaluated. The proposed approach has been tested on a radial distribution test network evaluating the reliability worth. The results show that the probabilistic distribution model provides a more realistic model for the reliability analysis.","1558-0679","","10.1109/TPWRS.2017.2705185","","https://ieeexplore.ieee.org/stamp/stamp.jsp?arnumber=7933206","Customer interruption cost model;distributed generation;neural networks;reliability worth analysis","Reliability;Training;Power system reliability;Interrupters;Load modeling;Neural networks;Analytical models","","28","","21","IEEE","24 May 2017","Jan. 2018","","IEEE","IEEE Journals"
"Parallel Processing of Probabilistic Models-Based Power Supply Unit Mid-Term Load Forecasting With Apache Spark","W. Jiang; H. Tang; L. Wu; H. Huang; H. Qi","School of Electrical Engineering, Southeast University, Nanjing, China; School of Electrical Engineering, Southeast University, Nanjing, China; School of Electrical Engineering, Southeast University, Nanjing, China; State Grid Jiangsu Electric Power Company, Nanjing, China; State Grid Jiangsu Electric Power Company, Nanjing, China",IEEE Access,"22 Jan 2019","2019","7","","7588","7598","Mid-term load forecasting (MTLF) of power supply unit (PSU) is an essential part of refined distribution network planning. By analyzing a large amount of historical data accumulated in electric automation systems, accurate MTLF result can be obtained with the help of big-data and parallel computing technology. In this paper, a dynamic bayes network (DBN)-based MTLF model is proposed to forecast the peak power load of next year of each PSU. In the first stage, we improve the accuracy of MTLF model by using dynamic radius DBSCAN algorithm to determine the optimal state division. In the second stage, to improve the computation efficiency, the calculations of multiple probability matrixes and the modified forward algorithm are implemented on an apache spark-based parallel computing platform. The experiment results indicate that the parallel processing of DBN-based MTLF model has superior performance in accuracy, efficiency, and versatility.","2169-3536","","10.1109/ACCESS.2018.2890339","National Natural Science Foundation of China(grant numbers:51877041); Science and Technology Foundation of State Grid Jiangsu Electric Power Company, China(grant numbers:J2018088); ","https://ieeexplore.ieee.org/stamp/stamp.jsp?arnumber=8598775","Dynamic bayes network;mid-term load forecasting;Apache Spark;parallel computing","Forecasting;Load modeling;Predictive models;Computational modeling;Load forecasting;Parallel processing","","26","","27","OAPA","1 Jan 2019","2019","","IEEE","IEEE Journals"
"Multi-Objective Optimization of Renewable Distributed Generation Placement and Sizing for Technical and Economic Benefits Improvement in Distribution System","Y. Khalid Hamad; A. Nasser Hussain; Y. N. Lafta; A. Al-Naji; J. Chahl","Electrical Engineering Technical College, Middle Technical University, Baghdad, Iraq; Electrical Engineering Technical College, Middle Technical University, Baghdad, Iraq; Al-Khwarizmi College of Engineering, University of Baghdad, Baghdad, Iraq; Electrical Engineering Technical College, Middle Technical University, Baghdad, Iraq; School of Engineering, University of South Australia, Mawson Lakes, SA, Australia",IEEE Access,"13 Nov 2024","2024","12","","164226","164247","In recent years, the use of renewable energy sources by many power grid companies worldwide has increased significantly. The trend towards the use of renewable energy sources is mainly due to environmental issues and rising fuel prices associated with conventional electricity generation. Distributed generation units are power generation plants that are very important for the grid architecture of today’s power system. The benefit of adding these Distributed Generation (DG) units is to increase the power supply to the grid. However, the installation of DG units can cause a negative impact if not properly allocated and/or sized. Therefore, there is a need for their optimal sizing and allocation to avoid situations such as voltage instability and high investment cost. In this paper, four heuristic based algorithms, namely Particle Swarm Optimization (PSO) algorithm, Whale Optimization Algorithm (WOA), Dolphin Echolocation Optimization (DEO), and Slime Mould Algorithm (SMA) are applied to solve the optimal placement and sizing of DG units in distribution network planning. Three cases were used to address the network problems, which are represented by adding photovoltaic cells and wind turbines individually. In the last case, both were used, and the feasibility of algorithms was confirmed for two systems, IEEE 33-bus and 69-bus test systems. The comparison results showed that the SMA algorithm produces good solutions. In general, the SMA algorithm was able to reduce the two system losses. The reduction of real power losses in SMA, taking into account the technical and economic constraints in the IEEE 33 system, is reduced to a minimum of 66.31%, 67.3%, and 81.1%, While in 69 bus, reduced to a minimum of 90.7%,91%,and 97.30% for three cases respectively, as well as improving the voltage profile, thus obtaining a more efficient system.","2169-3536","","10.1109/ACCESS.2024.3492119","","https://ieeexplore.ieee.org/stamp/stamp.jsp?arnumber=10744558","Distribution generators;hybrid renewable energy;optimum placement and sizing;metaheuristic-algorithms;radial distribution network","Voltage;Optimization;Reactive power;Costs;Reliability;Renewable energy sources;Planning;Power system stability;Distribution networks;Capacitors","","23","","54","CCBYNCND","5 Nov 2024","2024","","IEEE","IEEE Journals"
"Short-Term Load Forecasting in Active Distribution Networks Using Forgetting Factor Adaptive Extended Kalman Filter","M. S. ElMenshawy; A. M. Massoud","Department of Electrical Engineering, Qatar University, Doha, Qatar; Department of Electrical Engineering, Qatar University, Doha, Qatar",IEEE Access,"2 Oct 2023","2023","11","","103916","103924","The intermittent non-dispatchable power produced by Renewable Energy Sources (RESs) in distribution networks caused additional challenges in load forecasting due to the introduced uncertainties. Therefore, high-quality load forecasting is essential for distribution network planning and operation. Most of the work presented in literature focusing on Short-Term Load Forecasting (STLF) has paid little consideration to the intrinsic uncertainty associated with the load dataset. A few research studies focused on developing data filtering algorithm for the load forecasting process using approaches such as Kalman filter, which has good tracking capability in the presence of noise in the data collection process. To avoid the divergence of conventional Kalman filter and improve the system stability, Adaptive Extended Kalman Filter (AEKF) is introduced through incorporating a moving-window method with the Extended Kalman Filter (EKF). Nonetheless, the moving window adds an extra computational burden. In this regard, this paper employs the concept of Forgetting Factor AEKF (FFAEKF) for STLF in distribution networks to avoid the computational burden introduced by the AEKF. The forgetting factor improves the estimation accuracy and increases the system convergence when compared with the AEKF. In this paper, the AEKF and FFAEKF are compared in terms of their performance using Maximum Absolute Error (MaxAE) and Root Mean Square Error (RMSE). Matlab/Simulink platform is used to apply the AEKF and FFAEKF algorithms on the load dataset. Results have demonstrated that the FFAEKF improves the forecasting performance through providing less MaxAE and less RMSE. In which, the FFAEKF MaxAE and RMSE are reduced by two and three times, respectively, compared to the AEKF MaxAE and RMSE.","2169-3536","","10.1109/ACCESS.2023.3315591","Graduate Student Research Award (GSRA) through the Qatar National Research Fund (QNRF)(grant numbers:GSRA9-L-1-0514-22014G); Qatar National Library (Open Access Funding); ","https://ieeexplore.ieee.org/stamp/stamp.jsp?arnumber=10251506","Adaptive extended Kalman filter;forgetting factor adaptive extended Kalman filter;maximum absolute error;root mean square error;short-term load forecasting","Load forecasting;Kalman filters;Load modeling;Predictive models;Adaptation models;Forecasting;Data models","","11","","42","CCBY","14 Sep 2023","2023","","IEEE","IEEE Journals"
"Planning and Operation of an Intelligent Power Electronics Series Voltage Regulator for PV-Rich Distribution Feeders","E. Ghiani; R. Di Gregorio; S. Hoppert","Department of Electrical and Electronic Engineering, University of Cagliari, Cagliari, Italy; Volta S.p.A., Bolzano, Italy; A. Eberle GmbH & Company KG, Nürnberg, Germany",IEEE Open Access Journal of Power and Energy,"26 May 2023","2023","10","","363","372","The connection of photovoltaic systems on weak electrical distribution networks can lead to the occurrence of excessive overvoltages or undervoltages that lead toward unsatisfactory operating conditions for renewable energy producers. In such critical situations, where electrical parameters are outside standard regulatory levels, the untimely tripping of electrical protections can lead to losses of renewable energy production and thus to the reduction of producers’ economic revenues. In this context, this article describes aspects related to the planning and operation of an intelligent voltage regulator capable of solving voltage regulation problems in PV-rich low-voltage networks. The results achieved with the application of the power electronics device in electric distribution networks are shown with a real case study in a network with a high penetration of photovoltaic-type renewable energy installations. The results show the effectiveness of the application of the device considering both technical and economic aspects; these results are also compared with traditional distribution network planning strategies, highlighting the advantages for the distributor and the owners of photovoltaic systems.","2687-7910","","10.1109/OAJPE.2023.3238854","","https://ieeexplore.ieee.org/stamp/stamp.jsp?arnumber=10024359","Photovoltaic installations;voltage profile;radial distribution networks;measurement on power systems;expansion of distribution systems","Voltage control;Distribution networks;Renewable energy sources;Photovoltaic systems;Power system measurements;Power system planning","","9","","21","CCBY","23 Jan 2023","2023","","IEEE","IEEE Journals"
"An Analytical Method for Resilience Evaluation of Distribution System Based on Instantaneous Availability Increment and Probability Density Evolution","D. Zhang; G. Li; Z. Bie","State Key Laboratory of Electrical Insulation and Power Equipment, Smart Grid Key Laboratory of Shaanxi Province, Department of Electrical Engineering, Xi'an Jiaotong University, Xi'an, China; State Key Laboratory of Electrical Insulation and Power Equipment, Smart Grid Key Laboratory of Shaanxi Province, Department of Electrical Engineering, Xi'an Jiaotong University, Xi'an, China; State Key Laboratory of Electrical Insulation and Power Equipment, Smart Grid Key Laboratory of Shaanxi Province, Department of Electrical Engineering, Xi'an Jiaotong University, Xi'an, China",IEEE Transactions on Power Systems,"23 Oct 2025","2025","40","6","4452","4465","Distribution system resilience evaluation can guide distribution network planning and operation to improve system resilience against extreme events. In this paper, an analytical method for resilience evaluation of distribution systems under wind storms is proposed based on instantaneous availability increment and discrete probability density evolution, considering interconnection switches (ISs), distributed generations (DGs) and repair strategy. This approach eliminates the need for a large number of sampling and optimization solutions required by simulation method, thus enhancing evaluation efficiency. The evaluation process is divided into two processes: outage process and restoration process. A comprehensive resilience evaluation index system is developed. In the outage process, a spatio-temporal grid model of the distribution system and a time-varying failure rate model of components are developed. The instantaneous availability increment and conditional instantaneous availability are proposed to assess the instantaneous availability of nodes. In the restoration process, a component importance index is proposed and the component repair strategy is developed accordingly. The discrete probability density evolution method is used to calculate the resilience indices. Finally, the proposed method is applied to the IEEE 123-node system, IEEE 37-node system and a 361-node real system to demonstrate its correctness and efficiency.","1558-0679","","10.1109/TPWRS.2025.3577476","National Natural Science Foundation of China(grant numbers:U23B6006); ","https://ieeexplore.ieee.org/stamp/stamp.jsp?arnumber=11027424","Analytical resilience evaluation;distribution system;instantaneous availability;wind storm","Resilience;Indexes;System performance;Optimization;Maintenance engineering;Fault tolerance;Probabilistic logic;Disasters;Monte Carlo methods;Wind;Storms","","5","","34","IEEE","6 Jun 2025","Nov. 2025","","IEEE","IEEE Journals"
"Simultaneous Feeder Routing and Conductor Sizing for System Cost Reduction in Rural Distribution Networks: A Cascade Metaheuristic Approach","B. Cortés-Caicedo; O. D. Montoya; L. Fernando Grisales-Noreña; W. Gil-González; J. C. Hernández","Facultad de Ingeniería, Universidad Distrital Francisco José de Caldas, Bogotá, Colombia; Facultad de Ingeniería, Universidad Distrital Francisco José de Caldas, Bogotá, Colombia; Grupo de Investigación en Alta Tensión—GRALTA, Escuela de Ingeniería Eléctrica y Electrónica, Facultad de IngenierÃa, Universidad del Valle, Cali, Colombia; Department of Electrical Engineering, Universidad Tecnológica de Pereira, Pereira, Colombia; Department of Electrical Engineering, Universidad de Jaén, Jaén, Spain",IEEE Access,"4 Dec 2025","2025","13","","201310","201334","The expansion of rural distribution networks faces significant challenges, including low load density, wide geographical dispersion, and inherently unbalanced three-phase operation. Traditional planning methods often decouple feeder routing and conductor sizing and rely on single-phase approximations, limiting both realism and performance. This paper presents an integrated planning methodology that simultaneously addresses feeder routing and per-segment conductor sizing through a mixed-integer nonlinear programming (MINLP) model formulated in the complex domain, accurately capturing voltage unbalance, thermal limits, and power losses. A cascade optimization framework is introduced, which first determines an electrically feasible radial topology and then performs per-branch conductor sizing, effectively reducing the discrete search space and improving numerical conditioning relative to fully integrated formulations. In addition, a closed-box scenario generator is proposed that, for arbitrary inputs (number of nodes, spatial density, and load statistics), consistently produces a connected candidate graph and coherent three-phase nodal demands, ensuring transparent replication beyond the Colombian context. The methodology is benchmarked against minimum spanning tree baselines using metaheuristic algorithms. In 10-, 30- and 50-node systems, the proposed approach reduces the equivalent annual cost from USD 84,010.53 to USD 73,338.90 (12.7%), from USD 208,560.84 to USD 183,771.61 (11.9%) and from USD 249,402.07 to USD 237,497.07 (4.77%) respectively, with negligible dispersion and computation times below 47 s, 304 s and 609 s. These results confirm the robustness, scalability, and effectiveness of the proposed methodology for realistic long-term rural distribution network planning.","2169-3536","","10.1109/ACCESS.2025.3636991","Thematic Network Red para la Integración a Gran Escala de Energías Renovables en Sistemas Eléctricos (RIBIERSE-CYTED) through the 2022 Call for Thematic Networks of the CYTED (Ibero-American Program of Science and Technology for Development)(grant numbers:723RT0150); ","https://ieeexplore.ieee.org/stamp/stamp.jsp?arnumber=11267442","Rural distribution networks;unbalanced three-phase systems;feeder routing;conductor sizing;metaheuristic optimization;cascade methodology;mixed-integer nonlinear programming;investment and operating cost","Conductors;Costs;Routing;Planning;Distribution networks;Metaheuristics;Investment;Uncertainty;Mathematical models;Energy loss","","2","","45","CCBY","25 Nov 2025","2025","","IEEE","IEEE Journals"
"Netload Range Cost Curves for Coordinated Transmission-Distribution Planning Under DER Growth Uncertainty","Y. Li; S. Córdova; A. Moreira; M. Heleno","Lawrence Berkeley National Laboratory, Berkeley, CA, USA; Department of Electrical Engineering, School of Engineering, Faculty of Engineering, Pontificia Universidad Católica de Chile, Santiago, Chile; Lawrence Berkeley National Laboratory, Berkeley, CA, USA; Lawrence Berkeley National Laboratory, Berkeley, CA, USA","IEEE Transactions on Energy Markets, Policy and Regulation","16 Mar 2026","2026","4","1","25","39","The increasing penetration of distributed energy resources (DERs) requires better coordination between transmission and distribution (T&D) planning to ensure system security and cost efficiency. However, misaligned planning horizons, computational burdens, and privacy concerns hinder effective coordination, leading to either underutilized resources caused by overinvestments or reliability risks due to underinvestment. To address this challenge, we introduce netload range cost curves (NRCCs), a novel approach for managing long-term DER growth uncertainty through T&D coordination, while preserving existing data-sharing and regulatory structures. NRCCs provide pairs of (i) peak substation netload guarantees and (ii) corresponding distribution upgrade options and costs, enabling their seamless integration into transmission planning workflows. To compute NRCCs efficiently, we develop a transmission-aware distribution network planning (TADNP), which is subsequently integrated to an iterative computation procedure. These NRCCs are then embedded into an NRCC-informed transmission planning model to enable resource-efficient coordination. We illustrate our proposed approach with a case study based on realistic distribution and transmission systems in the San Francisco Bay Area, California. Our results indicate the possibility of dramatic savings in transmission investments by incorporating the proposed NRCC-integrated T&D coordination framework.","2771-9626","","10.1109/TEMPR.2025.3638837","U.S. Department of Energy(grant numbers:DE-AC02-05CH11231); ","https://ieeexplore.ieee.org/stamp/stamp.jsp?arnumber=11271528","Distributed energy resources (DERs);long-term uncertainty;netload range cost curve (NRCCs);transmission and distribution coordination","Planning;Investment;Costs;Substations;Uncertainty;Distributed power generation;Voltage control;Distribution networks;Regulators;Battery energy storage system","","","","41","IEEE","1 Dec 2025","March 2026","","IEEE","IEEE Journals"
"Distribution System Planning in Focus","",,IEEE Power Engineering Review,"24 Sep 2007","2002","22","1","60","62","","1558-1705","","10.1109/MPER.2002.4311664","","https://ieeexplore.ieee.org/stamp/stamp.jsp?arnumber=4311664","","Power engineering;Power engineering and energy;Power system planning;Educational institutions;Load forecasting;Power system protection;Power system simulation;Economic forecasting;Power system analysis computing;Power system control","","13","","5","IEEE","24 Sep 2007","Jan. 2002","","IEEE","IEEE Magazines"
"Plan First, Build Second: Integrated System Planning at the Heart of the Energy Transition [Editor’s Voice]","I. Kamwa; J. Matevosyan",NA; NA,IEEE Power and Energy Magazine,"8 Jul 2026","2026","24","4","4","24","","1558-4216","","10.1109/MPE.2026.3700097","","https://ieeexplore.ieee.org/stamp/stamp.jsp?arnumber=11599702","","","","","","20","IEEE","8 Jul 2026","July-Aug. 2026","","IEEE","IEEE Magazines"
"Evolution of Distribution: Impacts on Grid Planning and Operations [In My View]","E. Lightner",U.S. Department of Energy,IEEE Power and Energy Magazine,"31 Dec 2019","2020","18","1","92","96","The global electricity industry has been changing for decades. This is shown by the evolution of the regulation of utilities, wholesale power markets, and the relationship between bulk power system operations and distribution system operations. Years ago, distribution system owners passively encouraged customer participation in conservation programs but now have become more actively engaged with customers through a variety of offerings such as demand response. In addition, numerous sets of new technologies have been developed and used by utilities for distribution system planning and management. In particular, the application of information and communications technology has steadily increased along with improvements in sensing and measurement technology.","1558-4216","","10.1109/MPE.2019.2949317","","https://ieeexplore.ieee.org/stamp/stamp.jsp?arnumber=8946526","","Power distribution planning;Power grids;Power system reliability;Microgrids;Electricity supply industry","","5","","6","USGov","31 Dec 2019","Jan.-Feb. 2020","","IEEE","IEEE Magazines"
"Optimal Feeder Routing in Distribution System Planning Using Dynamic Programming Technique and GIS Facilities","N. G. Boulaxis; M. P. Papadopoulos",National Technical University of Athens; National Technical University of Athens,IEEE Power Engineering Review,"24 Sep 2007","2001","21","11","63","63","Optimal feeder routing is an important part of the general optimal distribution network planning. This article proposes a new algorithm for the optimal feeder routing problem using the dynamic programming technique and GIS facilities. All practical issues, such as cost parameters (investments, line losses, reliability) and technical constraints (voltage drop and thermal limits), as well as physical routing constraints (obstacles, high cost passages, existing line sections), are taken into consideration. The algorithm developed is validated comparing its results for a simplified study case with those obtained by an established solver. The effectiveness of the algorithm is further illustrated for a ""real world"" study case.","1558-1705","","10.1109/MPER.2001.4311190","","https://ieeexplore.ieee.org/stamp/stamp.jsp?arnumber=4311190","Planning;power distribution planning;routing;dynamic programming;geographic information systems","Routing;Dynamic programming;Geographic Information Systems;Wavelet packets;Hidden Markov models;Costs;Power system planning;Power distribution;Capacitors;Investments","","1","","","IEEE","24 Sep 2007","Nov. 2001","","IEEE","IEEE Magazines"
"Minimum Cost Analysis of Feeder Routing in Distribution System Planning","S. Jonnavithula; R. Billinton","Power Systems Research Group, University of Saskatchewan, Saskatoon, Canada; Power Systems Research Group, University of Saskatchewan",IEEE Power Engineering Review,"12 Nov 2007","1996","16","10","64","65","","1558-1705","","10.1109/MPER.1996.4311041","","https://ieeexplore.ieee.org/stamp/stamp.jsp?arnumber=4311041","","Book reviews","","","","","IEEE","12 Nov 2007","Oct. 1996","","IEEE","IEEE Magazines"
"An Improved Branch Exchange Algorithm for Large Scale Distribution Network Planning","E. Miguez; J. Cidras; E. Diaz-Dorado; J. L. Garcia-Dornelas",Universidade De Vigo; Universidade De Vigo; Universidade De Vigo; Universidade De Vigo,IEEE Power Engineering Review,"24 Sep 2007","2002","22","9","58","58","Design of optimal layout for medium-voltage (MV) power networks is a common issue in electrical distribution planning. Technical constraints (radial structure, voltage drops, and equipment capacity) and reliability limits must be fulfilled. The function for minimizing includes investments, power losses, and quality of supply costs. We present an improved algorithm based on a branch exchange technique to solve large-scale problems. A heuristic algorithm for solving a Euclidean Steiner problem is used to improve the network by including transshipment nodes.","1558-1705","","10.1109/MPER.2002.4312583","","https://ieeexplore.ieee.org/stamp/stamp.jsp?arnumber=4312583","Power system distribution planning;branch exchange;network design;Steiner tree probleans","Large-scale systems;Power system modeling;Power system stability;Power system dynamics;Control systems;Power measurement;Power system transients;Power system measurements;Robust control;Power system control","","9","","","IEEE","24 Sep 2007","Sept. 2002","","IEEE","IEEE Magazines"
"2002 FACTS Award Call for Nominations","G. W. Ault; C. E. T. Foote; J. R. McDonald","Dept. of Electron. & Electr. Eng., Centre for Electr. Power Eng. (CEPE), Glasgow, UK; NA; NA",IEEE Power Engineering Review,"7 Aug 2002","2002","22","1","17","17","The findings of research in distribution system planning methodologies indicate: discontinuity between the theory and practice of distribution system planning; set of new requirements for distribution system planning in the light of electricity industry restructuring and other developments in the industry and technology; lack of topical research in general distribution system planning methodologies focused on live utility requirements; and several immediate challenges for researchers and developers in distribution planning methodology. Some of the challenges in distribution system planning for the future have been noted in this letter and several more are added to the list. The future challenges for distribution system planning include: further development of techniques based on heuristics, cases, and tacit knowledge; incorporation of the multiple drivers in present-day electricity distribution planning (e.g., reliability, distributed generation, load, and condition); integration of planning techniques with other energy or utility service planning; incorporation of best practice in planning methodology; and consideration of customer needs in an environment of changing customer base under restructuring.","1558-1705","","10.1109/39.975662","","https://ieeexplore.ieee.org/stamp/stamp.jsp?arnumber=975662","","Power system planning;Process planning;Load forecasting;Equations;Transfer functions;Power engineering;Power distribution;Distributed control;Extrapolation;Databases","","18","","","IEEE","7 Aug 2002","Jan. 2002","","IEEE","IEEE Magazines"
